time,x,y,z,vx,vy,vz,ax,ay,az,jx,jy,jz,sx,sy,sz,roll,pitch,yaw,p,q,r
0.000000,-2.938001,-2.797556,-1.442155,-0.003632,-0.001056,-0.001403,0.082820,0.087637,-0.025203,3.770069,4.056258,-0.838418,-38.258784,-16.771378,34.745288,0.008910,-0.008421,0.000000,0.411587,-0.382564,-0.000000
0.010000,-2.938037,-2.797567,-1.442169,-0.002804,-0.000180,-0.001655,0.120521,0.128200,-0.033587,3.387481,3.888544,-0.490966,-152.658941,-111.744247,66.269183,0.013022,-0.012243,0.000000,0.394232,-0.343439,-0.000000
0.020000,-2.938057,-2.797560,-1.442188,-0.001222,0.001508,-0.002075,0.150570,0.165408,-0.035022,0.716890,1.821373,0.486965,-249.692070,-170.561512,67.972324,0.016798,-0.015293,0.000000,0.185742,-0.073546,0.000000
0.030000,-2.938062,-2.797536,-1.442210,0.000208,0.003129,-0.002355,0.134859,0.164628,-0.023848,-1.606360,0.477314,0.868481,-119.161235,-15.256268,-3.607623,0.016738,-0.013713,0.000000,0.050035,0.162086,-0.000000
0.040000,-2.938053,-2.797497,-1.442235,0.001476,0.004801,-0.002552,0.118443,0.174955,-0.017653,-1.666334,1.516247,0.414813,-4.994958,96.989080,-41.189568,0.017799,-0.012051,0.000000,0.155011,0.168996,0.000000
0.050000,-2.938032,-2.797440,-1.442262,0.002576,0.006628,-0.002708,0.101532,0.194952,-0.015551,-1.706259,2.417095,0.044690,-3.086632,83.732216,-33.317312,0.019838,-0.010333,0.000000,0.246017,0.173556,0.000000
0.060000,-2.938001,-2.797364,-1.442289,0.003506,0.008700,-0.002863,0.084318,0.223297,-0.016759,-1.728067,3.190892,-0.251533,-1.366526,71.554253,-26.380546,0.022719,-0.008580,0.000000,0.323988,0.176014,0.000000
0.070000,-2.937962,-2.797266,-1.442319,0.004263,0.011094,-0.003044,0.066971,0.258770,-0.020582,-1.733590,3.848180,-0.482921,0.175380,60.406078,-20.321300,0.026316,-0.006812,0.000000,0.389909,0.176612,0.000000
0.080000,-2.937916,-2.797143,-1.442350,0.004846,0.013875,-0.003274,0.049646,0.300260,-0.026417,-1.724560,4.399013,-0.657959,1.549107,50.238530,-15.081627,0.030515,-0.005047,0.000000,0.444782,0.175575,0.000000
0.090000,-2.937865,-2.796989,-1.442384,0.005256,0.017099,-0.003572,0.032480,0.346751,-0.033741,-1.702608,4.852951,-0.784554,2.764675,41.002516,-10.603545,0.035211,-0.003300,0.000000,0.489601,0.173117,0.000000
0.100000,-2.937811,-2.796801,-1.442422,0.005495,0.020810,-0.003949,0.015594,0.397319,-0.042108,-1.669266,5.219063,-0.870030,3.832100,32.648963,-6.829057,0.040306,-0.001583,0.000000,0.525335,0.169434,0.000000
0.110000,-2.937755,-2.796573,-1.442463,0.005568,0.025045,-0.004414,-0.000906,0.451132,-0.051142,-1.625966,5.505930,-0.921135,4.761407,25.128695,-3.700229,0.045717,0.000092,0.000000,0.552915,0.164705,-0.000000
0.120000,-2.937700,-2.796300,-1.442510,0.005477,0.029833,-0.004972,-0.016926,0.507438,-0.060531,-1.574038,5.721637,-0.944035,5.562606,18.392619,-1.159077,0.051364,0.001715,0.000000,0.573222,0.159094,-0.000000
0.130000,-2.937646,-2.795976,-1.442563,0.005229,0.035194,-0.005625,-0.032386,0.565565,-0.070023,-1.514714,5.873782,-0.944317,6.245720,12.391651,0.852383,0.057181,0.003278,0.000000,0.587084,0.152746,-0.000000
0.140000,-2.937595,-2.795596,-1.442622,0.004829,0.041144,-0.006372,-0.047220,0.624913,-0.079417,-1.449123,5.969470,-0.926987,6.820803,7.076534,2.392044,0.063105,0.004775,0.000000,0.595271,0.145791,-0.000000
0.150000,-2.937549,-2.795153,-1.442690,0.004285,0.047692,-0.007213,-0.061369,0.684954,-0.088562,-1.378298,6.015313,-0.896476,7.297844,2.398240,3.517932,0.069086,0.006200,0.000000,0.598492,0.138345,0.000000
0.160000,-2.937509,-2.794642,-1.442767,0.003602,0.054843,-0.008144,-0.074786,0.745220,-0.097347,-1.303167,6.017435,-0.856629,7.686821,-1.692182,4.288107,0.075075,0.007548,0.000000,0.597396,0.130507,-0.000000
0.170000,-2.937477,-2.794056,-1.442853,0.002789,0.062597,-0.009160,-0.087432,0.805303,-0.105695,-1.224561,5.981469,-0.810714,7.999016,-5.247405,4.769038,0.081034,0.008817,0.000000,0.592573,0.122364,0.000000
0.180000,-2.937453,-2.793390,-1.442950,0.001853,0.070949,-0.010258,-0.099277,0.864849,-0.113561,-1.143186,5.912487,-0.761248,8.265551,-8.375311,5.169204,0.086927,0.010004,0.000000,0.584549,0.113988,-0.000000
0.190000,-2.937440,-2.792637,-1.443058,0.000803,0.079894,-0.011431,-0.110296,0.923552,-0.120920,-1.059250,5.813963,-0.707329,8.489111,-11.104578,5.494600,0.092725,0.011106,0.000000,0.573711,0.105403,-0.000000
0.200000,-2.937437,-2.791792,-1.443179,-0.000353,0.089420,-0.012676,-0.120462,0.981128,-0.127708,-0.973404,5.690395,-0.651356,8.524147,-13.051110,4.692357,0.098402,0.012121,0.000000,0.560515,0.096672,-0.000000
0.210000,-2.937447,-2.790849,-1.443312,-0.001606,0.099516,-0.013985,-0.129764,1.037360,-0.133947,-0.888767,5.552941,-0.613482,8.397360,-14.310459,2.939429,0.103936,0.013049,0.000000,0.545881,0.088080,0.000000
0.220000,-2.937470,-2.789802,-1.443458,-0.002948,0.110167,-0.015355,-0.138237,1.092187,-0.139977,-0.805457,5.404186,-0.592567,8.564943,-16.175548,3.478755,0.109320,0.013892,0.000000,0.530039,0.079630,-0.000000
0.230000,-2.937506,-2.788646,-1.443619,-0.004371,0.121360,-0.016785,-0.145873,1.145444,-0.145798,-0.717468,5.229430,-0.543907,9.046671,-18.745137,6.422885,0.114537,0.014651,0.000000,0.512027,0.070783,-0.000000
0.240000,-2.937557,-2.787375,-1.443794,-0.005865,0.133076,-0.018271,-0.152587,1.196776,-0.150855,-0.624523,5.029284,-0.464110,9.232681,-20.334292,7.408891,0.119561,0.015317,0.000000,0.492033,0.061527,0.000000
0.250000,-2.937623,-2.785984,-1.443984,-0.007422,0.145295,-0.019802,-0.158364,1.246030,-0.155081,-0.532815,4.822744,-0.395729,9.055626,-20.610917,6.053412,0.124378,0.015891,0.000000,0.471464,0.052416,-0.000000
0.260000,-2.937705,-2.784469,-1.444190,-0.009033,0.157997,-0.021373,-0.163243,1.293231,-0.158770,-0.443411,4.617065,-0.343041,8.938022,-20.790617,5.347800,0.128991,0.016374,0.000000,0.450947,0.043540,0.000000
0.270000,-2.937804,-2.782824,-1.444412,-0.010687,0.171160,-0.022978,-0.167232,1.338371,-0.161941,-0.354054,4.406932,-0.288773,8.956980,-21.585613,5.510378,0.133398,0.016769,0.000000,0.430160,0.034699,0.000000
0.280000,-2.937919,-2.781046,-1.444650,-0.012377,0.184764,-0.024611,-0.170324,1.381369,-0.164546,-0.264271,4.185353,-0.232834,8.971353,-22.648836,5.509155,0.137594,0.017074,0.000000,0.408417,0.025842,-0.000000
0.290000,-2.938051,-2.779129,-1.444904,-0.014094,0.198787,-0.026268,-0.172517,1.422078,-0.166598,-0.174627,3.953955,-0.178590,8.919756,-23.164860,5.335800,0.141567,0.017290,0.000000,0.385833,0.017017,-0.000000
0.300000,-2.938201,-2.777070,-1.445175,-0.015828,0.213206,-0.027943,-0.173817,1.460448,-0.168117,-0.085876,3.722056,-0.126118,8.815192,-23.002563,5.151977,0.145311,0.017418,0.000000,0.363313,0.008295,-0.000000
0.310000,-2.938368,-2.774865,-1.445463,-0.017570,0.227996,-0.029631,-0.174235,1.496519,-0.169120,0.001677,3.493904,-0.075551,8.697374,-22.744966,4.930637,0.148833,0.017458,0.000000,0.341261,-0.000297,0.000000
0.320000,-2.938552,-2.772510,-1.445768,-0.019312,0.243136,-0.031326,-0.173783,1.530326,-0.169628,0.088071,3.267156,-0.027505,8.580585,-22.829600,4.634452,0.152137,0.017412,0.000000,0.319425,-0.008768,-0.000000
0.330000,-2.938754,-2.770002,-1.446089,-0.021046,0.258603,-0.033023,-0.172473,1.561862,-0.169671,0.173288,3.037312,0.017138,8.454163,-23.101973,4.278368,0.155222,0.017281,0.000000,0.297339,-0.017121,-0.000000
0.340000,-2.938973,-2.767338,-1.446428,-0.022762,0.274373,-0.034719,-0.170317,1.591073,-0.169286,0.257155,2.805117,0.058062,8.305445,-23.045595,3.917706,0.158084,0.017065,0.000000,0.275060,-0.025342,0.000000
0.350000,-2.939209,-2.764515,-1.446784,-0.024452,0.290424,-0.036409,-0.167330,1.617965,-0.168509,0.339397,2.576400,0.095492,8.134399,-22.568903,3.560052,0.160724,0.016767,0.000000,0.253148,-0.033407,0.000000
0.360000,-2.939462,-2.761529,-1.447156,-0.026108,0.306733,-0.038089,-0.163529,1.642601,-0.167376,0.419843,2.353739,0.129263,7.951728,-22.043116,3.174105,0.163147,0.016389,0.000000,0.231839,-0.041300,0.000000
0.370000,-2.939732,-2.758380,-1.447545,-0.027723,0.323276,-0.039757,-0.158933,1.665039,-0.165924,0.498432,2.135538,0.158975,7.765092,-21.742144,2.757592,0.165361,0.015930,0.000000,0.210958,-0.049019,-0.000000
0.380000,-2.940017,-2.755064,-1.447951,-0.029287,0.340034,-0.041408,-0.153561,1.685311,-0.164196,0.575144,1.918896,0.184415,7.573286,-21.566493,2.327597,0.167367,0.015395,0.000000,0.190207,-0.056563,-0.000000
0.390000,-2.940317,-2.751579,-1.448374,-0.030794,0.356983,-0.043040,-0.147430,1.703417,-0.162236,0.649898,1.704208,0.205526,7.369745,-21.193565,1.892262,0.169165,0.014783,0.000000,0.169613,-0.063926,0.000000
0.400000,-2.940633,-2.747924,-1.448812,-0.032236,0.374102,-0.044653,-0.140563,1.719396,-0.160086,0.722539,1.495025,0.222260,7.151990,-20.568486,1.442880,0.170759,0.014098,0.000000,0.149510,-0.071093,-0.000000
0.410000,-2.940962,-2.744097,-1.449267,-0.033605,0.391371,-0.046242,-0.132980,1.733318,-0.157791,0.792937,1.292838,0.234384,6.926794,-19.922692,0.981387,0.172155,0.013340,0.000000,0.130031,-0.078051,0.000000
0.420000,-2.941305,-2.740097,-1.449737,-0.034895,0.408768,-0.047808,-0.124704,1.745252,-0.155398,0.861075,1.096571,0.241888,6.706067,-19.421617,0.543395,0.173360,0.012513,0.000000,0.111063,-0.084799,0.000000
0.430000,-2.941660,-2.735922,-1.450223,-0.036099,0.426276,-0.049350,-0.115758,1.755249,-0.152953,0.927059,0.904406,0.245252,6.490290,-19.002813,0.136780,0.174377,0.011618,0.000000,0.092429,-0.091345,0.000000
0.440000,-2.942027,-2.731571,-1.450724,-0.037210,0.443873,-0.050867,-0.106163,1.763340,-0.150493,0.990881,0.716515,0.244624,6.266251,-18.472496,-0.280010,0.175208,0.010658,0.000000,0.074143,-0.097689,0.000000
0.450000,-2.942404,-2.727044,-1.451240,-0.038222,0.461542,-0.052360,-0.095941,1.769580,-0.148060,1.052384,0.534956,0.239652,6.028463,-17.798884,-0.727332,0.175859,0.009634,0.000000,0.056395,-0.103814,0.000000
0.460000,-2.942791,-2.722340,-1.451771,-0.039129,0.479265,-0.053829,-0.085115,1.774040,-0.145700,1.111450,0.360537,0.230077,5.788194,-17.121177,-1.169945,0.176336,0.008549,0.000000,0.039254,-0.109706,0.000000
0.470000,-2.943187,-2.717459,-1.452317,-0.039925,0.497023,-0.055274,-0.073712,1.776790,-0.143459,1.168148,0.192532,0.216253,5.563297,-16.537215,-1.546442,0.176644,0.007405,0.000000,0.022654,-0.115370,0.000000
0.480000,-2.943590,-2.712400,-1.452877,-0.040603,0.514801,-0.056698,-0.061752,1.777890,-0.141375,1.222716,0.029793,0.199148,5.352762,-16.009732,-1.860001,0.176789,0.006205,0.000000,0.006498,-0.120827,0.000000
0.490000,-2.943999,-2.707163,-1.453451,-0.041160,0.532581,-0.058102,-0.049257,1.777386,-0.139476,1.275203,-0.127662,0.179053,5.135131,-15.424890,-2.186281,0.176774,0.004951,0.000000,-0.009209,-0.126080,0.000000
0.500000,-2.944413,-2.701748,-1.454039,-0.041589,0.550348,-0.059487,-0.036248,1.775337,-0.137794,1.325419,-0.278705,0.155423,4.902929,-14.763556,-2.551029,0.176605,0.003644,0.000000,-0.024366,-0.131107,0.000000
0.510000,-2.944831,-2.696156,-1.454640,-0.041885,0.568088,-0.060857,-0.022749,1.771812,-0.136367,1.373261,-0.422933,0.128032,4.672625,-14.108037,-2.897435,0.176287,0.002287,0.000000,-0.038936,-0.135897,0.000000
0.520000,-2.945251,-2.690387,-1.455256,-0.042044,0.585785,-0.062215,-0.008783,1.766878,-0.135233,1.418871,-0.560866,0.097474,4.465786,-13.518524,-3.154617,0.175826,0.000883,0.000000,-0.052960,-0.140460,0.000000
0.530000,-2.945671,-2.684440,-1.455885,-0.042060,0.603425,-0.063562,0.005629,1.760595,-0.134418,1.462577,-0.693304,0.064940,4.279393,-12.973671,-3.334450,0.175228,-0.000566,0.000000,-0.066492,-0.144827,-0.000000
0.540000,-2.946092,-2.678318,-1.456527,-0.041931,0.620997,-0.064903,0.020469,1.753012,-0.133934,1.504459,-0.820339,0.030785,4.086654,-12.403478,-3.525843,0.174496,-0.002058,0.000000,-0.079534,-0.149002,-0.000000
0.550000,-2.946510,-2.672020,-1.457183,-0.041651,0.638486,-0.066241,0.035718,1.744188,-0.133802,1.544310,-0.941374,-0.005577,3.879366,-11.794375,-3.754064,0.173637,-0.003592,0.000000,-0.092033,-0.152965,0.000000
0.560000,-2.946925,-2.665548,-1.457852,-0.041217,0.655880,-0.067579,0.051355,1.734185,-0.134046,1.582046,-1.056227,-0.044296,3.677033,-11.197407,-3.955515,0.172656,-0.005164,0.000000,-0.103974,-0.156703,0.000000
0.570000,-2.947334,-2.658903,-1.458534,-0.040624,0.673169,-0.068922,0.067359,1.723063,-0.134688,1.617851,-1.165322,-0.084687,3.501689,-10.655016,-4.064401,0.171558,-0.006773,0.000000,-0.115380,-0.160233,-0.000000
0.580000,-2.947737,-2.652085,-1.459230,-0.039869,0.690342,-0.070273,0.083712,1.710878,-0.135740,1.652080,-1.269327,-0.125584,3.348716,-10.154765,-4.097224,0.170348,-0.008417,0.000000,-0.126296,-0.163589,0.000000
0.590000,-2.948132,-2.645096,-1.459940,-0.038950,0.707387,-0.071636,0.100400,1.697677,-0.137200,1.684825,-1.368417,-0.166632,3.190214,-9.646346,-4.137590,0.169032,-0.010093,0.000000,-0.136729,-0.166779,-0.000000
0.600000,-2.948516,-2.637937,-1.460663,-0.037861,0.724295,-0.073017,0.117408,1.683510,-0.139072,1.715884,-1.462254,-0.208336,3.018521,-9.117620,-4.206037,0.167613,-0.011800,0.000000,-0.146652,-0.169782,-0.000000
0.610000,-2.948889,-2.630610,-1.461400,-0.036601,0.741057,-0.074418,0.134718,1.668432,-0.141366,1.745196,-1.550769,-0.250752,2.853225,-8.605311,-4.244779,0.166099,-0.013537,0.000000,-0.156056,-0.172591,-0.000000
0.620000,-2.949248,-2.623116,-1.462151,-0.035167,0.757664,-0.075844,0.152312,1.652495,-0.144087,1.772949,-1.634360,-0.293232,2.713779,-8.145198,-4.203204,0.164492,-0.015300,0.000000,-0.164966,-0.175223,0.000000
0.630000,-2.949592,-2.615457,-1.462917,-0.033555,0.774107,-0.077300,0.170177,1.635745,-0.147231,1.799471,-1.713673,-0.334817,2.594824,-7.728656,-4.098444,0.162799,-0.017089,0.000000,-0.173428,-0.177711,0.000000
0.640000,-2.949919,-2.607634,-1.463697,-0.031764,0.790379,-0.078789,0.188302,1.618221,-0.150784,1.824845,-1.788933,-0.375201,2.471285,-7.311859,-3.995738,0.161024,-0.018902,0.000000,-0.181457,-0.180066,0.000000
0.650000,-2.950228,-2.599649,-1.464493,-0.029789,0.806471,-0.080315,0.206674,1.599966,-0.154735,1.848897,-1.859910,-0.414731,2.336885,-6.882708,-3.908813,0.159170,-0.020738,0.000000,-0.189034,-0.182268,0.000000
0.660000,-2.950515,-2.591505,-1.465304,-0.027630,0.822378,-0.081883,0.225280,1.581023,-0.159078,1.871583,-1.926588,-0.453377,2.208658,-6.472680,-3.794232,0.157243,-0.022594,0.000000,-0.196155,-0.184313,0.000000
0.670000,-2.950780,-2.583202,-1.466130,-0.025284,0.838092,-0.083497,0.244106,1.561434,-0.163803,1.893070,-1.989364,-0.490616,2.101496,-6.114912,-3.620912,0.155247,-0.024470,0.000000,-0.202851,-0.186221,0.000000
0.680000,-2.951021,-2.574743,-1.466974,-0.022748,0.853607,-0.085159,0.263141,1.541236,-0.168891,1.913613,-2.048886,-0.525795,2.010107,-5.801690,-3.403472,0.153186,-0.026364,0.000000,-0.209174,-0.188017,0.000000
0.690000,-2.951235,-2.566130,-1.467834,-0.020021,0.868916,-0.086875,0.282378,1.520456,-0.174319,1.933272,-2.105398,-0.558685,1.914933,-5.491089,-3.182910,0.151064,-0.028275,0.000000,-0.215145,-0.189709,0.000000
0.700000,-2.951421,-2.557364,-1.468711,-0.017100,0.884016,-0.088646,0.301806,1.499128,-0.180064,1.951912,-2.158708,-0.589453,1.811653,-5.171220,-2.965755,0.148884,-0.030201,0.000000,-0.220747,-0.191286,0.000000
0.710000,-2.951577,-2.548449,-1.469607,-0.013985,0.898899,-0.090476,0.321416,1.477282,-0.186108,1.969505,-2.208822,-0.618001,1.712969,-4.871387,-2.726330,0.146649,-0.032143,0.000000,-0.225981,-0.192747,0.000000
0.720000,-2.951701,-2.539386,-1.470521,-0.010672,0.913561,-0.092368,0.341197,1.454951,-0.192424,1.986171,-2.256135,-0.643980,1.628198,-4.621929,-2.452909,0.144364,-0.034098,0.000000,-0.230881,-0.194104,0.000000
0.730000,-2.951791,-2.530178,-1.471454,-0.007161,0.927998,-0.094324,0.361139,1.432160,-0.198987,2.002069,-2.301261,-0.667059,1.552902,-4.414906,-2.155837,0.142031,-0.036066,0.000000,-0.235503,-0.195378,0.000000
0.740000,-2.951844,-2.520826,-1.472407,-0.003449,0.942205,-0.096348,0.381238,1.408926,-0.205766,2.017229,-2.344433,-0.687097,1.474319,-4.210943,-1.851852,0.139654,-0.038045,0.000000,-0.239871,-0.196574,0.000000
0.750000,-2.951860,-2.511334,-1.473381,0.000464,0.956177,-0.098440,0.401484,1.385271,-0.212729,2.031556,-2.385480,-0.704096,1.390072,-3.999313,-1.541435,0.137234,-0.040036,0.000000,-0.243969,-0.197684,0.000000
0.760000,-2.951835,-2.501703,-1.474376,0.004580,0.969910,-0.100602,0.421869,1.361216,-0.219847,2.045031,-2.424420,-0.717925,1.307942,-3.806660,-1.215994,0.134775,-0.042037,0.000000,-0.247800,-0.198711,-0.000000
0.770000,-2.951768,-2.491936,-1.475393,0.008901,0.983401,-0.102837,0.442385,1.336783,-0.227088,2.057714,-2.461613,-0.728416,1.231748,-3.658495,-0.879297,0.132278,-0.044046,0.000000,-0.251400,-0.199662,0.000000
0.780000,-2.951657,-2.482035,-1.476433,0.013428,0.996646,-0.105144,0.463023,1.311984,-0.234416,2.069666,-2.497590,-0.735511,1.158097,-3.546752,-0.536889,0.129747,-0.046065,0.000000,-0.254823,-0.200546,0.000000
0.790000,-2.951499,-2.472003,-1.477496,0.018162,1.009641,-0.107525,0.483778,1.286831,-0.241798,2.080876,-2.532548,-0.739153,1.081189,-3.437462,-0.185920,0.127182,-0.048091,0.000000,-0.258091,-0.201366,0.000000
0.800000,-2.951294,-2.461842,-1.478583,0.023104,1.022382,-0.109980,0.504641,1.261333,-0.249199,2.091289,-2.566339,-0.739230,1.000603,-3.322011,0.177156,0.124585,-0.050125,0.000000,-0.261190,-0.202120,-0.000000
0.810000,-2.951037,-2.451555,-1.479695,0.028255,1.034867,-0.112509,0.525604,1.235504,-0.256582,2.100888,-2.598988,-0.735610,0.919116,-3.222542,0.547608,0.121958,-0.052165,0.000000,-0.264125,-0.202809,-0.000000
0.820000,-2.950729,-2.441145,-1.480833,0.033616,1.047092,-0.115112,0.546659,1.209353,-0.263911,2.109672,-2.630790,-0.728277,0.835687,-3.157693,0.911929,0.119302,-0.054212,0.000000,-0.266928,-0.203437,0.000000
0.830000,-2.950365,-2.430613,-1.481998,0.039188,1.059054,-0.117787,0.567797,1.182888,-0.271148,2.117602,-2.662142,-0.717372,0.748319,-3.119845,1.268790,0.116619,-0.056263,0.000000,-0.269644,-0.204001,0.000000
0.840000,-2.949945,-2.419964,-1.483189,0.044972,1.070750,-0.120535,0.589011,1.156111,-0.278258,2.124638,-2.693187,-0.702902,0.657327,-3.083350,1.633554,0.113910,-0.058320,0.000000,-0.272291,-0.204501,0.000000
0.850000,-2.949466,-2.409198,-1.484408,0.050968,1.082177,-0.123352,0.610290,1.129024,-0.285206,2.130749,-2.723809,-0.684701,0.563840,-3.042299,2.011538,0.111174,-0.060380,0.000000,-0.274858,-0.204939,0.000000
0.860000,-2.948925,-2.398320,-1.485656,0.057177,1.093331,-0.126239,0.631626,1.101634,-0.291952,2.135915,-2.754033,-0.662671,0.466443,-3.012458,2.389790,0.108412,-0.062444,0.000000,-0.277352,-0.205314,0.000000
0.870000,-2.948322,-2.387332,-1.486933,0.063601,1.104209,-0.129191,0.653008,1.073944,-0.298459,2.140078,-2.784058,-0.636905,0.360146,-3.004765,2.751213,0.105627,-0.064511,0.000000,-0.279797,-0.205626,0.000000
0.880000,-2.947653,-2.376236,-1.488240,0.070238,1.114809,-0.132208,0.674427,1.045953,-0.304691,2.143118,-2.814128,-0.607647,0.244223,-3.012817,3.097622,0.102816,-0.066579,0.000000,-0.282223,-0.205863,0.000000
0.890000,-2.946917,-2.365035,-1.489577,0.077089,1.125128,-0.135285,0.695871,1.017661,-0.310612,2.144962,-2.844315,-0.574952,0.124132,-3.020469,3.449060,0.099982,-0.068650,0.000000,-0.284642,-0.206021,0.000000
0.900000,-2.946112,-2.353733,-1.490946,0.084155,1.135163,-0.138420,0.717326,0.989067,-0.316190,2.145600,-2.874537,-0.538665,0.001985,-3.024875,3.810170,0.097123,-0.070721,0.000000,-0.287049,-0.206103,0.000000
0.910000,-2.945234,-2.342332,-1.492346,0.091436,1.144910,-0.141609,0.738783,0.960170,-0.321386,2.145002,-2.904812,-0.498749,-0.126987,-3.034834,4.165416,0.094241,-0.072791,0.000000,-0.289449,-0.206109,0.000000
0.920000,-2.944283,-2.330835,-1.493778,0.098931,1.154366,-0.144848,0.760226,0.930971,-0.326165,2.143061,-2.935234,-0.455357,-0.269946,-3.052995,4.500596,0.091334,-0.074861,0.000000,-0.291857,-0.206032,0.000000
0.930000,-2.943256,-2.319245,-1.495243,0.106640,1.163529,-0.148132,0.781644,0.901466,-0.330493,2.139603,-2.965872,-0.408737,-0.426592,-3.074606,4.819053,0.088404,-0.076929,0.000000,-0.294286,-0.205854,-0.000000
0.940000,-2.942150,-2.307565,-1.496740,0.114564,1.172395,-0.151458,0.803018,0.871653,-0.334339,2.134529,-2.996726,-0.358976,-0.588528,-3.093984,5.136985,0.085449,-0.078995,0.000000,-0.296740,-0.205569,-0.000000
0.950000,-2.940964,-2.295797,-1.498272,0.122701,1.180962,-0.154819,0.824334,0.841531,-0.337672,2.127832,-3.027752,-0.305997,-0.752437,-3.111067,5.457282,0.082469,-0.081056,0.000000,-0.299220,-0.205179,0.000000
0.960000,-2.939696,-2.283945,-1.499837,0.131050,1.189226,-0.158211,0.845575,0.811098,-0.340459,2.119480,-3.058947,-0.249830,-0.924964,-3.127338,5.767567,0.079464,-0.083112,0.000000,-0.301729,-0.204683,0.000000
0.970000,-2.938343,-2.272012,-1.501436,0.139612,1.197184,-0.161628,0.866724,0.780352,-0.342669,2.109333,-3.090298,-0.190646,-1.116141,-3.138371,6.058235,0.076434,-0.085163,0.000000,-0.304271,-0.204069,0.000000
0.980000,-2.936904,-2.260002,-1.503069,0.148385,1.204833,-0.165065,0.887762,0.749292,-0.344272,2.097157,-3.121715,-0.128666,-1.325101,-3.141415,6.332194,0.073378,-0.087206,0.000000,-0.306844,-0.203315,0.000000
0.990000,-2.935376,-2.247916,-1.504737,0.157367,1.212170,-0.168514,0.908667,0.717918,-0.345242,2.082831,-3.153127,-0.064002,-1.539355,-3.139878,6.599968,0.070297,-0.089240,0.000000,-0.309445,-0.202409,0.000000
1.000000,-2.933757,-2.235758,-1.506440,0.166558,1.219191,-0.171969,0.929418,0.686230,-0.345552,2.066370,-3.184512,0.003334,-1.754067,-3.136022,6.862431,0.067189,-0.091264,0.000000,-0.312076,-0.201356,0.000000
1.010000,-2.932045,-2.223532,-1.508177,0.175956,1.225895,-0.175425,0.949995,0.654228,-0.345176,2.047750,-3.215847,0.073247,-1.978470,-3.125162,7.111441,0.064055,-0.093276,0.000000,-0.314740,-0.200154,-0.000000
1.020000,-2.930237,-2.211240,-1.509948,0.185558,1.232276,-0.178873,0.970373,0.621913,-0.344087,2.026801,-3.247016,0.145563,-2.225828,-3.097261,7.342886,0.060894,-0.095275,0.000000,-0.317430,-0.198786,0.000000
1.030000,-2.928333,-2.198886,-1.511754,0.195363,1.238333,-0.182307,0.990531,0.589287,-0.342264,2.003233,-3.277792,0.220104,-2.494359,-3.051340,7.558909,0.057706,-0.097260,0.000000,-0.320130,-0.197225,0.000000
1.040000,-2.926330,-2.186474,-1.513594,0.205369,1.244062,-0.185718,1.010438,0.556357,-0.339685,1.976914,-3.308042,0.296741,-2.766921,-2.998238,7.763030,0.054492,-0.099227,0.000000,-0.322830,-0.195456,0.000000
1.050000,-2.924226,-2.174005,-1.515469,0.215572,1.249460,-0.189100,1.030069,0.523127,-0.336330,1.947895,-3.337757,0.375365,-3.037667,-2.942616,7.953040,0.051250,-0.101175,0.000000,-0.325535,-0.193485,0.000000
1.060000,-2.922019,-2.161484,-1.517376,0.225970,1.254524,-0.192445,1.049396,0.489602,-0.332178,1.916160,-3.366895,0.455801,-3.318697,-2.874877,8.125834,0.047981,-0.103102,0.000000,-0.328244,-0.191309,0.000000
1.070000,-2.919707,-2.148915,-1.519317,0.236560,1.259252,-0.195744,1.068392,0.455789,-0.327213,1.881521,-3.395255,0.537882,-3.624739,-2.779320,8.285486,0.044685,-0.105005,0.000000,-0.330942,-0.188908,0.000000
1.080000,-2.917288,-2.136299,-1.521291,0.247338,1.263640,-0.198989,1.087026,0.421697,-0.321420,1.843665,-3.422481,0.621511,-3.952863,-2.656473,8.432867,0.041362,-0.106884,0.000000,-0.333598,-0.186252,0.000000
1.090000,-2.914760,-2.123642,-1.523297,0.258300,1.267686,-0.202172,1.105265,0.387339,-0.314783,1.802463,-3.448384,0.706539,-4.283694,-2.524979,8.560660,0.038012,-0.108734,0.000000,-0.336199,-0.183324,0.000000
1.100000,-2.912122,-2.110946,-1.525335,0.269443,1.271387,-0.205285,1.123076,0.352729,-0.307290,1.757992,-3.472981,0.792724,-4.610103,-2.391805,8.664691,0.034637,-0.110553,0.000000,-0.338748,-0.180130,0.000000
1.110000,-2.909371,-2.098214,-1.527403,0.280762,1.274740,-0.208318,1.140425,0.317880,-0.298929,1.710261,-3.496220,0.879833,-4.945297,-2.242350,8.749172,0.031237,-0.112339,0.000000,-0.341245,-0.176666,0.000000
1.120000,-2.906506,-2.085451,-1.529501,0.292252,1.277744,-0.211263,1.157281,0.282805,-0.289693,1.659086,-3.517828,0.967708,-5.306959,-2.056089,8.821938,0.027812,-0.114088,0.000000,-0.343666,-0.172912,0.000000
1.130000,-2.903526,-2.072659,-1.531628,0.303907,1.280397,-0.214112,1.173607,0.247523,-0.279575,1.604122,-3.537342,1.056271,-5.691821,-1.835249,8.881225,0.024363,-0.115798,0.000000,-0.345968,-0.168830,0.000000
1.140000,-2.900428,-2.059843,-1.533783,0.315724,1.282695,-0.216855,1.189363,0.212058,-0.268567,1.545249,-3.554533,1.145332,-6.075825,-1.605317,8.915037,0.020892,-0.117466,0.000000,-0.348131,-0.164405,0.000000
1.150000,-2.897211,-2.047005,-1.535965,0.327695,1.284638,-0.219483,1.204512,0.176432,-0.256668,1.482606,-3.569448,1.234572,-6.449845,-1.375454,8.919585,0.017400,-0.119087,0.000000,-0.350162,-0.159643,0.000000
1.160000,-2.893874,-2.034150,-1.538173,0.339814,1.286224,-0.221988,1.219015,0.140669,-0.243876,1.416252,-3.582042,1.323724,-6.829958,-1.126865,8.901898,0.013889,-0.120659,0.000000,-0.352058,-0.154543,0.000000
1.170000,-2.890415,-2.021281,-1.540405,0.352075,1.287451,-0.224361,1.232837,0.104791,-0.230193,1.346007,-3.591986,1.412610,-7.237482,-0.834565,8.868280,0.010359,-0.122179,0.000000,-0.353788,-0.149082,0.000000
1.180000,-2.886833,-2.008401,-1.542660,0.364471,1.288319,-0.226592,1.245936,0.068829,-0.215624,1.271503,-3.598733,1.501090,-7.667941,-0.502327,8.815534,0.006813,-0.123641,0.000000,-0.355298,-0.143217,-0.000000
1.190000,-2.883126,-1.995515,-1.544937,0.376994,1.288828,-0.228673,1.258267,0.032817,-0.200172,1.192648,-3.602032,1.588921,-8.091888,-0.162254,8.733814,0.003253,-0.125043,0.000000,-0.356564,-0.136932,0.000000
1.200000,-2.879293,-1.982625,-1.547234,0.389636,1.288976,-0.230595,1.269789,-0.003211,-0.183845,1.109665,-3.601978,1.675766,-8.498661,0.174245,8.621423,-0.000319,-0.126380,0.000000,-0.357593,-0.130237,-0.000000
1.210000,-2.875333,-1.969735,-1.549549,0.402390,1.288763,-0.232350,1.280460,-0.039223,-0.166656,1.022675,-3.598547,1.761349,-8.907405,0.529909,8.483528,-0.003899,-0.127648,0.000000,-0.358383,-0.123136,0.000000
1.220000,-2.871245,-1.956849,-1.551881,0.415245,1.288191,-0.233929,1.290242,-0.075182,-0.148618,0.931517,-3.591380,1.845437,-9.341923,0.934032,8.320734,-0.007487,-0.128843,0.000000,-0.358896,-0.115604,0.000000
1.230000,-2.867028,-1.943971,-1.554227,0.428194,1.287260,-0.235323,1.299091,-0.111050,-0.129748,0.835836,-3.579867,1.927764,-9.796304,1.381219,8.129574,-0.011078,-0.129960,0.000000,-0.359068,-0.107594,0.000000
1.240000,-2.862681,-1.931104,-1.556587,0.441227,1.285970,-0.236524,1.306959,-0.146780,-0.110063,0.735591,-3.563756,2.008028,-10.237136,1.832777,7.907881,-0.014668,-0.130995,0.000000,-0.358870,-0.099090,0.000000
1.250000,-2.858204,-1.918252,-1.558958,0.454334,1.284324,-0.237524,1.313802,-0.182325,-0.089587,0.631093,-3.543211,2.085922,-10.653103,2.275374,7.658997,-0.018255,-0.131942,0.000000,-0.358313,-0.090111,0.000000
1.260000,-2.853595,-1.905418,-1.561338,0.467503,1.282324,-0.238315,1.319581,-0.217644,-0.068345,0.522529,-3.518248,2.161208,-11.065362,2.735470,7.382502,-0.021835,-0.132797,0.000000,-0.357394,-0.080663,0.000000
1.270000,-2.848854,-1.892605,-1.563724,0.480725,1.279971,-0.238891,1.324253,-0.252690,-0.046363,0.409786,-3.488502,2.233572,-11.497885,3.245335,7.065827,-0.025404,-0.133555,0.000000,-0.356069,-0.070722,0.000000
1.280000,-2.843980,-1.879818,-1.566115,0.493988,1.277270,-0.239243,1.327776,-0.287414,-0.023673,0.292571,-3.453341,2.302524,-11.943568,3.797825,6.706379,-0.028957,-0.134212,0.000000,-0.354266,-0.060243,-0.000000
1.290000,-2.838974,-1.867060,-1.568509,0.507281,1.274223,-0.239364,1.330104,-0.321757,-0.000312,0.170915,-3.412545,2.367699,-12.367956,4.349391,6.319864,-0.032489,-0.134761,0.000000,-0.351954,-0.049213,0.000000
1.300000,-2.833834,-1.854334,-1.570903,0.520590,1.270835,-0.239249,1.331195,-0.355665,0.023681,0.045212,-3.366354,2.428922,-12.759316,4.885507,5.915893,-0.035996,-0.135196,0.000000,-0.349147,-0.037659,0.000000
1.310000,-2.828562,-1.841643,-1.573294,0.533905,1.267110,-0.238891,1.331009,-0.389084,0.048266,-0.084272,-3.314835,2.486017,-13.138839,5.435046,5.481885,-0.039472,-0.135514,0.000000,-0.345841,-0.025595,0.000000
1.320000,-2.823156,-1.828992,-1.575680,0.547210,1.263053,-0.238284,1.329509,-0.421962,0.073401,-0.217565,-3.257653,2.538559,-13.530218,6.031322,4.990844,-0.042913,-0.135708,0.000000,-0.341990,-0.013001,-0.000000
1.330000,-2.817618,-1.816382,-1.578060,0.560495,1.258671,-0.237423,1.326657,-0.454237,0.099037,-0.354876,-3.194209,2.585834,-13.925203,6.665687,4.443305,-0.046312,-0.135774,0.000000,-0.337518,0.000163,0.000000
1.340000,-2.811946,-1.803818,-1.580429,0.573744,1.253968,-0.236303,1.322412,-0.485846,0.125118,-0.496069,-3.124339,2.627426,-14.288960,7.292163,3.874607,-0.049663,-0.135705,0.000000,-0.332391,0.013901,0.000000
1.350000,-2.806143,-1.791303,-1.582786,0.586943,1.248954,-0.234920,1.316736,-0.516724,0.151586,-0.640655,-3.048365,2.663326,-14.613713,7.895572,3.302611,-0.052960,-0.135495,0.000000,-0.326628,0.028174,0.000000
1.360000,-2.800208,-1.778839,-1.585127,0.600078,1.243634,-0.233271,1.309599,-0.546813,0.178384,-0.788343,-2.966428,2.693478,-14.919904,8.505475,2.701665,-0.056196,-0.135140,0.000000,-0.320228,0.042962,-0.000000
1.370000,-2.794141,-1.766430,-1.587451,0.613135,1.238017,-0.231352,1.300969,-0.576053,0.205455,-0.939053,-2.878256,2.717359,-15.218264,9.154947,2.024997,-0.059365,-0.134634,0.000000,-0.313144,0.058275,0.000000
1.380000,-2.787945,-1.754079,-1.589754,0.626098,1.232113,-0.229162,1.290818,-0.604378,0.232731,-1.092709,-2.783329,2.733978,-15.499341,9.833792,1.276486,-0.062459,-0.133972,0.000000,-0.305299,0.074125,0.000000
1.390000,-2.781619,-1.741788,-1.592034,0.638951,1.225930,-0.226698,1.279115,-0.631719,0.260135,-1.249040,-2.681580,2.742889,-15.745479,10.495301,0.519042,-0.065470,-0.133148,0.000000,-0.296665,0.090500,-0.000000
1.400000,-2.775166,-1.729560,-1.594288,0.651680,1.219478,-0.223959,1.265837,-0.658010,0.287589,-1.407618,-2.573423,2.744359,-15.954062,11.128131,-0.218210,-0.068392,-0.132158,0.000000,-0.287266,0.107357,0.000000
1.410000,-2.768586,-1.717398,-1.596514,0.664268,1.212770,-0.220946,1.250963,-0.683188,0.315022,-1.568121,-2.459017,2.738525,-16.133151,11.761067,-0.978998,-0.071215,-0.130995,0.000000,-0.277101,0.124667,0.000000
1.420000,-2.761881,-1.705305,-1.598707,0.676699,1.205815,-0.217659,1.234474,-0.707190,0.342360,-1.730281,-2.338201,2.724779,-16.281479,12.414063,-1.835830,-0.073934,-0.129657,0.000000,-0.266131,0.142414,-0.000000
1.430000,-2.755052,-1.693282,-1.600867,0.688958,1.198626,-0.214099,1.216357,-0.729952,0.369518,-1.893751,-2.210736,2.701808,-16.392517,13.075365,-2.778838,-0.076538,-0.128139,0.000000,-0.254300,0.160579,0.000000
1.440000,-2.748101,-1.681332,-1.602989,0.701026,1.191216,-0.210268,1.196599,-0.751405,0.396396,-2.058131,-2.076694,2.669202,-16.463844,13.715331,-3.709164,-0.079019,-0.126436,0.000000,-0.241591,0.179127,-0.000000
1.450000,-2.741031,-1.669458,-1.605072,0.712889,1.183598,-0.206171,1.175194,-0.771486,0.422902,-2.223028,-1.936429,2.627625,-16.499261,14.328937,-4.590410,-0.081369,-0.124545,0.000000,-0.228027,0.198003,0.000000
1.460000,-2.733844,-1.657660,-1.607113,0.724530,1.175786,-0.201810,1.152139,-0.790133,0.448948,-2.388117,-1.790115,2.577394,-16.496128,14.932356,-5.488910,-0.083579,-0.122462,0.000000,-0.213612,0.217163,-0.000000
1.470000,-2.726541,-1.645942,-1.609108,0.735932,1.167795,-0.197192,1.127432,-0.807288,0.474449,-2.552950,-1.637782,2.517847,-16.436181,15.529653,-6.488735,-0.085641,-0.120186,0.000000,-0.198324,0.236561,0.000000
1.480000,-2.719125,-1.634304,-1.611056,0.747079,1.159640,-0.192321,1.101080,-0.822889,0.499305,-2.716840,-1.479522,2.447619,-16.314761,16.111764,-7.570909,-0.087545,-0.117713,0.000000,-0.182145,0.256129,0.000000
1.490000,-2.711599,-1.622749,-1.612955,0.757954,1.151337,-0.187206,1.073095,-0.836878,0.523402,-2.879246,-1.315547,2.366429,-16.152386,16.669342,-8.619930,-0.089283,-0.115043,0.000000,-0.165078,0.275797,0.000000
1.500000,-2.703966,-1.611278,-1.614801,0.768541,1.142903,-0.181853,1.043495,-0.849200,0.546634,-3.039888,-1.146135,2.275220,-15.964439,17.204147,-9.597958,-0.090846,-0.112175,0.000000,-0.147149,0.295506,0.000000
1.510000,-2.696228,-1.599891,-1.616592,0.778824,1.134353,-0.176273,1.012297,-0.859801,0.568906,-3.198534,-0.971464,2.174470,-15.732430,17.718030,-10.580072,-0.092225,-0.109108,0.000000,-0.128371,0.315201,0.000000
1.520000,-2.688389,-1.588591,-1.618326,0.788787,1.125707,-0.170475,0.979524,-0.868629,0.590123,-3.354537,-0.791775,2.063619,-15.408897,18.197569,-11.649320,-0.093413,-0.105843,0.000000,-0.108758,0.334797,0.000000
1.530000,-2.680453,-1.577377,-1.620001,0.798414,1.116981,-0.164471,0.945207,-0.875637,0.610179,-3.506712,-0.607513,1.941483,-14.993185,18.636798,-12.781270,-0.094400,-0.102383,0.000000,-0.088339,0.354151,0.000000
1.540000,-2.672421,-1.566251,-1.621615,0.807691,1.108194,-0.158272,0.909390,-0.880780,0.628953,-3.654400,-0.419039,1.807994,-14.545879,19.049527,-13.859536,-0.095179,-0.098729,0.000000,-0.067152,0.373157,-0.000000
1.550000,-2.664299,-1.555213,-1.623167,0.816602,1.099365,-0.151892,0.872119,-0.884017,0.646338,-3.797630,-0.226522,1.664292,-14.092987,19.447951,-14.849763,-0.095742,-0.094886,0.000000,-0.045230,0.391771,0.000000
1.560000,-2.656089,-1.544264,-1.624653,0.825133,1.090513,-0.145345,0.833437,-0.885310,0.662239,-3.936260,-0.030080,1.510998,-13.589497,19.817842,-15.824895,-0.096083,-0.090857,0.000000,-0.022601,0.409931,0.000000
1.570000,-2.647796,-1.533403,-1.626074,0.833271,1.081659,-0.138647,0.793393,-0.884619,0.676558,-4.069420,0.169835,1.347794,-12.966337,20.119389,-16.853869,-0.096194,-0.086649,0.000000,0.000680,0.427506,0.000000
1.580000,-2.639424,-1.522631,-1.627426,0.841001,1.072821,-0.131814,0.752049,-0.881913,0.689195,-4.195587,0.372308,1.173921,-12.231677,20.350834,-17.908972,-0.096069,-0.082268,0.000000,0.024504,0.444296,0.000000
1.590000,-2.630976,-1.511946,-1.628710,0.848312,1.064021,-0.124863,0.709482,-0.877173,0.700037,-4.314053,0.576851,0.989615,-11.475564,20.561794,-18.890561,-0.095703,-0.077723,0.000000,0.048796,0.460174,-0.000000
1.600000,-2.622457,-1.501350,-1.629923,0.855191,1.055278,-0.117813,0.665768,-0.870376,0.708987,-4.425098,0.783544,0.796110,-10.731875,20.773960,-19.777459,-0.095093,-0.073023,0.000000,0.073522,0.475111,0.000000
1.610000,-2.613872,-1.490841,-1.631066,0.861627,1.046613,-0.110683,0.620980,-0.861502,0.715959,-4.528691,0.992330,0.594066,-9.937227,20.949396,-20.628191,-0.094233,-0.068178,0.000000,0.098640,0.489054,0.000000
1.620000,-2.605225,-1.480418,-1.632137,0.867610,1.038048,-0.103494,0.575194,-0.850530,0.720868,-4.623843,1.202532,0.383546,-9.006324,21.028357,-21.472806,-0.093120,-0.063199,0.000000,0.124039,0.501849,0.000000
1.630000,-2.596520,-1.470080,-1.633136,0.873131,1.029602,-0.096266,0.528503,-0.837451,0.723630,-4.708817,1.412898,0.164610,-7.954561,21.017104,-22.283266,-0.091752,-0.058099,0.000000,0.149543,0.513263,0.000000
1.640000,-2.587762,-1.459826,-1.634062,0.878180,1.021299,-0.089021,0.481018,-0.822272,0.724161,-4.782934,1.622874,-0.062119,-6.895398,20.992315,-23.010642,-0.090129,-0.052892,0.000000,0.175041,0.523174,0.000000
1.650000,-2.578956,-1.449654,-1.634916,0.882751,1.013157,-0.081783,0.432844,-0.804994,0.722388,-4.846725,1.832744,-0.295603,-5.865993,20.980827,-23.656666,-0.088251,-0.047594,0.000000,0.200506,0.531595,0.000000
1.660000,-2.570107,-1.439563,-1.635698,0.886837,1.005199,-0.074573,0.384083,-0.785617,0.718248,-4.900254,2.042490,-0.535253,-4.789436,20.927844,-24.242920,-0.086119,-0.042220,0.000000,0.225881,0.538497,-0.000000
1.670000,-2.561220,-1.429550,-1.636408,0.890433,0.997445,-0.067418,0.334839,-0.764144,0.711683,-4.942514,2.251301,-0.780462,-3.578345,20.764667,-24.740088,-0.083734,-0.036786,0.000000,0.251020,0.543740,0.000000
1.680000,-2.552299,-1.419614,-1.637046,0.893534,0.989916,-0.060340,0.285233,-0.740591,0.702639,-4.971821,2.457784,-1.030055,-2.255315,20.504732,-25.127162,-0.081100,-0.031309,0.000000,0.275710,0.547112,0.000000
1.690000,-2.543349,-1.409752,-1.637615,0.896138,0.982633,-0.053365,0.235403,-0.714988,0.691081,-4.987620,2.661395,-1.283005,-0.938409,20.237694,-25.433945,-0.078221,-0.025809,0.000000,0.299830,0.548536,0.000000
1.700000,-2.534376,-1.399961,-1.638114,0.898242,0.975616,-0.046518,0.185480,-0.687363,0.676979,-4.990589,2.862538,-1.538733,0.339562,19.989322,-25.692189,-0.075104,-0.020306,0.000000,0.323369,0.548079,0.000000
1.710000,-2.525384,-1.390239,-1.638545,0.899847,0.968886,-0.039825,0.135591,-0.657738,0.660307,-4.980829,3.061182,-1.796849,1.655656,19.698153,-25.868883,-0.071755,-0.014818,0.000000,0.346274,0.545753,0.000000
1.720000,-2.516379,-1.380583,-1.638910,0.900954,0.962461,-0.033312,0.085864,-0.626139,0.641042,-4.957476,3.256501,-2.056111,3.080592,19.302847,-25.861032,-0.068180,-0.009364,0.000000,0.368398,0.541472,0.000000
1.730000,-2.507365,-1.370990,-1.639211,0.901565,0.956363,-0.027004,0.036441,-0.592608,0.619185,-4.919217,3.447239,-2.314069,4.587977,18.822170,-25.661248,-0.064389,-0.003965,0.000000,0.389549,0.535111,0.000000
1.740000,-2.498348,-1.361456,-1.639450,0.901683,0.950609,-0.020928,-0.012520,-0.557195,0.594761,-4.865716,3.632944,-2.569336,6.079998,18.337122,-25.398612,-0.060391,0.001359,0.000000,0.409636,0.526666,-0.000000
1.750000,-2.489331,-1.351978,-1.639630,0.901314,0.945219,-0.015109,-0.060873,-0.519949,0.567798,-4.797617,3.813981,-2.822041,7.534857,17.863333,-25.139678,-0.056198,0.006586,0.000000,0.428674,0.516249,0.000000
1.760000,-2.480321,-1.342552,-1.639753,0.900465,0.940210,-0.009572,-0.108473,-0.480915,0.538320,-4.715019,3.990211,-3.072130,9.012990,17.347794,-24.784854,-0.051819,0.011699,0.000000,0.446626,0.503917,0.000000
1.770000,-2.471322,-1.333174,-1.639821,0.899145,0.935601,-0.004343,-0.155173,-0.440144,0.506355,-4.617357,4.160937,-3.317738,10.553433,16.759358,-24.150036,-0.047267,0.016677,0.000000,0.463393,0.489664,-0.000000
1.780000,-2.462338,-1.323840,-1.639839,0.897362,0.931407,0.000555,-0.200820,-0.397696,0.471965,-4.503950,4.325398,-3.555130,12.131527,16.118823,-23.247905,-0.042553,0.021502,0.000000,0.478871,0.473487,-0.000000
1.790000,-2.453375,-1.314546,-1.639810,0.895128,0.927647,0.005096,-0.245252,-0.353636,0.435253,-4.374727,4.483314,-3.782697,13.689709,15.467450,-22.318478,-0.037691,0.026155,0.000000,0.493034,0.455459,0.000000
1.800000,-2.444436,-1.305287,-1.639737,0.892457,0.924335,0.009260,-0.288314,-0.308030,0.396311,-4.230156,4.634747,-4.001500,15.219786,14.797800,-21.457950,-0.032694,0.030618,0.000000,0.505908,0.435702,0.000000
1.810000,-2.435526,-1.296059,-1.639625,0.889362,0.921486,0.013023,-0.329855,-0.260942,0.355223,-4.070331,4.779270,-4.211856,16.752838,14.086398,-20.495089,-0.027575,0.034874,0.000000,0.517472,0.414302,0.000000
1.820000,-2.426649,-1.286857,-1.639477,0.885860,0.919116,0.016364,-0.369721,-0.212445,0.312074,-3.895099,4.916475,-4.411402,18.292549,13.363132,-19.185126,-0.022347,0.038907,0.000000,0.527703,0.391329,0.000000
1.830000,-2.417808,-1.277677,-1.639298,0.881968,0.917237,0.019264,-0.407757,-0.162612,0.266995,-3.704480,5.046532,-4.595558,19.821425,12.644060,-17.567396,-0.017023,0.042702,0.000000,0.536648,0.366888,0.000000
1.840000,-2.409009,-1.268512,-1.639092,0.877705,0.915864,0.021704,-0.443811,-0.111514,0.220163,-3.498671,5.169356,-4.762750,21.327046,11.888690,-15.966359,-0.011615,0.046246,0.000000,0.544348,0.341093,-0.000000
1.850000,-2.400254,-1.259359,-1.638864,0.873091,0.915007,0.023667,-0.477731,-0.059225,0.171740,-3.277939,5.284306,-4.914885,22.811828,11.060813,-14.488415,-0.006137,0.049526,0.000000,0.550796,0.314044,0.000000
1.860000,-2.391547,-1.250212,-1.638618,0.868150,0.914679,0.025139,-0.509370,-0.005828,0.121865,-3.042434,5.390572,-5.052518,24.275519,10.193412,-12.911993,-0.000601,0.052528,0.000000,0.555964,0.285827,-0.000000
1.870000,-2.382891,-1.241066,-1.638361,0.862904,0.914890,0.026105,-0.538579,0.048587,0.070689,-2.792429,5.488174,-5.173125,25.696356,9.384301,-10.984803,0.004981,0.055243,0.000000,0.559918,0.256557,-0.000000
1.880000,-2.374289,-1.231914,-1.638096,0.857378,0.915651,0.026553,-0.565218,0.103936,0.018403,-2.528507,5.578258,-5.272214,27.066890,8.632220,-8.770416,0.010597,0.057661,0.000000,0.562844,0.226384,-0.000000
1.890000,-2.365744,-1.222753,-1.637830,0.851600,0.916969,0.026473,-0.589150,0.160152,-0.034755,-2.251091,5.660819,-5.348534,28.406861,7.806167,-6.607663,0.016237,0.059773,0.000000,0.564821,0.195421,0.000000
1.900000,-2.357257,-1.213575,-1.637567,0.845595,0.918854,0.025858,-0.610240,0.217152,-0.088568,-1.960370,5.734382,-5.404367,29.719737,6.856251,-4.592080,0.021893,0.061571,0.000000,0.565769,0.163725,0.000000
1.910000,-2.348832,-1.204376,-1.637313,0.839395,0.921312,0.024701,-0.628357,0.274839,-0.142842,-1.656696,5.797944,-5.440375,30.984157,5.874506,-2.500865,0.027552,0.063050,0.000000,0.565661,0.131371,-0.000000
1.920000,-2.340469,-1.195149,-1.637073,0.833028,0.924351,0.023001,-0.643374,0.333111,-0.197375,-1.340687,5.851872,-5.454385,32.178781,4.981192,-0.123770,0.033206,0.064202,0.000000,0.564613,0.098468,0.000000
1.930000,-2.332171,-1.185889,-1.636853,0.826527,0.927974,0.020754,-0.655171,0.391877,-0.251930,-1.013121,5.897568,-5.442851,33.303161,4.152476,2.465801,0.038845,0.065022,0.000000,0.562850,0.065141,0.000000
1.940000,-2.323939,-1.176589,-1.636658,0.819925,0.932188,0.017962,-0.663636,0.451062,-0.306232,-0.674624,5.934921,-5.405068,34.375372,3.228259,4.978896,0.044463,0.065507,0.000000,0.560441,0.031470,-0.000000
1.950000,-2.315773,-1.167245,-1.636493,0.813255,0.936996,0.014629,-0.668663,0.510575,-0.360031,-0.325613,5.962133,-5.343273,35.403406,2.161836,7.341750,0.050054,0.065654,0.000000,0.557272,-0.002513,0.000000
1.960000,-2.307674,-1.157849,-1.636365,0.806552,0.942400,0.010761,-0.670149,0.570305,-0.413098,0.033445,5.978158,-5.258234,36.367290,1.060729,9.735593,0.055609,0.065459,0.000000,0.553305,-0.036773,0.000000
1.970000,-2.299642,-1.148397,-1.636278,0.799852,0.948402,0.006367,-0.667994,0.630138,-0.465196,0.401733,5.983347,-5.148561,37.230124,0.030952,12.306278,0.061121,0.064919,0.000000,0.548649,-0.071237,-0.000000
1.980000,-2.291677,-1.138881,-1.636238,0.793192,0.955002,0.001458,-0.662114,0.689972,-0.516069,0.778047,5.978777,-5.012108,37.990761,-0.963266,14.984771,0.066583,0.064033,0.000000,0.543482,-0.105800,0.000000
1.990000,-2.283778,-1.129297,-1.636249,0.786609,0.962201,-0.003954,-0.652433,0.749714,-0.565438,1.161548,5.964082,-4.848865,38.689796,-2.064244,17.560727,0.071991,0.062800,0.000000,0.537832,-0.140418,0.000000
2.000000,-2.275945,-1.119637,-1.636317,0.780143,0.969997,-0.009851,-0.638883,0.809254,-0.613046,1.551843,5.937492,-4.660893,39.338297,-3.291415,19.989738,0.077341,0.061219,0.000000,0.531571,-0.175110,0.000000
2.010000,-2.268175,-1.109897,-1.636446,0.773832,0.978386,-0.016215,-0.621397,0.868464,-0.658656,1.948314,5.898254,-4.449071,39.901743,-4.554550,22.393531,0.082624,0.059288,0.000000,0.524673,-0.209875,0.000000
2.020000,-2.260468,-1.100070,-1.636641,0.767715,0.987366,-0.023024,-0.599917,0.927219,-0.702028,2.349878,5.846401,-4.213023,40.341904,-5.826965,24.835202,0.087836,0.057008,0.000000,0.517189,-0.244667,0.000000
2.030000,-2.252821,-1.090150,-1.636907,0.761833,0.996931,-0.030256,-0.574399,0.985392,-0.742917,2.755152,5.781714,-3.952367,40.669350,-7.156246,27.254624,0.092969,0.054377,0.000000,0.509146,-0.279422,0.000000
2.040000,-2.245231,-1.080131,-1.637246,0.756227,1.007074,-0.037883,-0.544814,1.042853,-0.781075,3.163265,5.703276,-3.667930,40.924677,-8.576494,29.546869,0.098020,0.051396,0.000000,0.500489,-0.314137,0.000000
2.050000,-2.237696,-1.070008,-1.637664,0.750937,1.017788,-0.045877,-0.511134,1.099457,-0.816275,3.573645,5.610185,-3.361429,41.075021,-10.001566,31.717449,0.102981,0.048064,0.000000,0.491150,-0.348849,0.000000
2.060000,-2.230213,-1.059775,-1.638164,0.746004,1.029063,-0.054208,-0.473341,1.155057,-0.848304,3.984765,5.503245,-3.033581,41.090303,-11.423173,33.811307,0.107845,0.044381,0.000000,0.481225,-0.383503,-0.000000
2.070000,-2.222776,-1.049427,-1.638748,0.741470,1.040889,-0.062843,-0.431438,1.209522,-0.876947,4.395451,5.381721,-2.685203,41.058093,-13.099779,35.757451,0.112607,0.040349,0.000000,0.470657,-0.418085,-0.000000
2.080000,-2.215383,-1.038957,-1.639421,0.737376,1.053253,-0.071747,-0.385432,1.262691,-0.902008,4.805927,5.241250,-2.318432,40.987049,-15.063436,37.511238,0.117260,0.035966,0.000000,0.459037,-0.452716,0.000000
2.090000,-2.208029,-1.028362,-1.640183,0.733762,1.066143,-0.080883,-0.335320,1.314347,-0.923315,5.215192,5.080452,-1.934978,40.745802,-16.959250,39.145799,0.121789,0.031231,0.000000,0.446232,-0.487404,0.000000
2.100000,-2.200708,-1.017635,-1.641038,0.730669,1.079540,-0.090213,-0.281128,1.364300,-0.940707,5.620843,4.902065,-1.535516,40.320707,-18.638006,40.721512,0.126186,0.026144,0.000000,0.432486,-0.522026,0.000000
2.110000,-2.193415,-1.006771,-1.641988,0.728139,1.093429,-0.099697,-0.222903,1.412388,-0.954026,6.021606,4.707692,-1.120548,39.794016,-20.351479,42.160988,0.130441,0.020705,0.000000,0.417936,-0.556566,0.000000
2.120000,-2.186145,-0.995766,-1.643032,0.726211,1.107788,-0.109294,-0.160696,1.458454,-0.963118,6.416723,4.495035,-0.692297,39.156561,-22.453587,43.265457,0.134546,0.014915,0.000000,0.402333,-0.591059,0.000000
2.130000,-2.178891,-0.984615,-1.644173,0.724925,1.122598,-0.118960,-0.094568,1.502289,-0.967872,6.804738,4.258620,-0.255239,38.366198,-24.884200,44.024053,0.138489,0.008774,0.000000,0.385101,-0.625475,0.000000
2.140000,-2.171647,-0.973314,-1.645412,0.724320,1.137834,-0.128651,-0.024601,1.543626,-0.968223,7.184047,3.997351,0.188185,37.434998,-27.170243,44.680065,0.142249,0.002282,0.000000,0.366082,-0.659758,-0.000000
2.150000,-2.164405,-0.961859,-1.646747,0.724433,1.153470,-0.138324,0.049112,1.582236,-0.964108,7.553438,3.715216,0.638362,36.417221,-29.151251,45.351601,0.145812,-0.004558,0.000000,0.345603,-0.693886,0.000000
2.160000,-2.157158,-0.950245,-1.648178,0.725302,1.169479,-0.147934,0.126468,1.617931,-0.955456,7.912392,3.414326,1.095217,35.292128,-31.147526,45.848048,0.149163,-0.011747,0.000000,0.323810,-0.727900,0.000000
2.170000,-2.149899,-0.938469,-1.649705,0.726963,1.185829,-0.157433,0.207360,1.650523,-0.942204,8.259280,3.092265,1.555323,33.901571,-33.536494,45.834059,0.152289,-0.019283,0.000000,0.300384,-0.761732,0.000000
2.180000,-2.142619,-0.926528,-1.651327,0.729449,1.202489,-0.166778,0.291653,1.679776,-0.924349,8.590423,2.743596,2.011898,32.232702,-36.229891,45.331335,0.155171,-0.027163,0.000000,0.274673,-0.795103,0.000000
2.190000,-2.135310,-0.914419,-1.653041,0.732796,1.219424,-0.175920,0.379169,1.705395,-0.901966,8.903934,2.367667,2.461950,30.496032,-38.714521,44.771275,0.157782,-0.035382,0.000000,0.246498,-0.827886,0.000000
2.200000,-2.127963,-0.902140,-1.654845,0.737033,1.236597,-0.184817,0.469732,1.727129,-0.875110,9.200344,1.969306,2.907323,28.778553,-40.806684,44.337791,0.160101,-0.043933,0.000000,0.216240,-0.860178,-0.000000
2.210000,-2.120569,-0.889687,-1.656737,0.742190,1.253967,-0.193423,0.563176,1.744781,-0.843819,9.479505,1.551534,3.348706,26.928022,-42.844113,43.718247,0.162107,-0.052812,0.000000,0.184095,-0.892015,0.000000
2.220000,-2.113119,-0.877060,-1.658714,0.748296,1.271493,-0.201693,0.659322,1.758160,-0.808136,9.738904,1.112423,3.781688,24.728685,-45.249964,42.430773,0.163782,-0.062014,0.000000,0.149732,-0.923181,0.000000
2.230000,-2.105603,-0.864257,-1.660771,0.755377,1.289130,-0.209585,0.757954,1.767029,-0.768186,9.974079,0.646534,4.197321,22.213673,-47.918490,40.543456,0.165101,-0.071530,0.000000,0.112418,-0.953220,0.000000
2.240000,-2.098011,-0.851278,-1.662905,0.763455,1.306833,-0.217057,0.858804,1.771091,-0.724190,10.183178,0.154054,4.592557,19.667440,-50.261515,38.691904,0.166029,-0.081345,0.000000,0.072008,-0.981913,0.000000
2.250000,-2.090334,-0.838121,-1.665112,0.772553,1.324552,-0.224069,0.961617,1.770110,-0.676334,10.367428,-0.358696,4.971159,17.190536,-52.117755,37.069075,0.166539,-0.091446,0.000000,0.029027,-1.009365,0.000000
2.260000,-2.082560,-0.824787,-1.667387,0.782688,1.342235,-0.230584,1.066152,1.763917,-0.624767,10.526989,-0.888302,5.333939,14.586848,-53.861470,35.238064,0.166608,-0.101820,0.000000,-0.016308,-1.035563,0.000000
2.270000,-2.074680,-0.811276,-1.669724,0.793876,1.359830,-0.236564,1.172157,1.752344,-0.569656,10.659165,-1.435925,5.675921,11.615258,-55.810683,32.743323,0.166211,-0.112452,0.000000,-0.064287,-1.060158,0.000000
2.280000,-2.066683,-0.797590,-1.672118,0.806131,1.377282,-0.241977,1.279336,1.735198,-0.511248,10.759294,-2.004515,5.988805,8.397978,-57.794757,29.682243,0.165319,-0.123323,0.000000,-0.115413,-1.082537,0.000000
2.290000,-2.058558,-0.783730,-1.674563,0.819463,1.394534,-0.246789,1.387343,1.712254,-0.449879,10.827124,-2.591821,6.269566,5.239924,-59.369665,26.666544,0.163900,-0.134405,0.000000,-0.169628,-1.102509,0.000000
2.300000,-2.050294,-0.769699,-1.677054,0.833878,1.411527,-0.250974,1.495878,1.683362,-0.385857,10.864092,-3.191909,6.522136,1.728951,-60.676523,24.071012,0.161924,-0.145675,0.000000,-0.226408,-1.120114,-0.000000
2.310000,-2.041880,-0.755500,-1.679583,0.849380,1.428201,-0.254507,1.604625,1.648416,-0.319437,10.861703,-3.805351,6.750986,-2.298848,-61.959263,21.475248,0.159368,-0.157107,0.000000,-0.285796,-1.134473,-0.000000
2.320000,-2.033306,-0.741135,-1.682144,0.865970,1.444496,-0.257363,1.713112,1.607255,-0.250837,10.818115,-4.431094,6.951641,-5.629805,-62.678103,17.907904,0.156204,-0.168658,0.000000,-0.347825,-1.145196,0.000000
2.330000,-2.024561,-0.726610,-1.684730,0.883642,1.460347,-0.259523,1.820987,1.559794,-0.180404,10.749107,-5.058913,7.109144,-8.673334,-62.599125,13.520259,0.152407,-0.180294,0.000000,-0.411822,-1.153355,-0.000000
2.340000,-2.015633,-0.711928,-1.687334,0.902390,1.475691,-0.260971,1.928094,1.506077,-0.108654,10.644649,-5.683076,7.222046,-12.984924,-62.467364,9.642851,0.147963,-0.191996,0.000000,-0.477223,-1.157716,0.000000
2.350000,-2.006513,-0.697096,-1.689949,0.922204,1.490468,-0.261696,2.033880,1.446132,-0.035963,10.489409,-6.308260,7.302001,-14.970050,-63.090475,6.247497,0.142859,-0.203705,0.000000,-0.544238,-1.156774,0.000000
2.360000,-1.997189,-0.682119,-1.692568,0.943067,1.504614,-0.261690,2.137883,1.379911,0.037386,10.345248,-6.944886,7.346996,-13.871318,-63.873060,2.485578,0.137075,-0.215370,0.000000,-0.614065,-1.156253,0.000000
2.370000,-1.987651,-0.667004,-1.695183,0.964962,1.518066,-0.260949,2.240785,1.307235,0.110977,10.211982,-7.585722,7.351712,-20.384658,-62.638641,-1.244657,0.130574,-0.227048,0.000000,-0.686038,-1.155858,0.000000
2.380000,-1.977890,-0.651758,-1.697787,0.987883,1.530759,-0.259471,2.342122,1.228197,0.184420,9.937554,-8.197659,7.322103,-34.199918,-59.692565,-4.612360,0.123350,-0.238684,0.000000,-0.756250,-1.140717,0.000000
2.390000,-1.967894,-0.636389,-1.700373,1.011804,1.542630,-0.257260,2.439536,1.143282,0.257419,9.527984,-8.779573,7.259465,-40.640088,-57.921863,-8.187873,0.115446,-0.250036,0.000000,-0.824413,-1.111104,-0.000000
2.400000,-1.957654,-0.620905,-1.702932,1.036674,1.553624,-0.254323,2.532682,1.052605,0.329609,9.124753,-9.356096,7.158346,-44.943523,-56.223728,-11.959907,0.106859,-0.261053,0.000000,-0.893318,-1.080452,0.000000
2.410000,-1.947160,-0.605316,-1.705459,1.062458,1.563682,-0.250668,2.622031,0.956160,0.400586,8.629114,-9.904047,7.020267,-56.374010,-52.766356,-15.500453,0.097577,-0.271766,0.000000,-0.960179,-1.038950,0.000000
2.420000,-1.936405,-0.589631,-1.707946,1.089114,1.572748,-0.246311,2.705264,0.854525,0.470015,7.997272,-10.411423,6.848337,-56.085607,-51.308608,-19.010581,0.087654,-0.281928,0.000000,-1.023463,-0.982119,-0.000000
2.430000,-1.925378,-0.573861,-1.710385,1.116563,1.580773,-0.241268,2.781977,0.747931,0.537553,7.507401,-10.930220,6.640055,-40.552410,-52.371885,-22.606416,0.077106,-0.291481,0.000000,-1.089023,-0.937099,0.000000
2.440000,-1.914073,-0.558016,-1.712771,1.144754,1.587706,-0.235560,2.855412,0.635920,0.602816,7.186224,-11.458861,6.396208,-36.371273,-50.666513,-25.925278,0.065873,-0.300723,0.000000,-1.156431,-0.906592,-0.000000
2.450000,-1.902483,-0.542107,-1.715097,1.173671,1.593491,-0.229211,2.925701,0.518754,0.665477,6.779976,-11.943550,6.121550,-42.928808,-47.475869,-28.993850,0.053978,-0.309649,0.000000,-1.219228,-0.865603,-0.000000
2.460000,-1.890600,-0.526146,-1.717355,1.203268,1.598081,-0.222250,2.991012,0.397049,0.725247,6.327648,-12.408378,5.816331,-42.444665,-46.225477,-32.017404,0.041489,-0.318057,0.000000,-1.279747,-0.817865,0.000000
2.470000,-1.878418,-0.510145,-1.719542,1.233492,1.601432,-0.214707,3.052254,0.270586,0.781803,5.931083,-12.868059,5.481202,-44.197004,-41.685329,-34.694719,0.028385,-0.326017,0.000000,-1.339351,-0.773455,0.000000
2.480000,-1.865930,-0.494118,-1.721649,1.264313,1.603493,-0.206614,3.109633,0.139688,0.834871,5.443708,-13.242085,5.122437,-55.365128,-32.363724,-36.859892,0.014705,-0.333529,0.000000,-1.389079,-0.717999,0.000000
2.490000,-1.853131,-0.478076,-1.723674,1.295684,1.604226,-0.198009,3.161128,0.005745,0.884252,4.823780,-13.515334,4.744004,-61.569342,-25.785734,-38.911069,0.000607,-0.340375,0.000000,-1.427142,-0.647459,0.000000
2.500000,-1.840016,-0.462033,-1.725610,1.327536,1.603608,-0.188929,3.206109,-0.130619,0.929751,4.212321,-13.757799,4.344215,-57.037688,-23.430874,-41.270650,-0.013834,-0.346474,0.000000,-1.460807,-0.575844,-0.000000
2.510000,-1.826581,-0.446003,-1.727452,1.359807,1.601614,-0.179414,3.245375,-0.269411,0.971136,3.683026,-13.983951,3.918591,-52.084176,-20.139762,-43.601533,-0.028605,-0.351889,0.000000,-1.491252,-0.510417,-0.000000
2.520000,-1.812820,-0.430001,-1.729198,1.392443,1.598220,-0.169506,3.279769,-0.410298,1.008123,3.170638,-14.160595,3.472185,-57.682731,-13.906945,-44.733258,-0.043653,-0.356684,0.000000,-1.514648,-0.444952,0.000000
2.530000,-1.798732,-0.414039,-1.730843,1.425402,1.593408,-0.159252,3.308787,-0.552623,1.040580,2.529372,-14.262090,3.023926,-69.590085,-6.787345,-44.704481,-0.058892,-0.360794,0.000000,-1.528501,-0.365743,-0.000000
2.540000,-1.784312,-0.398133,-1.732383,1.458619,1.587167,-0.148695,3.330357,-0.695540,1.068601,1.778836,-14.296341,2.578095,-73.751252,-1.116782,-45.072865,-0.074218,-0.364009,0.000000,-1.533949,-0.275064,0.000000
2.550000,-1.769559,-0.382296,-1.733816,1.492009,1.579497,-0.137880,3.344364,-0.838550,1.092142,1.054347,-14.284426,2.122469,-76.215885,4.945150,-46.099817,-0.089566,-0.366308,0.000000,-1.532883,-0.186093,-0.000000
2.560000,-1.754472,-0.366543,-1.735141,1.525506,1.570396,-0.126852,3.351444,-0.981228,1.111051,0.254518,-14.197438,1.656099,-85.629276,12.662603,-46.713148,-0.104871,-0.367744,0.000000,-1.522514,-0.088853,0.000000
2.570000,-1.739049,-0.350888,-1.736353,1.559038,1.559872,-0.115659,3.349454,-1.122499,1.125264,-0.658239,-14.031174,1.188206,-82.418917,16.705854,-46.441598,-0.120012,-0.368093,0.000000,-1.502966,0.019901,-0.000000
2.580000,-1.723291,-0.335345,-1.737454,1.592495,1.547946,-0.104347,3.338279,-1.261852,1.134815,-1.393860,-13.863321,0.727267,-63.197032,16.499496,-45.608143,-0.134927,-0.367341,0.000000,-1.481355,0.110833,0.000000
2.590000,-1.707199,-0.319929,-1.738440,1.625804,1.534635,-0.092962,3.321577,-1.399765,1.139809,-1.922179,-13.701184,0.276043,-55.467262,19.370752,-44.776230,-0.149634,-0.365856,0.000000,-1.457893,0.180648,0.000000
2.600000,-1.690775,-0.304653,-1.739313,1.658927,1.519951,-0.081550,3.299835,-1.535875,1.140336,-2.503205,-13.475906,-0.168258,-58.924878,25.158055,-44.217493,-0.164079,-0.363687,0.000000,-1.426682,0.255174,0.000000
2.610000,-1.674021,-0.289530,-1.740071,1.691800,1.503918,-0.070156,3.271513,-1.669283,1.136444,-3.100677,-13.198023,-0.608307,-55.137629,28.920710,-43.551497,-0.178164,-0.360683,0.000000,-1.388895,0.330800,0.000000
2.620000,-1.656939,-0.274574,-1.740716,1.724357,1.486565,-0.058822,3.237822,-1.799836,1.128169,-3.605958,-12.897492,-1.039288,-52.523670,32.893327,-41.991705,-0.191853,-0.356965,0.000000,-1.347100,0.396414,0.000000
2.630000,-1.639534,-0.259799,-1.741248,1.756557,1.467921,-0.047592,3.199394,-1.927233,1.115658,-4.151150,-12.540156,-1.448141,-57.866969,38.818672,-39.662357,-0.205102,-0.352607,0.000000,-1.299053,0.464548,0.000000
2.640000,-1.621808,-0.245216,-1.741668,1.788345,1.448021,-0.036508,3.154799,-2.050639,1.099207,-4.763297,-12.121119,-1.832535,-58.051750,43.162839,-37.636512,-0.217832,-0.347476,0.000000,-1.244936,0.537759,0.000000
2.650000,-1.603767,-0.230838,-1.741978,1.819653,1.426908,-0.025608,3.104128,-2.169656,1.079008,-5.312185,-11.676899,-2.200871,-51.667801,45.816910,-35.959124,-0.229999,-0.341593,0.000000,-1.187595,0.603397,-0.000000
2.660000,-1.585415,-0.216678,-1.742180,1.850428,1.404628,-0.014928,3.048555,-2.284177,1.055189,-5.796653,-11.204780,-2.551717,-47.852968,49.176497,-33.938697,-0.241582,-0.335084,0.000000,-1.126865,0.661250,-0.000000
2.670000,-1.566758,-0.202746,-1.742277,1.880624,1.381225,-0.004504,2.988195,-2.393751,1.027973,-6.269245,-10.693370,-2.879645,-45.270278,52.012030,-31.692252,-0.252536,-0.327974,0.000000,-1.062343,0.716328,-0.000000
2.680000,-1.547803,-0.189053,-1.742270,1.910191,1.356753,0.005631,2.923170,-2.498044,0.997596,-6.702059,-10.164540,-3.185562,-40.669342,53.378430,-29.496137,-0.262829,-0.320290,0.000000,-0.996192,0.765923,0.000000
2.690000,-1.528554,-0.175611,-1.742164,1.939087,1.331264,0.015448,2.854154,-2.597042,0.964262,-7.082632,-9.625801,-3.469568,-36.765994,55.159675,-27.166606,-0.272460,-0.312113,0.000000,-0.929190,0.808829,-0.000000
2.700000,-1.509021,-0.162428,-1.741961,1.967275,1.304812,0.024916,2.781518,-2.690560,0.928205,-7.437379,-9.061346,-3.728894,-34.245874,57.867232,-24.628370,-0.281413,-0.303496,0.000000,-0.860212,0.847612,0.000000
2.710000,-1.489209,-0.149514,-1.741666,1.994718,1.277453,0.034012,2.705406,-2.778269,0.889684,-7.767549,-8.468456,-3.962136,-31.174309,60.154158,-22.049497,-0.289665,-0.294469,0.000000,-0.789222,0.882425,0.000000
2.720000,-1.469126,-0.136879,-1.741281,2.021383,1.249246,0.042710,2.626167,-2.859929,0.848962,-8.060865,-7.858263,-4.169884,-27.515308,61.262019,-19.575507,-0.297199,-0.285082,0.000000,-0.717361,0.912162,-0.000000
2.730000,-1.448781,-0.124529,-1.740811,2.047241,1.220254,0.050991,2.544189,-2.935434,0.806287,-8.317855,-7.243216,-4.353646,-23.992923,61.604199,-17.190823,-0.304014,-0.275391,0.000000,-0.645932,0.937012,0.000000
2.740000,-1.428182,-0.112474,-1.740261,2.072266,1.190538,0.058836,2.459810,-3.004794,0.761889,-8.540723,-6.626179,-4.513701,-20.514283,62.100066,-14.746586,-0.310120,-0.265444,0.000000,-0.575311,0.957293,-0.000000
2.750000,-1.407336,-0.100719,-1.739635,2.096437,1.160158,0.066229,2.373374,-3.067958,0.716013,-8.728141,-6.001215,-4.648577,-16.885034,62.972391,-12.137408,-0.315522,-0.255288,0.000000,-0.505039,0.972943,0.000000
2.760000,-1.386253,-0.089270,-1.738937,2.119734,1.129178,0.073156,2.285247,-3.124818,0.668918,-8.878424,-5.366731,-4.756449,-13.235396,63.602627,-9.498903,-0.320223,-0.244976,0.000000,-0.435095,0.983872,0.000000
2.770000,-1.364941,-0.078135,-1.738172,2.142142,1.097662,0.079607,2.195806,-3.175292,0.620884,-8.992849,-4.729162,-4.838555,-9.902879,63.373945,-7.184096,-0.324227,-0.234559,0.000000,-0.366140,0.990369,0.000000
2.780000,-1.343410,-0.067317,-1.737344,2.163650,1.065673,0.085574,2.105390,-3.219401,0.572147,-9.076482,-4.099253,-4.900131,-6.894845,62.485977,-5.191705,-0.327548,-0.224082,0.000000,-0.299110,0.993171,0.000000
2.790000,-1.321668,-0.056822,-1.736460,2.184250,1.033274,0.091050,2.014276,-3.257277,0.522881,-9.130746,-3.479442,-4.942390,-3.796365,61.751761,-3.076480,-0.330212,-0.213581,0.000000,-0.234214,0.992543,0.000000
2.800000,-1.299725,-0.046652,-1.735523,2.203936,1.000527,0.096031,1.922775,-3.288990,0.473299,-9.152409,-2.864217,-4.961661,-0.458875,61.251621,-0.710666,-0.332235,-0.203098,0.000000,-0.171030,0.988200,0.000000
2.810000,-1.277590,-0.036811,-1.734540,2.222705,0.967494,0.100516,1.831228,-3.314562,0.423648,-9.139923,-2.254410,-4.956603,2.799964,60.461075,1.577106,-0.333635,-0.192675,0.000000,-0.109677,0.980090,0.000000
2.820000,-1.255271,-0.027302,-1.733513,2.240560,0.934236,0.104504,1.739976,-3.334078,0.374167,-9.096410,-1.654996,-4.930118,5.567677,59.290104,3.456893,-0.334431,-0.182352,0.000000,-0.050539,0.968689,0.000000
2.830000,-1.232778,-0.018126,-1.732449,2.257505,0.900812,0.107999,1.649300,-3.347662,0.325045,-9.028570,-1.068608,-4.887465,7.905125,57.947375,5.004598,-0.334648,-0.172164,0.000000,0.006295,0.954838,0.000000
2.840000,-1.210121,-0.009286,-1.731353,2.273546,0.867283,0.111005,1.559405,-3.355450,0.276417,-8.938307,-0.496048,-4.830026,10.326214,56.541404,6.627942,-0.334308,-0.162134,0.000000,0.060824,0.938818,0.000000
2.850000,-1.187307,-0.000781,-1.730229,2.288693,0.833703,0.113528,1.470534,-3.357583,0.228445,-8.822045,0.062220,-4.754906,12.983338,55.005814,8.451749,-0.333434,-0.152287,0.000000,0.112977,0.920313,0.000000
2.860000,-1.164347,0.007388,-1.729083,2.302957,0.800131,0.115574,1.382964,-3.354206,0.181319,-8.678640,0.604068,-4.660991,15.504417,53.306207,10.183752,-0.332050,-0.142654,0.000000,0.162575,0.899276,-0.000000
2.870000,-1.141248,0.015222,-1.727918,2.316352,0.766619,0.117154,1.296961,-3.345501,0.135225,-8.511957,1.128344,-4.551231,17.484574,51.643194,11.485872,-0.330184,-0.133261,0.000000,0.209641,0.876195,0.000000
2.880000,-1.118020,0.022721,-1.726740,2.328896,0.733221,0.118279,1.212725,-3.331639,0.090295,-8.328949,1.636932,-4.431274,19.017646,50.066950,12.433668,-0.327859,-0.124128,0.000000,0.254552,0.851861,0.000000
2.890000,-1.094670,0.029886,-1.725552,2.340607,0.699987,0.118960,1.130382,-3.312763,0.046600,-8.131604,2.129683,-4.302558,20.615222,48.330961,13.459873,-0.325094,-0.115264,0.000000,0.297394,0.826511,-0.000000
2.900000,-1.071208,0.036721,-1.724360,2.351504,0.666966,0.119211,1.050093,-3.289045,0.004243,-7.916645,2.603551,-4.162077,22.392385,46.345822,14.653883,-0.321912,-0.106683,0.000000,0.337869,0.799822,-0.000000
2.910000,-1.047640,0.043226,-1.723168,2.361609,0.634206,0.119045,0.972049,-3.260692,-0.036642,-7.683756,3.056600,-4.009480,23.993164,44.309698,15.718346,-0.318338,-0.098400,0.000000,0.375853,0.771793,-0.000000
2.920000,-1.023976,0.049405,-1.721979,2.370945,0.601752,0.118478,0.896418,-3.227913,-0.075946,-7.436781,3.489745,-3.847710,25.134763,42.471926,16.446818,-0.314396,-0.090429,0.000000,0.411569,0.742839,0.000000
2.930000,-1.000221,0.055261,-1.720798,2.379537,0.569647,0.117526,0.823313,-3.190897,-0.113596,-7.181061,3.906038,-3.680544,25.922687,40.801605,16.931281,-0.310107,-0.082776,0.000000,0.445452,0.713510,-0.000000
2.940000,-0.976385,0.060798,-1.719629,2.387411,0.537934,0.116206,0.752797,-3.149793,-0.149557,-6.918328,4.305777,-3.509084,26.713523,38.998697,17.432203,-0.305487,-0.075442,0.000000,0.477614,0.683971,0.000000
2.950000,-0.952473,0.066019,-1.718474,2.394593,0.506652,0.114535,0.684947,-3.104781,-0.183778,-6.646791,4.686012,-3.331900,27.574401,36.961029,17.999729,-0.300555,-0.068430,0.000000,0.507802,0.654032,0.000000
2.960000,-0.928493,0.070931,-1.717338,2.401110,0.475838,0.112530,0.619861,-3.056072,-0.216195,-6.366840,5.044998,-3.149089,28.265726,34.915262,18.461945,-0.295331,-0.061746,0.000000,0.535913,0.623721,0.000000
2.970000,-0.904451,0.075536,-1.716224,2.406990,0.445530,0.110211,0.557610,-3.003881,-0.246760,-6.081476,5.384317,-2.962661,28.628106,33.154957,18.699812,-0.289836,-0.055390,0.000000,0.562188,0.593322,-0.000000
2.980000,-0.880353,0.079841,-1.715134,2.412262,0.415761,0.107595,0.498231,-2.948386,-0.275448,-5.794277,5.708097,-2.775093,28.739658,31.634465,18.772770,-0.284087,-0.049361,0.000000,0.587110,0.563165,0.000000
2.990000,-0.856206,0.083851,-1.714072,2.416955,0.386562,0.104702,0.441725,-2.889719,-0.302262,-5.506683,6.017007,-2.587205,28.805573,29.986444,18.837970,-0.278094,-0.043654,0.000000,0.610796,0.533362,0.000000
3.000000,-0.832014,0.087572,-1.713040,2.421097,0.357966,0.101550,0.388098,-2.828046,-0.327192,-5.218166,6.307826,-2.398334,28.860924,28.109804,18.912756,-0.271871,-0.038266,0.000000,0.632971,0.503834,-0.000000
3.010000,-0.807784,0.091011,-1.712041,2.424717,0.330001,0.098158,0.337361,-2.763563,-0.350228,-4.929465,6.579203,-2.208950,28.774596,26.268370,18.900004,-0.265434,-0.033192,0.000000,0.653553,0.474624,0.000000
3.020000,-0.783520,0.094173,-1.711077,2.427844,0.302695,0.094545,0.289508,-2.696462,-0.371371,-4.642674,6.833193,-2.020334,28.472744,24.725749,18.777713,-0.258799,-0.028427,0.000000,0.672784,0.445905,0.000000
3.030000,-0.759227,0.097065,-1.710150,2.430507,0.276072,0.090731,0.244508,-2.626899,-0.390635,-4.360010,7.073718,-1.833396,28.004088,23.412708,18.588456,-0.251977,-0.023965,0.000000,0.691065,0.417860,0.000000
3.040000,-0.734910,0.099694,-1.709262,2.432734,0.250157,0.086733,0.202308,-2.554988,-0.408039,-4.082592,7.301447,-1.648565,27.470278,21.997511,18.364911,-0.244977,-0.019797,0.000000,0.708486,0.390564,-0.000000
3.050000,-0.710572,0.102068,-1.708415,2.434553,0.224972,0.082570,0.162856,-2.480870,-0.423606,-3.810604,7.513668,-1.466098,26.885977,20.407648,18.090580,-0.237807,-0.015912,0.000000,0.724817,0.364006,-0.000000
3.060000,-0.686219,0.104193,-1.707611,2.435991,0.200540,0.078261,0.126096,-2.404714,-0.437361,-3.544873,7.709600,-1.286753,26.193000,18.873020,17.755303,-0.230479,-0.012305,0.000000,0.740009,0.338236,-0.000000
3.070000,-0.661852,0.106079,-1.706850,2.437075,0.176878,0.073823,0.091959,-2.326678,-0.449341,-3.286744,7.891128,-1.110992,25.373756,17.572797,17.419896,-0.223005,-0.008963,0.000000,0.754250,0.313354,0.000000
3.080000,-0.637477,0.107731,-1.706134,2.437830,0.154006,0.069274,0.060361,-2.246892,-0.459581,-3.037398,8.061056,-0.938355,24.455703,16.436372,17.101518,-0.215393,-0.005878,0.000000,0.767789,0.289447,0.000000
3.090000,-0.613096,0.109159,-1.705465,2.438282,0.131940,0.064631,0.031211,-2.165457,-0.468108,-2.797630,8.219856,-0.768961,23.471759,15.238118,16.726296,-0.207649,-0.003037,0.000000,0.780676,0.266566,0.000000
3.100000,-0.588711,0.110370,-1.704842,2.438454,0.110697,0.059912,0.004408,-2.082495,-0.474960,-2.567962,8.365819,-0.603829,22.428597,13.949399,16.257753,-0.199779,-0.000429,0.000000,0.792767,0.244740,0.000000
3.110000,-0.564327,0.111373,-1.704266,2.438370,0.090290,0.055132,-0.020149,-1.998140,-0.480185,-2.349058,8.498844,-0.443806,21.315187,12.720220,15.756972,-0.191792,0.001958,0.000000,0.804060,0.224012,0.000000
3.120000,-0.539944,0.112176,-1.703739,2.438051,0.070734,0.050308,-0.042573,-1.912518,-0.483836,-2.141659,8.620223,-0.288690,20.133796,11.611141,15.328610,-0.183696,0.004136,0.000000,0.814658,0.204435,-0.000000
3.130000,-0.515566,0.112787,-1.703260,2.437519,0.052040,0.045455,-0.062982,-1.825736,-0.485959,-1.946382,8.731067,-0.137234,18.896405,10.569926,14.963405,-0.175498,0.006117,0.000000,0.824633,0.186052,0.000000
3.140000,-0.491194,0.113216,-1.702830,2.436792,0.034219,0.040589,-0.081500,-1.737896,-0.486581,-1.763731,8.831621,0.010578,17.613618,9.522475,14.531444,-0.167203,0.007915,0.000000,0.833995,0.168901,0.000000
3.150000,-0.466830,0.113472,-1.702448,2.435889,0.017282,0.035723,-0.098256,-1.649104,-0.485747,-1.594110,8.921516,0.153395,16.293788,8.464945,14.006583,-0.158817,0.009543,0.000000,0.842717,0.153010,0.000000
3.160000,-0.442476,0.113562,-1.702116,2.434827,0.001237,0.030874,-0.113383,-1.559466,-0.483513,-1.437855,9.000920,0.290710,14.940575,7.441827,13.483692,-0.150348,0.011015,0.000000,0.850803,0.138401,0.000000
3.170000,-0.418133,0.113496,-1.701831,2.433621,-0.013907,0.026053,-0.127014,-1.469085,-0.479933,-1.295298,9.070353,0.423069,13.553559,6.459584,13.030028,-0.141800,0.012343,0.000000,0.858273,0.125100,-0.000000
3.180000,-0.393803,0.113284,-1.701594,2.432286,-0.028144,0.021275,-0.139288,-1.378059,-0.475052,-1.166784,9.130112,0.551311,12.141991,5.492859,12.622366,-0.133181,0.013542,0.000000,0.865123,0.113139,0.000000
3.190000,-0.369488,0.112934,-1.701405,2.430835,-0.041468,0.016552,-0.150349,-1.286483,-0.468907,-1.052459,9.180210,0.675516,10.721113,4.532505,12.181950,-0.124497,0.014626,0.000000,0.871335,0.102530,0.000000
3.200000,-0.345187,0.112455,-1.701263,2.429279,-0.053874,0.011897,-0.160338,-1.194455,-0.461541,-0.952361,9.220762,0.794950,9.283172,3.626512,11.680306,-0.115754,0.015609,0.000000,0.876907,0.093275,0.000000
3.210000,-0.320902,0.111856,-1.701168,2.427629,-0.065357,0.007321,-0.169396,-1.102068,-0.453008,-0.866795,9.252740,0.909122,7.829983,2.772143,11.175736,-0.106958,0.016504,0.000000,0.881914,0.085406,0.000000
3.220000,-0.296634,0.111147,-1.701117,2.425892,-0.075915,0.002837,-0.177674,-1.009400,-0.443359,-0.795762,9.276205,1.018464,6.411032,1.825527,10.754071,-0.098115,0.017327,0.000000,0.886334,0.078926,0.000000
3.230000,-0.272384,0.110338,-1.701111,2.424075,-0.085545,-0.001546,-0.185312,-0.916544,-0.432638,-0.738574,9.289251,1.124203,5.040172,0.776571,10.406240,-0.089231,0.018090,0.000000,0.889948,0.073775,0.000000
3.240000,-0.248153,0.109436,-1.701148,2.422185,-0.094246,-0.005816,-0.192445,-0.823615,-0.420875,-0.694958,9.291736,1.226589,3.662668,-0.180397,10.021405,-0.080316,0.018808,0.000000,0.892718,0.069932,-0.000000
3.250000,-0.223940,0.108453,-1.701227,2.420226,-0.102018,-0.009963,-0.199211,-0.730709,-0.408107,-0.665321,9.285643,1.324632,2.246850,-1.005705,9.549193,-0.071376,0.019493,0.000000,0.894823,0.067441,-0.000000
3.260000,-0.199748,0.107396,-1.701347,2.418201,-0.108860,-0.013978,-0.205751,-0.637902,-0.394382,-0.650021,9.271622,1.417573,0.842496,-1.834742,9.069140,-0.062419,0.020160,0.000000,0.896308,0.066345,0.000000
3.270000,-0.175576,0.106276,-1.701507,2.416111,-0.114776,-0.017851,-0.212211,-0.545276,-0.379755,-0.648471,9.248948,1.506014,-0.449763,-2.742274,8.713128,-0.053450,0.020823,0.000000,0.897074,0.066593,0.000000
3.280000,-0.151426,0.105101,-1.701704,2.413957,-0.119766,-0.021573,-0.218721,-0.452923,-0.364262,-0.659017,9.216777,1.591836,-1.632723,-3.682541,8.458446,-0.044477,0.021494,0.000000,0.897007,0.068038,0.000000
3.290000,-0.127297,0.103880,-1.701938,2.411737,-0.123834,-0.025136,-0.225392,-0.360941,-0.347918,-0.681126,9.175297,1.675183,-2.829243,-4.565737,8.130579,-0.035509,0.022185,0.000000,0.896110,0.070634,0.000000
3.300000,-0.103191,0.102624,-1.702207,2.409449,-0.126985,-0.028532,-0.232343,-0.269417,-0.330758,-0.715601,9.125462,1.754447,-4.072345,-5.399937,7.715465,-0.026555,0.022908,0.000000,0.894463,0.074465,0.000000
3.310000,-0.079108,0.101341,-1.702509,2.407090,-0.129223,-0.031751,-0.239704,-0.178432,-0.312830,-0.762573,9.067298,1.829493,-5.269157,-6.242926,7.329089,-0.017620,0.023675,0.000000,0.892048,0.079555,0.000000
3.320000,-0.055049,0.100039,-1.702842,2.404655,-0.130553,-0.034788,-0.247595,-0.088071,-0.294169,-0.820985,9.000604,1.901029,-6.328385,-7.068944,6.980582,-0.008713,0.024499,0.000000,0.888825,0.085808,-0.000000
3.330000,-0.031015,0.098730,-1.703205,2.402138,-0.130984,-0.037635,-0.256123,0.001580,-0.274809,-0.889140,8.925919,1.969104,-7.270300,-7.858249,6.625952,0.000157,0.025391,0.000000,0.884831,0.093065,0.000000
3.340000,-0.007007,0.097420,-1.703595,2.399532,-0.130522,-0.040284,-0.265378,0.090447,-0.254786,-0.966391,8.843439,2.033548,-8.204217,-8.649948,6.260593,0.008983,0.026361,0.000000,0.880066,0.101270,0.000000
3.350000,0.016975,0.096119,-1.704010,2.396830,-0.129175,-0.042731,-0.275451,0.178449,-0.234138,-1.053225,8.752920,2.094316,-9.159821,-9.435387,5.902547,0.017758,0.027417,0.000000,0.874492,0.110477,0.000000
3.360000,0.040930,0.094836,-1.704449,2.394023,-0.126953,-0.044967,-0.286442,0.265506,-0.212900,-1.149587,8.654731,2.151599,-10.056500,-10.187758,5.549760,0.026473,0.028571,0.000000,0.868127,0.120690,0.000000
3.370000,0.064856,0.093580,-1.704910,2.391102,-0.123865,-0.046989,-0.298443,0.351544,-0.191106,-1.254355,8.549165,2.205311,-10.808695,-10.947198,5.159792,0.035120,0.029832,0.000000,0.860988,0.131803,0.000000
3.380000,0.088752,0.092359,-1.705389,2.388055,-0.119922,-0.048789,-0.311529,0.436489,-0.168794,-1.365761,8.435787,2.254795,-11.435958,-11.721017,4.727612,0.043693,0.031209,0.000000,0.853012,0.143643,0.000000
3.390000,0.112617,0.091182,-1.705885,2.384871,-0.115135,-0.050364,-0.325758,0.520260,-0.146010,-1.483074,8.314745,2.299864,-12.043598,-12.450977,4.309046,0.052180,0.032708,0.000000,0.844196,0.156141,0.000000
3.400000,0.136449,0.090056,-1.706396,2.381539,-0.109517,-0.051709,-0.341191,0.602784,-0.122797,-1.606633,8.186767,2.340976,-12.651028,-13.151358,3.926434,0.060576,0.034336,0.000000,0.834601,0.169335,0.000000
3.410000,0.160248,0.088991,-1.706920,2.378047,-0.103080,-0.052820,-0.357891,0.683995,-0.099191,-1.736094,8.051718,2.378392,-13.183363,-13.859076,3.538678,0.068872,0.036101,0.000000,0.824198,0.183194,0.000000
3.420000,0.184010,0.087995,-1.707453,2.374382,-0.095837,-0.053693,-0.375913,0.763818,-0.075229,-1.870300,7.909586,2.411749,-13.590104,-14.513594,3.089614,0.077060,0.038009,0.000000,0.812973,0.197605,-0.000000
3.430000,0.207735,0.087075,-1.707993,2.370529,-0.087803,-0.054325,-0.395297,0.842187,-0.050956,-2.007896,7.761446,2.440184,-13.890335,-15.100365,2.587791,0.085131,0.040066,0.000000,0.801012,0.212426,-0.000000
3.440000,0.231421,0.086239,-1.708539,2.366476,-0.078993,-0.054712,-0.416071,0.919047,-0.026425,-2.148107,7.607579,2.463505,-14.144530,-15.704549,2.106136,0.093080,0.042274,0.000000,0.788325,0.227578,0.000000
3.450000,0.255065,0.085495,-1.709088,2.362208,-0.069422,-0.054853,-0.438259,0.994338,-0.001686,-2.290787,7.447355,2.482307,-14.378542,-16.325118,1.670315,0.100898,0.044637,0.000000,0.774840,0.243046,0.000000
3.460000,0.278665,0.084850,-1.709636,2.357710,-0.059106,-0.054746,-0.461886,1.067994,0.023221,-2.435678,7.281076,2.496911,-14.548687,-16.904244,1.229288,0.108576,0.047160,0.000000,0.760577,0.258802,0.000000
3.470000,0.302219,0.084313,-1.710183,2.352970,-0.048062,-0.054389,-0.486972,1.139960,0.048253,-2.581761,7.109270,2.506893,-14.579971,-17.468344,0.718784,0.116109,0.049844,0.000000,0.745575,0.274738,-0.000000
3.480000,0.325724,0.083889,-1.710724,2.347971,-0.036307,-0.053781,-0.513521,1.210180,0.073359,-2.727277,6.931709,2.511287,-14.481382,-18.038370,0.152216,0.123487,0.052692,0.000000,0.729785,0.290663,0.000000
3.490000,0.349179,0.083586,-1.711258,2.342699,-0.023859,-0.052922,-0.541518,1.278594,0.098478,-2.871388,6.748503,2.509937,-14.352069,-18.572225,-0.385239,0.130704,0.055703,0.000000,0.713203,0.306482,0.000000
3.500000,0.372578,0.083412,-1.711783,2.337141,-0.010735,-0.051811,-0.570949,1.345150,0.123558,-3.014318,6.560265,2.503582,-14.220304,-19.063811,-0.869826,0.137751,0.058875,0.000000,0.695888,0.322212,0.000000
3.510000,0.395921,0.083372,-1.712294,2.331280,0.003044,-0.050451,-0.601804,1.409799,0.148550,-3.155794,6.367226,2.492541,-14.017893,-19.541871,-1.358798,0.144621,0.062209,0.000000,0.677858,0.337819,-0.000000
3.520000,0.419204,0.083473,-1.712792,2.325105,0.017461,-0.048840,-0.634065,1.472494,0.173408,-3.294676,6.169427,2.476406,-13.679628,-20.005452,-1.906059,0.151307,0.065703,0.000000,0.659103,0.353173,0.000000
3.530000,0.442423,0.083721,-1.713271,2.318599,0.032494,-0.046982,-0.667698,1.533188,0.198078,-3.429387,5.967117,2.454420,-13.223232,-20.444259,-2.493300,0.157802,0.069354,0.000000,0.639628,0.368093,-0.000000
3.540000,0.465576,0.084123,-1.713731,2.311751,0.048124,-0.044879,-0.702653,1.591836,0.222497,-3.559141,5.760542,2.426540,-12.735154,-20.861311,-3.048241,0.164099,0.073158,0.000000,0.619451,0.382485,0.000000
3.550000,0.488658,0.084683,-1.714169,2.304546,0.064331,-0.042533,-0.738881,1.648399,0.246609,-3.684090,5.549891,2.393455,-12.254934,-21.255295,-3.555628,0.170191,0.077108,0.000000,0.598594,0.396354,0.000000
3.560000,0.511667,0.085409,-1.714582,2.296973,0.081092,-0.039947,-0.776335,1.702834,0.270366,-3.804240,5.335436,2.355428,-11.724188,-21.623331,-4.061713,0.176071,0.081201,0.000000,0.577086,0.409687,-0.000000
3.570000,0.534598,0.086305,-1.714968,2.289019,0.098388,-0.037125,-0.814966,1.755107,0.293718,-3.918574,5.117425,2.312221,-11.042662,-21.972829,-4.596356,0.181732,0.085431,0.000000,0.554945,0.422363,-0.000000
3.580000,0.557447,0.087377,-1.715324,2.280674,0.116195,-0.034072,-0.854706,1.805183,0.316610,-4.025093,4.895980,2.263501,-10.221064,-22.310179,-5.141744,0.187169,0.089790,0.000000,0.532181,0.434156,-0.000000
3.590000,0.580211,0.088629,-1.715649,2.271925,0.134491,-0.030793,-0.895467,1.853027,0.338988,-4.122995,4.671221,2.209386,-9.399009,-22.622385,-5.656352,0.192375,0.094268,0.000000,0.508808,0.444969,-0.000000
3.600000,0.602886,0.090067,-1.715940,2.262764,0.153255,-0.027293,-0.937166,1.898607,0.360798,-4.213073,4.443532,2.150374,-8.651496,-22.866112,-6.137708,0.197344,0.098856,0.000000,0.484877,0.454870,0.000000
3.610000,0.625467,0.091694,-1.716195,2.253182,0.172463,-0.023577,-0.979729,1.941898,0.381995,-4.296025,4.213899,2.086631,-7.884292,-23.052546,-6.609501,0.202072,0.103545,0.000000,0.460495,0.463916,0.000000
3.620000,0.647949,0.093516,-1.716412,2.243170,0.192093,-0.019653,-1.023087,1.982885,0.402531,-4.370759,3.982481,2.018184,-6.914302,-23.300920,-7.067878,0.206554,0.108327,0.000000,0.435684,0.471982,0.000000
3.630000,0.670330,0.095536,-1.716588,2.232720,0.212121,-0.015526,-1.067144,2.021547,0.422359,-4.434311,3.747880,1.945274,-5.776531,-23.602279,-7.499790,0.210785,0.113190,0.000000,0.410325,0.478749,0.000000
3.640000,0.692604,0.097758,-1.716722,2.221827,0.232524,-0.011206,-1.111773,2.057843,0.441436,-4.486289,3.510436,1.868188,-4.723063,-23.792700,-7.907665,0.214760,0.118118,0.000000,0.384469,0.484168,0.000000
3.650000,0.714767,0.100187,-1.716812,2.210485,0.253278,-0.006698,-1.156870,2.091756,0.459723,-4.528772,3.272026,1.787121,-3.750929,-23.914319,-8.302155,0.218474,0.123100,0.000000,0.358319,0.488442,0.000000
3.660000,0.736814,0.102824,-1.716856,2.198689,0.274359,-0.002011,-1.202348,2.123283,0.477179,-4.561308,3.032149,1.702145,-2.701272,-24.070470,-8.676509,0.221926,0.128124,0.000000,0.331838,0.491515,0.000000
3.670000,0.758740,0.105674,-1.716852,2.186438,0.295744,0.002846,-1.248096,2.152399,0.493765,-4.582798,2.790617,1.613590,-1.644959,-24.097602,-8.995391,0.225110,0.133177,0.000000,0.305034,0.493269,0.000000
3.680000,0.780542,0.108739,-1.716799,2.173728,0.317407,0.007864,-1.294004,2.179096,0.509450,-4.594207,2.550197,1.522237,-0.651723,-23.947825,-9.252203,0.228026,0.138245,0.000000,0.278214,0.493808,0.000000
3.690000,0.802215,0.112022,-1.716695,2.160558,0.339326,0.013035,-1.339980,2.203403,0.524210,-4.595832,2.311660,1.428546,0.378999,-23.853726,-9.491180,0.230674,0.143315,0.000000,0.251485,0.493165,0.000000
3.700000,0.823754,0.115525,-1.716539,2.146928,0.361475,0.018348,-1.385921,2.225329,0.538021,-4.586627,2.073123,1.332413,1.490270,-23.868245,-9.749692,0.233056,0.148376,0.000000,0.224672,0.491227,0.000000
3.710000,0.845153,0.119251,-1.716328,2.132839,0.383832,0.023795,-1.431713,2.244865,0.550858,-4.566027,1.834296,1.233553,2.600543,-23.829348,-9.991849,0.235168,0.153412,0.000000,0.197759,0.487931,0.000000
3.720000,0.866410,0.123202,-1.716063,2.118294,0.406372,0.029366,-1.477241,2.262015,0.562692,-4.534616,1.596536,1.132576,3.611835,-23.649537,-10.111739,0.237011,0.158410,0.000000,0.170912,0.483346,0.000000
3.730000,0.887519,0.127379,-1.715741,2.103294,0.429072,0.035049,-1.522405,2.276796,0.573510,-4.493790,1.361305,1.031318,4.543409,-23.385764,-10.111096,0.238586,0.163356,0.000000,0.144334,0.477650,-0.000000
3.740000,0.908476,0.131783,-1.715362,2.087846,0.451908,0.040836,-1.567117,2.289241,0.583319,-4.443748,1.128820,0.930354,5.512283,-23.144198,-10.131095,0.239897,0.168241,0.000000,0.118076,0.470879,-0.000000
3.750000,0.929276,0.136417,-1.714924,2.071952,0.474857,0.046716,-1.611280,2.299372,0.592117,-4.383544,0.898421,0.828696,6.520348,-22.908173,-10.220762,0.240947,0.173051,0.000000,0.092066,0.462926,0.000000
3.760000,0.949915,0.141281,-1.714427,2.055620,0.497896,0.052678,-1.654788,2.307209,0.599893,-4.313341,0.670657,0.725939,7.482738,-22.611251,-10.280889,0.241739,0.177774,0.000000,0.066364,0.453810,0.000000
3.770000,0.970389,0.146375,-1.713871,2.038856,0.521001,0.058713,-1.697547,2.312786,0.606636,-4.233890,0.446196,0.623078,8.394709,-22.306690,-10.194854,0.242275,0.182398,0.000000,0.041070,0.443631,0.000000
3.780000,0.990692,0.151701,-1.713253,2.021669,0.544152,0.064811,-1.739466,2.316133,0.612354,-4.145447,0.224523,0.522042,9.275109,-22.018349,-9.991913,0.242560,0.186913,0.000000,0.016191,0.432466,0.000000
3.790000,1.010822,0.157258,-1.712574,2.004067,0.567324,0.070960,-1.780456,2.317276,0.617077,-4.048388,0.005829,0.423240,10.116040,-21.670305,-9.825136,0.242599,0.191308,0.000000,-0.008236,0.420372,0.000000
3.800000,1.030774,0.163047,-1.711834,1.986060,0.590497,0.077152,-1.820434,2.316250,0.620819,-3.943126,-0.208883,0.325539,10.953234,-21.274197,-9.717120,0.242396,0.195574,0.000000,-0.032130,0.407385,-0.000000
3.810000,1.050543,0.169068,-1.711031,1.967658,0.613649,0.083377,-1.859318,2.313098,0.623587,-3.829323,-0.419655,0.228897,11.783867,-20.882383,-9.566450,0.241957,0.199701,0.000000,-0.055490,0.393481,0.000000
3.820000,1.070127,0.175320,-1.710166,1.948874,0.636759,0.089624,-1.897020,2.307857,0.625397,-3.707449,-0.626531,0.134210,12.478874,-20.438493,-9.333048,0.241286,0.203679,0.000000,-0.078293,0.378739,0.000000
3.830000,1.089521,0.181803,-1.709239,1.929718,0.659806,0.095885,-1.933467,2.300568,0.626272,-3.579745,-0.828425,0.042236,13.026086,-19.923735,-9.054090,0.240391,0.207502,0.000000,-0.100420,0.363416,0.000000
3.840000,1.108721,0.188516,-1.708249,1.910204,0.682770,0.102150,-1.968615,2.291288,0.626242,-3.446927,-1.025005,-0.046871,13.597965,-19.423068,-8.779613,0.239278,0.211163,0.000000,-0.121836,0.347600,0.000000
3.850000,1.127725,0.195458,-1.707196,1.890346,0.705632,0.108410,-2.002406,2.280068,0.625334,-3.307786,-1.216886,-0.133356,14.242136,-18.945946,-8.505667,0.237955,0.214657,0.000000,-0.142603,0.331177,0.000000
3.860000,1.146528,0.202629,-1.706081,1.870156,0.728372,0.114656,-2.034771,2.266950,0.623575,-3.162085,-1.403924,-0.216985,14.835676,-18.436620,-8.203790,0.236426,0.217978,0.000000,-0.162700,0.314139,0.000000
3.870000,1.165128,0.210026,-1.704903,1.849650,0.750971,0.120881,-2.065647,2.251989,0.620995,-3.011073,-1.585619,-0.297432,15.272626,-17.899242,-7.890360,0.234701,0.221120,0.000000,-0.182078,0.296632,0.000000
3.880000,1.183521,0.217648,-1.703663,1.828843,0.773411,0.127076,-2.094992,2.235238,0.617626,-2.856632,-1.761909,-0.374792,15.588494,-17.356137,-7.579921,0.232785,0.224078,0.000000,-0.200746,0.278854,-0.000000
3.890000,1.201705,0.225494,-1.702361,1.807750,0.795676,0.133234,-2.122780,2.216751,0.613499,-2.699303,-1.932742,-0.449030,15.916356,-16.799964,-7.252298,0.230686,0.226852,0.000000,-0.218707,0.260868,0.000000
3.900000,1.219676,0.233562,-1.700998,1.786388,0.817747,0.139346,-2.148978,2.196583,0.608645,-2.538305,-2.097908,-0.519838,16.279214,-16.225120,-6.898445,0.228411,0.229438,0.000000,-0.235932,0.242612,0.000000
3.910000,1.237433,0.241849,-1.699574,1.764771,0.839607,0.145407,-2.173546,2.174793,0.603102,-2.373718,-2.257244,-0.586999,16.586678,-15.640307,-6.536755,0.225968,0.231833,0.000000,-0.252407,0.224106,0.000000
3.920000,1.254972,0.250354,-1.698090,1.742917,0.861242,0.151408,-2.196453,2.151438,0.596905,-2.206571,-2.410715,-0.650573,16.784399,-15.057974,-6.192760,0.223363,0.234037,0.000000,-0.268143,0.205460,0.000000
3.930000,1.272291,0.259074,-1.696546,1.720842,0.882636,0.157345,-2.217678,2.126578,0.590090,-2.038030,-2.558403,-0.710854,16.901182,-14.478367,-5.865335,0.220605,0.236047,0.000000,-0.283167,0.186788,0.000000
3.940000,1.289388,0.268007,-1.694943,1.698563,0.903774,0.163210,-2.237213,2.100270,0.582688,-1.868548,-2.700282,-0.767880,17.004976,-13.888495,-5.525249,0.217700,0.237866,0.000000,-0.297488,0.168138,0.000000
3.950000,1.306262,0.277149,-1.693282,1.676098,0.924642,0.168998,-2.255049,2.072573,0.574733,-1.697931,-2.836173,-0.821359,17.107874,-13.282672,-5.159845,0.214655,0.239492,0.000000,-0.311086,0.149502,0.000000
3.960000,1.322910,0.286499,-1.691563,1.653462,0.945225,0.174705,-2.271172,2.043547,0.566261,-1.526390,-2.965935,-0.871077,17.165655,-12.672570,-4.792865,0.211478,0.240926,0.000000,-0.323954,0.130908,0.000000
3.970000,1.339331,0.296054,-1.689788,1.630674,0.965512,0.180324,-2.285576,2.013254,0.557311,-1.354618,-3.089625,-0.917216,17.149155,-12.078138,-4.463507,0.208176,0.242170,0.000000,-0.336111,0.112424,0.000000
3.980000,1.355524,0.305810,-1.687957,1.607751,0.985490,0.185851,-2.298264,1.981754,0.547917,-1.183407,-3.207498,-0.960347,17.073679,-11.498560,-4.168784,0.204756,0.243224,0.000000,-0.347606,0.094114,0.000000
3.990000,1.371486,0.315764,-1.686071,1.584709,1.005148,0.191282,-2.309245,1.949104,0.538104,-1.013144,-3.319596,-1.000592,16.978321,-10.910273,-3.860041,0.201224,0.244092,0.000000,-0.358454,0.076015,0.000000
4.000000,1.387218,0.325913,-1.684131,1.561566,1.024473,0.196613,-2.318527,1.915362,0.527905,-0.843841,-3.425704,-1.037548,16.870178,-10.307135,-3.522226,0.197587,0.244776,0.000000,-0.368633,0.058137,0.000000
4.010000,1.402718,0.336253,-1.682139,1.538338,1.043455,0.201840,-2.326121,1.880590,0.517353,-0.675741,-3.525739,-1.071037,16.725380,-9.707465,-3.191294,0.193852,0.245278,0.000000,-0.378138,0.040507,0.000000
4.020000,1.417985,0.346782,-1.680094,1.515043,1.062084,0.206960,-2.332042,1.844848,0.506484,-0.509333,-3.619853,-1.101374,16.531238,-9.129582,-2.907754,0.190024,0.245602,0.000000,-0.386998,0.023165,0.000000
4.030000,1.433019,0.357495,-1.677999,1.491697,1.080352,0.211970,-2.336308,1.808193,0.495326,-0.345116,-3.708330,-1.129192,16.297949,-8.569785,-2.662805,0.186112,0.245750,0.000000,-0.395263,0.006143,0.000000
4.040000,1.447819,0.368389,-1.675855,1.468317,1.098248,0.216866,-2.338944,1.770681,0.483900,-0.183374,-3.791249,-1.154630,16.044472,-8.006751,-2.405920,0.182119,0.245727,0.000000,-0.402948,-0.010537,0.000000
4.050000,1.462385,0.379460,-1.673662,1.444919,1.115765,0.221648,-2.339975,1.732368,0.472233,-0.024226,-3.868465,-1.177310,15.771344,-7.435486,-2.127931,0.178053,0.245536,0.000000,-0.410036,-0.026855,0.000000
4.060000,1.476717,0.390704,-1.671422,1.421518,1.132896,0.226311,-2.339429,1.693312,0.460354,0.132053,-3.939958,-1.197188,15.469061,-6.872158,-1.864411,0.173918,0.245182,0.000000,-0.416529,-0.042788,-0.000000
4.070000,1.490815,0.402118,-1.669136,1.398130,1.149632,0.230855,-2.337334,1.653569,0.448290,0.285155,-4.005908,-1.214598,15.143130,-6.332229,-1.637972,0.169722,0.244668,0.000000,-0.422455,-0.058314,0.000000
4.080000,1.504680,0.413697,-1.666805,1.374771,1.165967,0.235277,-2.333726,1.613194,0.436062,0.434915,-4.066603,-1.229948,14.799813,-5.812363,-1.438828,0.165469,0.243999,0.000000,-0.427855,-0.073431,0.000000
4.090000,1.518311,0.425437,-1.664430,1.351455,1.181895,0.239576,-2.328636,1.572237,0.423691,0.581151,-4.122156,-1.243375,14.434588,-5.294333,-1.239768,0.161165,0.243179,0.000000,-0.432743,-0.088126,0.000000
4.100000,1.531709,0.437335,-1.662013,1.328198,1.197412,0.243751,-2.322103,1.530750,0.411195,0.723607,-4.172490,-1.254743,14.044840,-4.772728,-1.031414,0.156814,0.242213,0.000000,-0.437111,-0.102374,0.000000
4.110000,1.544875,0.449385,-1.659555,1.305013,1.212511,0.247800,-2.314164,1.488787,0.398596,0.862048,-4.217610,-1.264003,13.636947,-4.261272,-0.832985,0.152422,0.241106,0.000000,-0.440963,-0.116153,0.000000
4.120000,1.557809,0.461585,-1.657057,1.281915,1.227187,0.251723,-2.304862,1.446398,0.385915,0.996346,-4.257715,-1.271403,13.222275,-3.776172,-0.671459,0.147995,0.239863,0.000000,-0.444321,-0.129459,0.000000
4.130000,1.570513,0.473929,-1.654521,1.258916,1.241438,0.255518,-2.294237,1.403633,0.373168,1.126493,-4.293134,-1.277432,12.801887,-3.314561,-0.541941,0.143536,0.238488,0.000000,-0.447228,-0.142305,0.000000
4.140000,1.582987,0.486414,-1.651947,1.236030,1.255260,0.259186,-2.282332,1.360536,0.360366,1.252384,-4.324006,-1.282242,12.364390,-2.856423,-0.408890,0.139050,0.236987,0.000000,-0.449698,-0.154687,0.000000
4.150000,1.595234,0.499034,-1.649337,1.213270,1.268649,0.262726,-2.269189,1.317153,0.347523,1.373781,-4.350262,-1.285610,11.905549,-2.396487,-0.264532,0.134542,0.235365,0.000000,-0.451720,-0.166577,-0.000000
4.160000,1.607253,0.511787,-1.646692,1.190646,1.281603,0.266136,-2.254856,1.273530,0.334654,1.490495,-4.371936,-1.287532,11.436122,-1.949247,-0.132959,0.130016,0.233625,0.000000,-0.453299,-0.177960,-0.000000
4.170000,1.619046,0.524666,-1.644014,1.168172,1.294120,0.269419,-2.239379,1.229714,0.321772,1.602504,-4.389247,-1.288269,10.972356,-1.528845,-0.030768,0.125476,0.231775,0.000000,-0.454459,-0.188840,0.000000
4.180000,1.630616,0.537669,-1.641304,1.145859,1.306197,0.272572,-2.222806,1.185745,0.308888,1.709942,-4.402513,-1.288148,10.513941,-1.131531,0.050453,0.120926,0.229819,0.000000,-0.455232,-0.199241,-0.000000
4.190000,1.641964,0.550790,-1.638563,1.123716,1.317835,0.275596,-2.205181,1.141664,0.296009,1.812782,-4.411878,-1.287260,10.042680,-0.739743,0.132017,0.116371,0.227761,0.000000,-0.455634,-0.209162,0.000000
4.200000,1.653091,0.564026,-1.635792,1.101755,1.329031,0.278492,-2.186550,1.097508,0.283143,1.910796,-4.417308,-1.285507,9.552087,-0.349890,0.213605,0.111814,0.225607,0.000000,-0.455657,-0.218579,0.000000
4.210000,1.663999,0.577371,-1.632993,1.079985,1.339785,0.281259,-2.166965,1.053317,0.270299,2.003824,-4.418875,-1.282988,9.057227,0.025732,0.281907,0.107258,0.223362,0.000000,-0.455308,-0.227480,0.000000
4.220000,1.674690,0.590821,-1.630167,1.058416,1.350097,0.283898,-2.146474,1.009130,0.257483,2.091940,-4.416793,-1.279869,8.579196,0.377954,0.340815,0.102708,0.221031,0.000000,-0.454609,-0.235877,0.000000
4.230000,1.685167,0.604373,-1.627315,1.037056,1.359967,0.286409,-2.125126,0.964982,0.244702,2.175408,-4.411316,-1.276172,8.115793,0.710268,0.395566,0.098166,0.218620,0.000000,-0.453582,-0.243797,0.000000
4.240000,1.695431,0.618021,-1.624439,1.015913,1.369397,0.288792,-2.102966,0.920904,0.231960,2.254256,-4.402588,-1.271958,7.641981,1.034015,0.440706,0.093636,0.216132,0.000000,-0.452240,-0.251244,-0.000000
4.250000,1.705485,0.631761,-1.621539,0.994997,1.378386,0.291048,-2.080041,0.876930,0.219263,2.328248,-4.390636,-1.267358,7.152350,1.351961,0.476760,0.089121,0.213573,0.000000,-0.450585,-0.258197,0.000000
4.260000,1.715331,0.645588,-1.618618,0.974313,1.386935,0.293177,-2.056401,0.833091,0.206613,2.397303,-4.375548,-1.262423,6.665916,1.656316,0.508288,0.084624,0.210947,0.000000,-0.448624,-0.264651,-0.000000
4.270000,1.724972,0.659499,-1.615676,0.953869,1.395047,0.295180,-2.032095,0.789419,0.194014,2.461566,-4.357510,-1.257192,6.198658,1.939793,0.532349,0.080148,0.208261,0.000000,-0.446374,-0.270620,0.000000
4.280000,1.734409,0.673489,-1.612714,0.933671,1.402724,0.297058,-2.007169,0.745941,0.181469,2.521276,-4.336753,-1.251776,5.746393,2.204610,0.547985,0.075697,0.205517,0.000000,-0.443857,-0.276129,0.000000
4.290000,1.743645,0.687554,-1.609735,0.913725,1.409966,0.298810,-1.981669,0.702684,0.168979,2.576494,-4.313418,-1.246232,5.290842,2.460238,0.560716,0.071271,0.202722,0.000000,-0.441084,-0.281187,0.000000
4.300000,1.752683,0.701689,-1.606738,0.894037,1.416777,0.300437,-1.955640,0.659673,0.156544,2.627093,-4.287548,-1.240561,4.827487,2.709194,0.570582,0.066875,0.199879,0.000000,-0.438059,-0.285779,0.000000
4.310000,1.761526,0.715889,-1.603726,0.874612,1.423160,0.301941,-1.929127,0.616933,0.144167,2.673044,-4.259234,-1.234821,4.370261,2.945139,0.574683,0.062510,0.196994,0.000000,-0.434790,-0.289905,0.000000
4.320000,1.770175,0.730152,-1.600699,0.855455,1.429116,0.303321,-1.902179,0.574488,0.131848,2.714498,-4.228645,-1.229068,3.933678,3.162155,0.576558,0.058179,0.194070,0.000000,-0.431292,-0.293579,0.000000
4.330000,1.778635,0.744472,-1.597659,0.836569,1.434649,0.304578,-1.874837,0.532360,0.119586,2.751717,-4.195991,-1.223289,3.514844,3.362209,0.578188,0.053884,0.191112,0.000000,-0.427584,-0.296828,0.000000
4.340000,1.786907,0.758845,-1.594608,0.817958,1.439763,0.305712,-1.847144,0.490568,0.107382,2.784795,-4.161401,-1.217504,3.096541,3.553256,0.575482,0.049628,0.188125,0.000000,-0.423678,-0.299660,0.000000
4.350000,1.794994,0.773267,-1.591545,0.799626,1.444461,0.306725,-1.819142,0.449132,0.095236,2.813648,-4.124925,-1.211780,2.674637,3.737447,0.566883,0.045411,0.185112,0.000000,-0.419579,-0.302069,0.000000
4.360000,1.802899,0.787734,-1.588473,0.781575,1.448746,0.307617,-1.790871,0.408070,0.083147,2.838288,-4.086652,-1.206166,2.261950,3.909666,0.556099,0.041236,0.182077,0.000000,-0.415294,-0.304056,0.000000
4.370000,1.810626,0.802242,-1.585393,0.763808,1.452622,0.308388,-1.762376,0.367399,0.071113,2.858887,-4.046732,-1.200658,1.870682,4.065252,0.547977,0.037105,0.179025,0.000000,-0.410838,-0.305637,0.000000
4.380000,1.818175,0.816787,-1.582305,0.746328,1.456094,0.309039,-1.733694,0.327135,0.059133,2.875701,-4.005347,-1.195207,1.497912,4.205936,0.542161,0.033019,0.175960,0.000000,-0.406228,-0.306839,0.000000
4.390000,1.825552,0.831364,-1.579212,0.729135,1.459165,0.309571,-1.704862,0.287292,0.047209,2.888845,-3.962613,-1.189815,1.129015,4.338263,0.533261,0.028980,0.172885,0.000000,-0.401476,-0.307670,0.000000
4.400000,1.832758,0.845970,-1.576114,0.712230,1.461840,0.309983,-1.675917,0.247883,0.035337,2.898282,-3.918582,-1.184541,0.760454,4.464110,0.519710,0.024990,0.169804,0.000000,-0.396586,-0.308130,0.000000
4.410000,1.839797,0.860601,-1.573012,0.695616,1.464123,0.310278,-1.646896,0.208920,0.023518,2.904054,-3.873331,-1.179420,0.402937,4.579445,0.505891,0.021049,0.166721,0.000000,-0.391567,-0.308223,0.000000
4.420000,1.846671,0.875252,-1.569908,0.679293,1.466018,0.310454,-1.617836,0.170416,0.011749,2.906340,-3.826993,-1.174424,0.066631,4.680600,0.497132,0.017158,0.163638,0.000000,-0.386432,-0.307966,0.000000
4.430000,1.853383,0.889921,-1.566803,0.663260,1.467531,0.310513,-1.588769,0.132381,0.000029,2.905387,-3.779719,-1.169478,-0.251034,4.769131,0.492829,0.013320,0.160560,0.000000,-0.381195,-0.307383,-0.000000
4.440000,1.859936,0.904603,-1.563698,0.647517,1.468666,0.310454,-1.559728,0.094822,-0.011641,2.901320,-3.731610,-1.164567,-0.562451,4.850451,0.486772,0.009535,0.157490,0.000000,-0.375868,-0.306487,0.000000
4.450000,1.866333,0.919294,-1.560594,0.632065,1.469427,0.310280,-1.530743,0.057748,-0.023262,2.894138,-3.682710,-1.159742,-0.870725,4.926077,0.477162,0.005803,0.154430,0.000000,-0.370455,-0.305278,0.000000
4.460000,1.872577,0.933991,-1.557493,0.616902,1.469821,0.309989,-1.501845,0.021168,-0.034836,2.883905,-3.633089,-1.155024,-1.166960,4.992886,0.468843,0.002126,0.151384,0.000000,-0.364964,-0.303764,0.000000
4.470000,1.878671,0.948691,-1.554394,0.602028,1.469851,0.309583,-1.473065,-0.014913,-0.046363,2.870799,-3.582852,-1.150365,-1.442577,5.048337,0.467323,-0.001496,0.148355,0.000000,-0.359406,-0.301962,-0.000000
4.480000,1.884618,0.963388,-1.551301,0.587441,1.469522,0.309062,-1.444429,-0.050489,-0.057843,2.855054,-3.532122,-1.145677,-1.699817,5.093836,0.471709,-0.005063,0.145345,0.000000,-0.353794,-0.299894,0.000000
4.490000,1.890420,0.978081,-1.548213,0.573139,1.468841,0.308426,-1.415964,-0.085556,-0.069276,2.836802,-3.480976,-1.140931,-1.949383,5.133455,0.475434,-0.008572,0.142357,0.000000,-0.348137,-0.297575,0.000000
4.500000,1.896080,0.992765,-1.545132,0.559122,1.467811,0.307676,-1.387693,-0.120109,-0.080662,2.816066,-3.429453,-1.136169,-2.194087,5.168230,0.476575,-0.012025,0.139393,0.000000,-0.342440,-0.295008,0.000000
4.510000,1.901602,1.007437,-1.542060,0.545386,1.466439,0.306813,-1.359642,-0.154145,-0.092000,2.792921,-3.377611,-1.131400,-2.426416,5.196048,0.480058,-0.015421,0.136457,0.000000,-0.336710,-0.292201,0.000000
4.520000,1.906988,1.022094,-1.538996,0.531929,1.464728,0.305836,-1.331835,-0.187661,-0.103290,2.767538,-3.325532,-1.126568,-2.639031,5.215793,0.491519,-0.018759,0.133549,0.000000,-0.330955,-0.289171,-0.000000
4.530000,1.912241,1.036732,-1.535943,0.518749,1.462685,0.304747,-1.304292,-0.220656,-0.114531,2.740140,-3.273295,-1.121569,-2.833956,5.228662,0.509898,-0.022040,0.130672,0.000000,-0.325186,-0.285940,0.000000
4.540000,1.917363,1.051348,-1.532901,0.505843,1.460315,0.303546,-1.277032,-0.253127,-0.125721,2.710859,-3.220959,-1.116370,-3.020602,5.236934,0.528264,-0.025263,0.127829,0.000000,-0.319409,-0.282522,-0.000000
4.550000,1.922358,1.065938,-1.529872,0.493208,1.457623,0.302233,-1.250074,-0.285075,-0.136858,2.679728,-3.168557,-1.111004,-3.201410,5.241298,0.544900,-0.028428,0.125020,0.000000,-0.313630,-0.278922,0.000000
4.560000,1.927227,1.080500,-1.526857,0.480842,1.454614,0.300809,-1.223437,-0.316498,-0.147941,2.646830,-3.116133,-1.105472,-3.369960,5.240922,0.564813,-0.031536,0.122248,0.000000,-0.307853,-0.275148,0.000000
4.570000,1.931974,1.095031,-1.523856,0.468740,1.451293,0.299274,-1.197138,-0.347397,-0.158968,2.612329,-3.063738,-1.099708,-3.520327,5.235518,0.592646,-0.034586,0.119514,0.000000,-0.302084,-0.271217,-0.000000
4.580000,1.936602,1.109526,-1.520871,0.456899,1.447666,0.297629,-1.171191,-0.377773,-0.169935,2.576424,-3.011422,-1.093619,-3.654306,5.226118,0.627296,-0.037578,0.116820,0.000000,-0.296332,-0.267150,0.000000
4.590000,1.941112,1.123984,-1.517903,0.445316,1.443737,0.295875,-1.145609,-0.407626,-0.180840,2.539243,-2.959216,-1.087162,-3.779723,5.213959,0.662984,-0.040512,0.114167,0.000000,-0.290600,-0.262958,0.000000
4.600000,1.945508,1.138401,-1.514954,0.433987,1.439513,0.294012,-1.120406,-0.436957,-0.191678,2.500829,-2.907143,-1.080359,-3.899353,5.198099,0.697104,-0.043390,0.111557,0.000000,-0.284891,-0.258649,0.000000
4.610000,1.949792,1.152774,-1.512023,0.422908,1.434998,0.292042,-1.095593,-0.465769,-0.202447,2.461256,-2.855254,-1.073220,-4.007981,5.178547,0.733823,-0.046210,0.108989,0.000000,-0.279212,-0.254230,0.000000
4.620000,1.953966,1.167101,-1.509113,0.412075,1.430198,0.289964,-1.071181,-0.494062,-0.213143,2.420670,-2.803572,-1.065682,-4.098886,5.159694,0.780326,-0.048974,0.106467,0.000000,-0.273567,-0.249716,-0.000000
4.630000,1.958034,1.181378,-1.506224,0.401484,1.425117,0.287779,-1.047179,-0.521840,-0.223761,2.379278,-2.752060,-1.057613,-4.173697,5.142356,0.835650,-0.051681,0.103989,0.000000,-0.267954,-0.245127,0.000000
4.640000,1.961996,1.195603,-1.503357,0.391131,1.419761,0.285488,-1.023595,-0.549104,-0.234295,2.337196,-2.700725,-1.048969,-4.241630,5.121394,0.890272,-0.054333,0.101558,0.000000,-0.262375,-0.240475,0.000000
4.650000,1.965856,1.209773,-1.500514,0.381012,1.414135,0.283093,-1.000435,-0.575855,-0.244740,2.294445,-2.649632,-1.039808,-4.304707,5.095783,0.942083,-0.056929,0.099172,0.000000,-0.256837,-0.235765,0.000000
4.660000,1.969616,1.223886,-1.497695,0.371122,1.408244,0.280594,-0.977706,-0.602096,-0.255091,2.251102,-2.598809,-1.030128,-4.357009,5.069725,0.997555,-0.059470,0.096835,0.000000,-0.251344,-0.231003,0.000000
4.670000,1.973279,1.237938,-1.494902,0.361458,1.402093,0.277991,-0.955413,-0.627831,-0.265343,2.207305,-2.548238,-1.019857,-4.394845,5.046409,1.061104,-0.061956,0.094544,0.000000,-0.245896,-0.226206,0.000000
4.680000,1.976846,1.251928,-1.492135,0.352014,1.395687,0.275287,-0.933560,-0.653061,-0.275488,2.163205,-2.497881,-1.008906,-4.420444,5.025118,1.130639,-0.064388,0.092302,0.000000,-0.240491,-0.221386,0.000000
4.690000,1.980319,1.265852,-1.489396,0.342787,1.389032,0.272481,-0.912149,-0.677788,-0.285521,2.118896,-2.447735,-0.997244,-4.438964,5.002609,1.200464,-0.066766,0.090107,0.000000,-0.235129,-0.216554,0.000000
4.700000,1.983701,1.279708,-1.486686,0.333771,1.382132,0.269576,-0.891182,-0.702016,-0.295433,2.074426,-2.397829,-0.984896,-4.451248,4.977891,1.269504,-0.069090,0.087961,0.000000,-0.229814,-0.211716,0.000000
4.710000,1.986994,1.293495,-1.484005,0.324963,1.374992,0.266573,-0.870661,-0.725745,-0.305219,2.029871,-2.348177,-0.971854,-4.454343,4.953770,1.341417,-0.071362,0.085863,0.000000,-0.224549,-0.206880,0.000000
4.720000,1.990201,1.307208,-1.481354,0.316358,1.367617,0.263472,-0.850585,-0.748979,-0.314870,1.985339,-2.298754,-0.958068,-4.447173,4.934162,1.418538,-0.073581,0.083813,0.000000,-0.219331,-0.202057,-0.000000
4.730000,1.993322,1.320847,-1.478735,0.307951,1.360012,0.260275,-0.830954,-0.771720,-0.324380,1.940928,-2.249494,-0.943483,-4.431001,4.918987,1.499756,-0.075749,0.081811,0.000000,-0.214156,-0.197255,0.000000
4.740000,1.996360,1.334408,-1.476149,0.299739,1.352182,0.256984,-0.811766,-0.793969,-0.333740,1.896719,-2.200374,-0.928073,-4.407804,4.903721,1.581802,-0.077865,0.079856,0.000000,-0.209023,-0.192484,0.000000
4.750000,1.999316,1.347891,-1.473596,0.291716,1.344133,0.253600,-0.793020,-0.815728,-0.342942,1.852772,-2.151420,-0.911847,-4.378891,4.885652,1.662515,-0.079929,0.077949,0.000000,-0.203934,-0.187751,-0.000000
4.760000,2.002194,1.361291,-1.471077,0.283878,1.335868,0.250125,-0.774711,-0.836997,-0.351977,1.809141,-2.102661,-0.894823,-4.343433,4.868483,1.743957,-0.081943,0.076089,0.000000,-0.198893,-0.183060,0.000000
4.770000,2.004994,1.374608,-1.468593,0.276222,1.327393,0.246561,-0.756837,-0.857781,-0.360838,1.765903,-2.054050,-0.876968,-4.298856,4.860435,1.831526,-0.083907,0.074276,0.000000,-0.193895,-0.178419,0.000000
4.780000,2.007718,1.387839,-1.466146,0.268742,1.318712,0.242909,-0.739393,-0.878078,-0.369516,1.723164,-2.005452,-0.858192,-4.245772,4.861067,1.924530,-0.085821,0.072508,0.000000,-0.188930,-0.173838,0.000000
4.790000,2.010369,1.400982,-1.463735,0.261434,1.309831,0.239171,-0.722374,-0.897890,-0.378002,1.680988,-1.956829,-0.838477,-4.188475,4.859830,2.015306,-0.087686,0.070786,0.000000,-0.183993,-0.169325,0.000000
4.800000,2.012947,1.414036,-1.461362,0.254294,1.300754,0.235349,-0.705773,-0.917215,-0.386286,1.639394,-1.908255,-0.817886,-4.127908,4.854276,2.102363,-0.089501,0.069108,0.000000,-0.179093,-0.164880,0.000000
4.810000,2.015455,1.426997,-1.459028,0.247319,1.291487,0.231445,-0.689586,-0.936055,-0.394360,1.598429,-1.859743,-0.796430,-4.061756,4.851940,2.190469,-0.091268,0.067475,0.000000,-0.174230,-0.160509,0.000000
4.820000,2.017893,1.439865,-1.456733,0.240503,1.282033,0.227461,-0.673805,-0.954410,-0.402215,1.558159,-1.811217,-0.774077,-3.989423,4.858616,2.281565,-0.092986,0.065885,0.000000,-0.169397,-0.156218,-0.000000
4.830000,2.020265,1.452638,-1.454479,0.233842,1.272399,0.223401,-0.658423,-0.972279,-0.409841,1.518641,-1.762571,-0.750799,-3.912279,4.872271,2.373664,-0.094656,0.064337,0.000000,-0.164585,-0.152013,0.000000
4.840000,2.022570,1.465313,-1.452265,0.227334,1.262588,0.219265,-0.643432,-0.989661,-0.417230,1.479914,-1.713771,-0.726603,-3.831818,4.885815,2.464031,-0.096278,0.062831,0.000000,-0.159790,-0.147897,0.000000
4.850000,2.024811,1.477890,-1.450094,0.220974,1.252605,0.215056,-0.628824,-1.006555,-0.424373,1.442005,-1.664855,-0.701518,-3.747788,4.897202,2.552762,-0.097852,0.061365,0.000000,-0.155016,-0.143872,0.000000
4.860000,2.026990,1.490365,-1.447964,0.214758,1.242457,0.210777,-0.614592,-1.022958,-0.431261,1.404958,-1.615827,-0.675548,-3.659900,4.911390,2.641109,-0.099378,0.059939,0.000000,-0.150264,-0.139944,0.000000
4.870000,2.029107,1.502739,-1.445878,0.208682,1.232146,0.206431,-0.600725,-1.038871,-0.437884,1.368807,-1.566627,-0.648696,-3.570313,4.934016,2.727903,-0.100857,0.058552,0.000000,-0.145526,-0.136115,0.000000
4.880000,2.031163,1.515008,-1.443836,0.202743,1.221679,0.202019,-0.587216,-1.054291,-0.444235,1.333552,-1.517147,-0.620990,-3.479850,4.963841,2.812268,-0.102289,0.057203,0.000000,-0.140794,-0.132385,0.000000
4.890000,2.033161,1.527172,-1.441838,0.196938,1.211060,0.197546,-0.574054,-1.069214,-0.450304,1.299210,-1.467350,-0.592451,-3.386347,4.993512,2.895272,-0.103673,0.055891,0.000000,-0.136062,-0.128755,0.000000
4.900000,2.035102,1.539229,-1.439885,0.191262,1.200295,0.193013,-0.561231,-1.083638,-0.456084,1.265825,-1.417277,-0.563085,-3.288929,5.020828,2.977066,-0.105010,0.054614,0.000000,-0.131334,-0.125230,0.000000
4.910000,2.036987,1.551178,-1.437977,0.185713,1.189388,0.188424,-0.548738,-1.097560,-0.461566,1.233431,-1.366933,-0.532909,-3.189771,5.050827,3.056415,-0.106300,0.053372,0.000000,-0.126611,-0.121813,0.000000
4.920000,2.038816,1.563017,-1.436116,0.180287,1.178344,0.183782,-0.536563,-1.110977,-0.466742,1.202029,-1.316260,-0.501956,-3.092204,5.088769,3.132307,-0.107542,0.052164,0.000000,-0.121885,-0.118503,0.000000
4.930000,2.040592,1.574745,-1.434302,0.174982,1.167168,0.179090,-0.524697,-1.123885,-0.471605,1.171587,-1.265158,-0.470263,-2.996203,5.133151,3.204686,-0.108738,0.050988,0.000000,-0.117148,-0.115297,0.000000
4.940000,2.042316,1.586361,-1.432534,0.169793,1.155866,0.174350,-0.513131,-1.136280,-0.476147,1.142105,-1.213597,-0.437863,-2.898138,5.176994,3.274226,-0.109885,0.049844,0.000000,-0.112394,-0.112195,0.000000
4.950000,2.043988,1.597862,-1.430815,0.164719,1.144442,0.169567,-0.501855,-1.148157,-0.480362,1.113624,-1.161618,-0.404779,-2.796986,5.218615,3.341446,-0.110986,0.048731,0.000000,-0.107627,-0.109201,0.000000
4.960000,2.045610,1.609249,-1.429143,0.159756,1.132903,0.164743,-0.490858,-1.159512,-0.484243,1.086165,-1.109225,-0.371034,-2.695824,5.262590,3.405400,-0.112038,0.047647,0.000000,-0.102847,-0.106317,0.000000
4.970000,2.047183,1.620521,-1.427520,0.154902,1.121252,0.159882,-0.480132,-1.170341,-0.487783,1.059708,-1.056366,-0.336671,-2.598262,5.312549,3.463592,-0.113043,0.046591,0.000000,-0.098047,-0.103539,0.000000
4.980000,2.048708,1.631675,-1.425945,0.150154,1.109496,0.154987,-0.469664,-1.180639,-0.490976,1.034200,-1.002974,-0.301762,-2.503937,5.366927,3.515720,-0.113999,0.045563,0.000000,-0.093220,-0.100864,0.000000
4.990000,2.050186,1.642710,-1.424420,0.145509,1.097639,0.150062,-0.459448,-1.190401,-0.493818,1.009629,-0.949028,-0.266356,-2.408804,5.420778,3.564616,-0.114907,0.044561,0.000000,-0.088362,-0.098289,-0.000000
5.000000,2.051619,1.653627,-1.422944,0.140965,1.085688,0.145111,-0.449472,-1.199620,-0.496303,0.986024,-0.894558,-0.230470,-2.311530,5.473084,3.611821,-0.115766,0.043584,0.000000,-0.083475,-0.095818,0.000000
5.010000,2.053006,1.664424,-1.421518,0.136519,1.073647,0.140136,-0.439727,-1.208292,-0.498427,0.963398,-0.839566,-0.194120,-2.215400,5.526898,3.654918,-0.116577,0.042631,0.000000,-0.078558,-0.093451,0.000000
5.020000,2.054349,1.675100,-1.420141,0.132170,1.061522,0.135142,-0.430204,-1.216411,-0.500186,0.941716,-0.784020,-0.157371,-2.124752,5.584065,3.689092,-0.117337,0.041702,0.000000,-0.073607,-0.091184,0.000000
5.030000,2.055649,1.685655,-1.418815,0.127915,1.049319,0.130132,-0.420893,-1.223972,-0.501575,0.920903,-0.727885,-0.120338,-2.039120,5.643355,3.714508,-0.118049,0.040795,0.000000,-0.068615,-0.089011,0.000000
5.040000,2.056907,1.696087,-1.417539,0.123752,1.037043,0.125111,-0.411786,-1.230969,-0.502593,0.900934,-0.671153,-0.083081,-1.953371,5.702013,3.737197,-0.118710,0.039909,0.000000,-0.063581,-0.086928,0.000000
5.050000,2.058124,1.706395,-1.416313,0.119679,1.024699,0.120081,-0.402874,-1.237395,-0.503236,0.881836,-0.613845,-0.045594,-1.865908,5.759541,3.759106,-0.119320,0.039044,0.000000,-0.058504,-0.084939,0.000000
5.060000,2.059301,1.716581,-1.415137,0.115695,1.012295,0.115046,-0.394149,-1.243246,-0.503504,0.863615,-0.555962,-0.007899,-1.780612,5.817459,3.775734,-0.119880,0.038198,0.000000,-0.053385,-0.083043,0.000000
5.070000,2.060438,1.726641,-1.414012,0.111796,0.999835,0.110010,-0.385602,-1.248515,-0.503394,0.846224,-0.497495,0.029921,-1.702098,5.876313,3.781852,-0.120388,0.037371,0.000000,-0.048220,-0.081236,-0.000000
5.080000,2.061537,1.736577,-1.412937,0.107983,0.987324,0.104978,-0.377225,-1.253196,-0.502906,0.829574,-0.438436,0.067738,-1.629613,5.935292,3.778419,-0.120844,0.036562,0.000000,-0.043004,-0.079509,0.000000
5.090000,2.062598,1.746388,-1.411912,0.104252,0.974771,0.099952,-0.369010,-1.257283,-0.502040,0.813631,-0.378790,0.105489,-1.557565,5.993210,3.772031,-0.121248,0.035769,0.000000,-0.037737,-0.077859,0.000000
5.100000,2.063622,1.756073,-1.410938,0.100603,0.962179,0.094937,-0.360952,-1.260772,-0.500796,0.798422,-0.318572,0.143179,-1.484389,6.049844,3.764850,-0.121599,0.034993,0.000000,-0.032420,-0.076288,0.000000
5.110000,2.064610,1.765631,-1.410014,0.097033,0.949555,0.089936,-0.353042,-1.263655,-0.499176,0.783944,-0.257793,0.180786,-1.414170,6.105603,3.752151,-0.121897,0.034232,0.000000,-0.027050,-0.074795,-0.000000
5.120000,2.065562,1.775064,-1.409139,0.093542,0.936906,0.084954,-0.345273,-1.265928,-0.497181,0.770139,-0.196460,0.218222,-1.351242,6.160237,3.728235,-0.122140,0.033486,0.000000,-0.021627,-0.073376,0.000000
5.130000,2.066481,1.784370,-1.408315,0.090127,0.924237,0.079993,-0.337639,-1.267584,-0.494812,0.756919,-0.134588,0.255351,-1.294635,6.213266,3.694230,-0.122329,0.032753,0.000000,-0.016148,-0.072021,0.000000
5.140000,2.067365,1.793549,-1.407539,0.086789,0.911554,0.075057,-0.330135,-1.268619,-0.492073,0.744246,-0.072195,0.292106,-1.238967,6.264546,3.657526,-0.122463,0.032034,0.000000,-0.010614,-0.070727,0.000000
5.150000,2.068216,1.802601,-1.406813,0.083525,0.898864,0.070151,-0.322754,-1.269028,-0.488970,0.732139,-0.009297,0.328501,-1.182778,6.314014,3.620393,-0.122541,0.031328,0.000000,-0.005025,-0.069495,0.000000
5.160000,2.069036,1.811526,-1.406136,0.080334,0.886173,0.065278,-0.315492,-1.268805,-0.485503,0.720591,0.054086,0.364514,-1.129884,6.361356,3.577720,-0.122564,0.030634,0.000000,0.000620,-0.068325,0.000000
5.170000,2.069823,1.820324,-1.405508,0.077215,0.873488,0.060441,-0.308342,-1.267946,-0.481679,0.709542,0.117930,0.400056,-1.084194,6.405937,3.523978,-0.122529,0.029951,0.000000,0.006321,-0.067210,-0.000000
5.180000,2.070580,1.828996,-1.404928,0.074167,0.860815,0.055644,-0.301301,-1.266447,-0.477502,0.698907,0.182204,0.434994,-1.044735,6.447513,3.460584,-0.122437,0.029280,0.000000,0.012077,-0.066143,0.000000
5.190000,2.071306,1.837540,-1.404395,0.071189,0.848159,0.050891,-0.294364,-1.264302,-0.472979,0.688647,0.246880,0.469267,-1.006518,6.486405,3.394849,-0.122287,0.028619,0.000000,0.017889,-0.065120,0.000000
5.200000,2.072004,1.845959,-1.403910,0.068280,0.835529,0.046185,-0.287528,-1.261509,-0.468117,0.678776,0.311933,0.502891,-0.968169,6.522618,3.328974,-0.122079,0.027967,0.000000,0.023755,-0.064141,0.000000
5.210000,2.072672,1.854251,-1.403471,0.065438,0.822929,0.041529,-0.280789,-1.258064,-0.462922,0.669284,0.377333,0.535847,-0.933130,6.555538,3.258082,-0.121812,0.027326,0.000000,0.029674,-0.063205,0.000000
5.220000,2.073312,1.862417,-1.403079,0.062664,0.810367,0.036926,-0.274142,-1.253962,-0.457400,0.660114,0.443043,0.568052,-0.904847,6.584355,3.177044,-0.121486,0.026694,0.000000,0.035645,-0.062308,-0.000000
5.230000,2.073925,1.870458,-1.402733,0.059956,0.797850,0.032381,-0.267586,-1.249203,-0.451561,0.651187,0.509020,0.599388,-0.882322,6.608991,3.087386,-0.121099,0.026071,0.000000,0.041666,-0.061440,-0.000000
5.240000,2.074511,1.878374,-1.402432,0.057312,0.785383,0.027895,-0.261119,-1.243782,-0.445412,0.642467,0.575223,0.629800,-0.861062,6.629981,2.996085,-0.120652,0.025456,0.000000,0.047736,-0.060600,0.000000
5.250000,2.075072,1.886166,-1.402175,0.054733,0.772974,0.023473,-0.254737,-1.237698,-0.438965,0.633965,0.641619,0.659309,-0.840025,6.646915,2.904843,-0.120145,0.024850,0.000000,0.053852,-0.059786,0.000000
5.260000,2.075606,1.893834,-1.401962,0.052217,0.760629,0.019116,-0.248439,-1.230950,-0.432226,0.625667,0.708161,0.687897,-0.822202,6.659086,2.809181,-0.119575,0.024252,0.000000,0.060012,-0.058999,0.000000
5.270000,2.076116,1.901379,-1.401793,0.049764,0.748355,0.014828,-0.242224,-1.223535,-0.425207,0.617521,0.774801,0.715493,-0.809908,6.666917,2.705728,-0.118944,0.023661,0.000000,0.066213,-0.058232,0.000000
5.280000,2.076601,1.908801,-1.401665,0.047373,0.736159,0.010612,-0.236089,-1.215454,-0.417916,0.609469,0.841500,0.742012,-0.802212,6.670414,2.596092,-0.118251,0.023079,0.000000,0.072452,-0.057479,0.000000
5.290000,2.077063,1.916102,-1.401580,0.045043,0.724046,0.006470,-0.230034,-1.206705,-0.410366,0.601477,0.908209,0.767415,-0.796100,6.668406,2.484961,-0.117495,0.022504,0.000000,0.078728,-0.056738,0.000000
5.300000,2.077502,1.923282,-1.401536,0.042772,0.712024,0.002405,-0.224059,-1.197289,-0.402568,0.593547,0.974868,0.791711,-0.790549,6.660262,2.373543,-0.116676,0.021936,0.000000,0.085035,-0.056008,0.000000
5.310000,2.077919,1.930342,-1.401532,0.040561,0.700100,-0.001582,-0.218163,-1.187208,-0.394532,0.585666,1.041415,0.814886,-0.787396,6.646433,2.259113,-0.115794,0.021376,0.000000,0.091368,-0.055287,0.000000
5.320000,2.078314,1.937284,-1.401568,0.038409,0.688280,-0.005486,-0.212346,-1.176461,-0.386270,0.577799,1.107797,0.836893,-0.788863,6.627585,2.139545,-0.114849,0.020823,0.000000,0.097723,-0.054573,0.000000
5.330000,2.078687,1.944108,-1.401642,0.036314,0.676571,-0.009307,-0.206607,-1.165052,-0.377794,0.569889,1.173966,0.857677,-0.794343,6.603298,2.015984,-0.113840,0.020277,0.000000,0.104097,-0.053858,0.000000
5.340000,2.079040,1.950815,-1.401754,0.034277,0.664979,-0.013042,-0.200948,-1.152982,-0.369117,0.561912,1.239863,0.877213,-0.800843,6.572140,1.891631,-0.112767,0.019739,0.000000,0.110485,-0.053141,0.000000
5.350000,2.079373,1.957407,-1.401903,0.032296,0.653511,-0.016689,-0.195369,-1.140254,-0.360250,0.553872,1.305409,0.895509,-0.807432,6.533654,1.767302,-0.111630,0.019208,0.000000,0.116879,-0.052421,0.000000
5.360000,2.079686,1.963886,-1.402088,0.030370,0.642174,-0.020247,-0.189871,-1.126874,-0.351207,0.545763,1.370536,0.912559,-0.815898,6.488418,1.641325,-0.110429,0.018684,0.000000,0.123274,-0.051697,-0.000000
5.370000,2.079980,1.970251,-1.402308,0.028498,0.630974,-0.023713,-0.184454,-1.112844,-0.341999,0.537554,1.435177,0.928336,-0.828194,6.436623,1.512658,-0.109164,0.018167,0.000000,0.129664,-0.050967,-0.000000
5.380000,2.080256,1.976505,-1.402562,0.026680,0.619917,-0.027087,-0.179120,-1.098170,-0.332640,0.529199,1.499268,0.942812,-0.843629,6.377829,1.382290,-0.107836,0.017658,0.000000,0.136041,-0.050225,-0.000000
5.390000,2.080514,1.982649,-1.402849,0.024916,0.609011,-0.030366,-0.173870,-1.082858,-0.323143,0.520682,1.562734,0.955981,-0.859330,6.311241,1.252165,-0.106443,0.017157,0.000000,0.142400,-0.049469,-0.000000
5.400000,2.080754,1.988685,-1.403169,0.023203,0.598260,-0.033550,-0.168706,-1.066915,-0.313520,0.512013,1.625493,0.967855,-0.874750,6.236042,1.122156,-0.104988,0.016663,0.000000,0.148732,-0.048700,-0.000000
5.410000,2.080978,1.994614,-1.403520,0.021542,0.587672,-0.036637,-0.163630,-1.050348,-0.303786,0.503187,1.687455,0.978425,-0.891568,6.152391,0.991509,-0.103469,0.016177,0.000000,0.155027,-0.047917,0.000000
5.420000,2.081185,2.000439,-1.403902,0.019930,0.577253,-0.039626,-0.158642,-1.033166,-0.293952,0.494181,1.748541,0.987685,-0.910434,6.061656,0.861882,-0.101887,0.015700,0.000000,0.161278,-0.047118,-0.000000
5.430000,2.081376,2.006160,-1.404313,0.018369,0.567009,-0.042516,-0.153746,-1.015378,-0.284032,0.484978,1.808688,0.995662,-0.930597,5.963535,0.734141,-0.100243,0.015230,0.000000,0.167476,-0.046299,0.000000
5.440000,2.081552,2.011779,-1.404752,0.016856,0.556946,-0.045306,-0.148943,-0.996992,-0.274038,0.475569,1.867811,1.002368,-0.950920,5.855560,0.606577,-0.098537,0.014769,0.000000,0.173614,-0.045461,-0.000000
5.450000,2.081713,2.017298,-1.405219,0.015390,0.547069,-0.047996,-0.144235,-0.978021,-0.263984,0.465959,1.925799,1.007794,-0.971120,5.736844,0.478144,-0.096771,0.014317,0.000000,0.179679,-0.044603,-0.000000
5.460000,2.081860,2.022720,-1.405712,0.013971,0.537385,-0.050586,-0.139624,-0.958476,-0.253883,0.456147,1.982548,1.011931,-0.991674,5.608621,0.350574,-0.094944,0.013873,0.000000,0.185660,-0.043724,0.000000
5.470000,2.081993,2.028046,-1.406231,0.012597,0.527900,-0.053074,-0.135112,-0.938370,-0.243746,0.446126,2.037972,1.014805,-1.012739,5.472013,0.227466,-0.093057,0.013438,0.000000,0.191547,-0.042824,0.000000
5.480000,2.082112,2.033278,-1.406774,0.011269,0.518618,-0.055461,-0.130701,-0.917717,-0.233587,0.435892,2.091989,1.016480,-1.033938,5.326261,0.108907,-0.091113,0.013013,0.000000,0.197329,-0.041901,-0.000000
5.490000,2.082218,2.038418,-1.407340,0.009983,0.509545,-0.057746,-0.126394,-0.896531,-0.223416,0.425447,2.144497,1.016983,-1.054697,5.169276,-0.009351,-0.089111,0.012597,0.000000,0.202995,-0.040956,0.000000
5.500000,2.082312,2.043469,-1.407929,0.008741,0.500687,-0.059929,-0.122192,-0.874827,-0.213247,0.414798,2.195374,1.016293,-1.074674,5.000664,-0.128873,-0.087053,0.012190,0.000000,0.208532,-0.039990,-0.000000
5.510000,2.082393,2.048432,-1.408539,0.007540,0.492049,-0.062011,-0.118098,-0.852623,-0.203090,0.403954,2.244510,1.014406,-1.093959,4.821327,-0.246272,-0.084940,0.011794,0.000000,0.213926,-0.039001,-0.000000
5.520000,2.082462,2.053310,-1.409169,0.006379,0.483635,-0.063991,-0.114113,-0.829937,-0.192959,0.392919,2.291801,1.011368,-1.112860,4.631051,-0.356883,-0.082774,0.011407,0.000000,0.219165,-0.037991,0.000000
5.530000,2.082520,2.058105,-1.409818,0.005257,0.475450,-0.065870,-0.110240,-0.806787,-0.182863,0.381697,2.337131,1.007268,-1.131075,4.428969,-0.461216,-0.080557,0.011031,0.000000,0.224234,-0.036960,0.000000
5.540000,2.082568,2.062819,-1.410486,0.004174,0.467499,-0.067648,-0.106479,-0.783194,-0.172813,0.370298,2.380380,1.002144,-1.147769,4.214846,-0.564966,-0.078289,0.010666,0.000000,0.229119,-0.035908,-0.000000
5.550000,2.082604,2.067455,-1.411171,0.003128,0.459786,-0.069326,-0.102834,-0.759180,-0.162820,0.358741,2.421428,0.995969,-1.163022,3.989582,-0.669999,-0.075974,0.010311,0.000000,0.233806,-0.034838,-0.000000
5.560000,2.082630,2.072015,-1.411873,0.002117,0.452315,-0.070905,-0.099304,-0.734766,-0.152894,0.347037,2.460172,0.988744,-1.177064,3.752691,-0.772067,-0.073613,0.009967,0.000000,0.238282,-0.033749,0.000000
5.570000,2.082646,2.076501,-1.412589,0.001142,0.445091,-0.072384,-0.095893,-0.709976,-0.143045,0.335200,2.496482,0.980528,-1.188866,3.500502,-0.865964,-0.071209,0.009634,0.000000,0.242531,-0.032643,-0.000000
5.580000,2.082653,2.080917,-1.413320,0.000199,0.438116,-0.073766,-0.092600,-0.684836,-0.133283,0.323260,2.530182,0.971424,-1.198042,3.232421,-0.952541,-0.068763,0.009313,0.000000,0.246532,-0.031523,-0.000000
5.590000,2.082650,2.085264,-1.414065,-0.000710,0.431394,-0.075050,-0.089428,-0.659373,-0.123617,0.311239,2.561130,0.961477,-1.205592,2.952944,-1.038341,-0.066278,0.009002,0.000000,0.250269,-0.030391,-0.000000
5.600000,2.082639,2.089544,-1.414821,-0.001589,0.424928,-0.076238,-0.086376,-0.633614,-0.114054,0.299148,2.589241,0.950657,-1.211762,2.664238,-1.125583,-0.063757,0.008703,0.000000,0.253729,-0.029248,-0.000000
5.610000,2.082619,2.093762,-1.415590,-0.002438,0.418722,-0.077331,-0.083445,-0.607588,-0.104604,0.287004,2.614415,0.938965,-1.215580,2.362651,-1.209565,-0.061203,0.008416,0.000000,0.256901,-0.028096,-0.000000
5.620000,2.082590,2.097919,-1.416368,-0.003258,0.412777,-0.078330,-0.080636,-0.581325,-0.095275,0.274836,2.636494,0.926466,-1.215878,2.041945,-1.284421,-0.058619,0.008140,0.000000,0.259765,-0.026937,0.000000
5.630000,2.082553,2.102018,-1.417156,-0.004051,0.407095,-0.079236,-0.077948,-0.554858,-0.086074,0.262686,2.655254,0.913277,-1.212675,1.702477,-1.351259,-0.056008,0.007876,0.000000,0.262295,-0.025775,0.000000
5.640000,2.082509,2.106061,-1.417953,-0.004817,0.401679,-0.080051,-0.075382,-0.528220,-0.077009,0.250583,2.670543,0.899441,-1.207132,1.352122,-1.417686,-0.053373,0.007624,0.000000,0.264473,-0.024615,-0.000000
5.650000,2.082457,2.110051,-1.418757,-0.005558,0.396531,-0.080777,-0.072936,-0.501447,-0.068085,0.238544,2.682296,0.884923,-1.199438,0.994319,-1.485985,-0.050719,0.007384,0.000000,0.266290,-0.023456,-0.000000
5.660000,2.082398,2.113991,-1.419568,-0.006276,0.391651,-0.081413,-0.070611,-0.474574,-0.059311,0.226594,2.690429,0.869721,-1.188517,0.623262,-1.550900,-0.048048,0.007154,0.000000,0.267735,-0.022302,-0.000000
5.670000,2.082331,2.117884,-1.420385,-0.006970,0.387039,-0.081963,-0.068404,-0.447638,-0.050691,0.214773,2.694762,0.853905,-1.173409,0.229622,-1.606874,-0.045364,0.006937,0.000000,0.268785,-0.021157,0.000000
5.680000,2.082258,2.121732,-1.421208,-0.007644,0.382698,-0.082427,-0.066315,-0.420679,-0.042233,0.203126,2.695022,0.837584,-1.154173,-0.185771,-1.655416,-0.042672,0.006731,0.000000,0.269411,-0.020026,0.000000
5.690000,2.082179,2.125538,-1.422034,-0.008297,0.378626,-0.082807,-0.064342,-0.393738,-0.033939,0.191690,2.691046,0.820797,-1.131700,-0.610627,-1.703845,-0.039976,0.006536,0.000000,0.269594,-0.018912,0.000000
5.700000,2.082092,2.129305,-1.422864,-0.008931,0.374823,-0.083106,-0.062482,-0.366858,-0.025817,0.180492,2.682809,0.803507,-1.106454,-1.038884,-1.753907,-0.037280,0.006352,0.000000,0.269328,-0.017818,-0.000000
5.710000,2.082000,2.133035,-1.423696,-0.009546,0.371289,-0.083324,-0.060732,-0.340082,-0.017869,0.169561,2.670268,0.785718,-1.077541,-1.479265,-1.800734,-0.034589,0.006180,0.000000,0.268607,-0.016748,0.000000
5.720000,2.081902,2.136731,-1.424530,-0.010145,0.368021,-0.083463,-0.059090,-0.313453,-0.010102,0.158941,2.653224,0.767492,-1.043158,-1.947463,-1.840511,-0.031908,0.006017,0.000000,0.267408,-0.015706,0.000000
5.730000,2.081797,2.140395,-1.425365,-0.010728,0.365020,-0.083526,-0.057553,-0.287017,-0.002519,0.148698,2.631319,0.748908,-1.003307,-2.441933,-1.874882,-0.029241,0.005865,0.000000,0.265693,-0.014699,-0.000000
5.740000,2.081687,2.144031,-1.426201,-0.011296,0.362281,-0.083513,-0.056116,-0.260826,0.004876,0.138875,2.604385,0.729995,-0.960084,-2.941381,-1.908942,-0.026594,0.005723,0.000000,0.263441,-0.013732,-0.000000
5.750000,2.081571,2.147641,-1.427036,-0.011851,0.359803,-0.083428,-0.054776,-0.234930,0.012080,0.129496,2.572492,0.710729,-0.914113,-3.436598,-1.943752,-0.023973,0.005590,0.000000,0.260660,-0.012807,0.000000
5.760000,2.081450,2.151227,-1.427869,-0.012392,0.357582,-0.083272,-0.053527,-0.209376,0.019091,0.120593,2.535653,0.691120,-0.863741,-3.942176,-1.976130,-0.021381,0.005467,0.000000,0.257348,-0.011928,-0.000000
5.770000,2.081323,2.154792,-1.428701,-0.012921,0.355615,-0.083046,-0.052364,-0.184217,0.025903,0.112221,2.493648,0.671207,-0.807024,-4.480475,-2.003979,-0.018826,0.005352,0.000000,0.253481,-0.011100,0.000000
5.780000,2.081192,2.158339,-1.429530,-0.013439,0.353898,-0.082754,-0.051282,-0.159503,0.032515,0.104452,2.446044,0.651040,-0.744256,-5.048290,-2.028536,-0.016312,0.005245,0.000000,0.249014,-0.010332,0.000000
5.790000,2.081055,2.161870,-1.430356,-0.013947,0.352425,-0.082396,-0.050275,-0.135296,0.038924,0.097336,2.392682,0.630636,-0.677720,-5.614874,-2.052781,-0.013845,0.005145,0.000000,0.243930,-0.009628,0.000000
5.800000,2.080913,2.165388,-1.431178,-0.014445,0.351192,-0.081975,-0.049335,-0.111650,0.045127,0.090898,2.333746,0.609984,-0.607907,-6.166200,-2.077161,-0.011433,0.005052,0.000000,0.238245,-0.008992,-0.000000
5.810000,2.080766,2.168894,-1.431996,-0.014933,0.350192,-0.081494,-0.048457,-0.088621,0.051123,0.085178,2.269358,0.589093,-0.533105,-6.722939,-2.100040,-0.009081,0.004965,0.000000,0.231972,-0.008428,0.000000
5.820000,2.080614,2.172392,-1.432808,-0.015414,0.349420,-0.080953,-0.047632,-0.066263,0.056909,0.080236,2.199288,0.567984,-0.451886,-7.318788,-2.121131,-0.006794,0.004884,0.000000,0.225087,-0.007942,-0.000000
5.830000,2.080457,2.175883,-1.433615,-0.015886,0.348867,-0.080355,-0.046852,-0.044635,0.062483,0.076140,2.122983,0.546670,-0.364695,-7.946762,-2.141283,-0.004579,0.004807,0.000000,0.217533,-0.007541,0.000000
5.840000,2.080296,2.179369,-1.434415,-0.016351,0.348527,-0.079703,-0.046109,-0.023803,0.067843,0.072942,2.040352,0.525158,-0.273113,-8.560453,-2.161125,-0.002443,0.004733,0.000000,0.209300,-0.007232,0.000000
5.850000,2.080130,2.182853,-1.435209,-0.016808,0.348391,-0.078999,-0.045393,-0.003828,0.072986,0.070678,1.951773,0.503448,-0.177128,-9.155490,-2.180773,-0.000393,0.004662,0.000000,0.200426,-0.007017,-0.000000
5.860000,2.079960,2.186337,-1.435995,-0.017259,0.348450,-0.078243,-0.044696,0.015232,0.077912,0.069399,1.857243,0.481542,-0.075585,-9.761377,-2.200228,0.001565,0.004593,0.000000,0.190912,-0.006904,0.000000
5.870000,2.079785,2.189822,-1.436774,-0.017702,0.348696,-0.077440,-0.044005,0.033317,0.082617,0.069166,1.756546,0.459443,0.031670,-10.379524,-2.219697,0.003425,0.004524,0.000000,0.180735,-0.006897,0.000000
5.880000,2.079606,2.193311,-1.437544,-0.018139,0.349117,-0.076591,-0.043312,0.050363,0.087100,0.070033,1.649652,0.437149,0.144337,-10.998134,-2.239425,0.005180,0.004455,0.000000,0.169893,-0.007002,0.000000
5.890000,2.079422,2.196804,-1.438305,-0.018568,0.349703,-0.075698,-0.042605,0.066310,0.091360,0.072053,1.536583,0.414655,0.262459,-11.615316,-2.259643,0.006823,0.004384,0.000000,0.158389,-0.007227,0.000000
5.900000,2.079235,2.200305,-1.439058,-0.018991,0.350443,-0.074764,-0.041871,0.081095,0.095394,0.075282,1.417346,0.391956,0.386151,-12.231299,-2.280584,0.008347,0.004310,0.000000,0.146224,-0.007575,0.000000
5.910000,2.079043,2.203813,-1.439801,-0.019406,0.351325,-0.073790,-0.041099,0.094657,0.099199,0.079776,1.291957,0.369043,0.515483,-12.844953,-2.302426,0.009747,0.004232,0.000000,0.133400,-0.008054,0.000000
5.920000,2.078846,2.207331,-1.440534,-0.019813,0.352336,-0.072780,-0.040276,0.106934,0.102774,0.085592,1.160447,0.345907,0.650522,-13.455062,-2.325370,0.011015,0.004149,0.000000,0.119922,-0.008669,0.000000
5.930000,2.078646,2.210860,-1.441256,-0.020211,0.353464,-0.071735,-0.039387,0.117866,0.106117,0.092786,1.022856,0.322536,0.791342,-14.060417,-2.349648,0.012146,0.004059,0.000000,0.105795,-0.009426,0.000000
5.940000,2.078442,2.214401,-1.441968,-0.020601,0.354693,-0.070658,-0.038420,0.127391,0.109225,0.101418,0.879238,0.298914,0.938004,-14.659801,-2.375467,0.013131,0.003960,0.000000,0.091025,-0.010332,0.000000
5.950000,2.078234,2.217954,-1.442669,-0.020980,0.356011,-0.069550,-0.037359,0.135451,0.112096,0.111546,0.729660,0.275026,1.090566,-15.251995,-2.403034,0.013966,0.003852,0.000000,0.075620,-0.011392,0.000000
5.960000,2.078023,2.221521,-1.443359,-0.021348,0.357402,-0.068416,-0.036189,0.141984,0.114726,0.123230,0.574199,0.250853,1.249098,-15.835791,-2.432566,0.014644,0.003733,0.000000,0.059591,-0.012612,0.000000
5.970000,2.077807,2.225102,-1.444038,-0.021704,0.358851,-0.067256,-0.034894,0.146935,0.117113,0.136528,0.412944,0.226375,20.252804,-111.512896,-79.242822,0.015158,0.003600,0.000000,0.042947,-0.014000,0.000000
5.980000,2.077589,2.228698,-1.444704,-0.022046,0.360341,-0.066073,-0.033458,0.150243,0.119253,0.528286,-1.656059,-1.334003,36.934346,-205.889604,-157.942576,0.015502,0.003453,0.000000,-0.172979,-0.054982,-0.000000
5.990000,2.077366,2.232309,-1.445359,-0.022373,0.361856,-0.064871,-0.024329,0.113813,0.090433,0.875215,-3.704848,-2.932477,15.458116,-105.531852,-82.444381,0.011709,0.002503,0.000000,-0.384650,-0.090795,0.000000
6.000000,2.077141,2.235935,-1.446002,-0.022532,0.362617,-0.064265,-0.015954,0.076146,0.060604,0.837448,-3.766696,-2.982891,-3.776719,-6.184847,-5.041404,0.007810,0.001636,0.000000,-0.388716,-0.086395,-0.000000
