time,x,y,z,vx,vy,vz,ax,ay,az,jx,jy,jz,sx,sy,sz,roll,pitch,yaw,p,q,r
0.000000,-2.999629,-0.715920,-1.391004,-0.021667,-0.005234,0.012586,1.037597,-0.275646,-0.271019,-16.685181,4.524637,8.150060,302.625276,-57.373269,-191.568907,-0.027193,-0.102565,0.000000,0.419814,1.554845,-0.000000
0.010000,-2.999796,-0.715985,-1.390890,-0.012076,-0.007773,0.010253,0.885282,-0.233159,-0.198600,-13.836172,3.983311,6.382279,267.664851,-50.980155,-162.500815,-0.023201,-0.088223,0.000000,0.378739,1.315376,0.000000
0.020000,-2.999875,-0.716074,-1.390797,-0.003872,-0.009914,0.008560,0.759757,-0.195775,-0.142455,-11.322332,3.503305,4.890039,235.570233,-45.105766,-136.434314,-0.019611,-0.076191,0.000000,0.339577,1.093550,0.000000
0.030000,-2.999878,-0.716182,-1.390717,0.003198,-0.011704,0.007358,0.657811,-0.162906,-0.099978,-9.115637,3.079542,3.644112,206.214623,-39.727622,-113.212043,-0.016401,-0.066281,0.000000,0.302986,0.891387,-0.000000
0.040000,-2.999814,-0.716307,-1.390648,0.009353,-0.013185,0.006523,0.576509,-0.134013,-0.068844,-7.189332,2.707173,2.616842,179.471172,-34.823236,-92.676624,-0.013542,-0.058292,0.000000,0.269374,0.709809,-0.000000
0.050000,-2.999693,-0.716445,-1.390586,0.014788,-0.014396,0.005950,0.513175,-0.108606,-0.046999,-5.517921,2.381572,1.782147,155.213821,-30.370223,-74.670780,-0.011003,-0.052015,0.000000,0.238953,0.548863,-0.000000
0.060000,-2.999520,-0.716594,-1.390529,0.019669,-0.015367,0.005558,0.465382,-0.086240,-0.032641,-4.077190,2.098339,1.115519,133.314951,-26.345994,-59.037070,-0.008752,-0.047247,0.000000,0.211774,0.407951,-0.000000
0.070000,-2.999301,-0.716752,-1.390475,0.024140,-0.016129,0.005278,0.430939,-0.066512,-0.024205,-2.844182,1.853298,0.594023,113.648130,-22.728113,-45.618168,-0.006757,-0.043792,0.000000,0.187772,0.286011,-0.000000
0.080000,-2.999038,-0.716916,-1.390423,0.028325,-0.016705,0.005058,0.407879,-0.049060,-0.020348,-1.797210,1.642497,0.196297,96.086621,-19.494093,-34.256742,-0.004986,-0.041468,0.000000,0.166799,0.181679,-0.000000
0.090000,-2.998735,-0.717085,-1.390373,0.032330,-0.017117,0.004859,0.394443,-0.033561,-0.019933,-0.915855,1.462211,-0.097446,80.503677,-16.621429,-24.795491,-0.003411,-0.040105,0.000000,0.148651,0.093417,0.000000
0.100000,-2.998392,-0.717258,-1.390326,0.036241,-0.017382,0.004651,0.389073,-0.019726,-0.022012,-0.180966,1.308937,-0.305418,66.772342,-14.087830,-17.076698,-0.002005,-0.039551,0.000000,0.133086,0.019604,-0.000000
0.110000,-2.998010,-0.717432,-1.390280,0.040133,-0.017516,0.004414,0.390395,-0.007303,-0.025811,0.425341,1.179399,-0.444263,54.766130,-11.870599,-10.943437,-0.000742,-0.039670,0.000000,0.119849,-0.041386,-0.000000
0.120000,-2.997589,-0.717608,-1.390238,0.044067,-0.017532,0.004132,0.397207,0.003931,-0.030717,0.919684,1.070545,-0.529047,44.358179,-9.947340,-6.238195,0.000399,-0.040342,0.000000,0.108676,-0.091139,-0.000000
0.130000,-2.997129,-0.717783,-1.390198,0.048092,-0.017441,0.003797,0.408467,0.014168,-0.036257,1.317410,0.979547,-0.573263,35.421756,-8.295577,-2.803630,0.001438,-0.041461,0.000000,0.099307,-0.131157,0.000000
0.140000,-2.996627,-0.717956,-1.390162,0.052248,-0.017251,0.003405,0.423280,0.023573,-0.042087,1.632602,0.903804,-0.588831,27.830223,-6.892838,-0.482433,0.002390,-0.042937,0.000000,0.091493,-0.162842,-0.000000
0.150000,-2.996083,-0.718127,-1.390130,0.056567,-0.016972,0.002955,0.440887,0.032286,-0.047973,1.878076,0.840935,-0.586099,21.457147,-5.716666,0.882638,0.003272,-0.044694,0.000000,0.084997,-0.187478,0.000000
0.160000,-2.995495,-0.718295,-1.390103,0.061073,-0.016608,0.002446,0.460648,0.040427,-0.053777,2.065366,0.788790,-0.573832,16.173929,-4.744532,1.449751,0.004094,-0.046667,0.000000,0.079602,-0.206221,0.000000
0.170000,-2.994861,-0.718459,-1.390081,0.065786,-0.016165,0.001880,0.482035,0.048092,-0.059442,2.204765,0.745439,-0.559238,11.855982,-3.954002,1.375264,0.004867,-0.048802,0.000000,0.075110,-0.220098,-0.000000
0.180000,-2.994179,-0.718618,-1.390066,0.070718,-0.015647,0.001258,0.504614,0.055359,-0.064973,2.305279,0.709180,-0.547940,8.375838,-3.322571,0.816900,0.005599,-0.051056,0.000000,0.071344,-0.230007,0.000000
0.190000,-2.993446,-0.718772,-1.390056,0.075881,-0.015059,0.000581,0.528037,0.062294,-0.070425,2.374652,0.678533,-0.543989,5.606902,-2.827733,-0.067978,0.006296,-0.053392,0.000000,0.068148,-0.236716,-0.000000
0.200000,-2.992660,-0.718919,-1.390054,0.081281,-0.014402,-0.000151,0.552025,0.068945,-0.075886,2.419355,0.652242,-0.549863,3.421450,-2.447253,-1.122005,0.006963,-0.055782,0.000000,0.065390,-0.240865,0.000000
0.210000,-2.991819,-0.719060,-1.390060,0.086921,-0.013680,-0.000935,0.575993,0.075410,-0.080739,2.360938,0.643038,-0.401838,0.040014,-1.886415,1.066485,0.007611,-0.058170,0.000000,0.064487,-0.235530,0.000000
0.220000,-2.990921,-0.719193,-1.390073,0.092801,-0.012895,-0.001767,0.600363,0.081621,-0.086260,2.560160,0.591444,-0.801368,25.241399,-6.040202,-52.191453,0.008232,-0.060591,0.000000,0.058858,-0.252848,0.000000
0.230000,-2.989963,-0.719318,-1.390095,0.098935,-0.012050,-0.002674,0.626423,0.087365,-0.095355,2.559835,0.572493,-0.841336,-25.710802,2.314511,45.103007,0.008802,-0.063157,0.000000,0.056789,-0.252040,-0.000000
0.240000,-2.988941,-0.719434,-1.390127,0.105323,-0.011147,-0.003662,0.650722,0.093208,-0.101526,2.342797,0.588885,-0.481387,-2.886422,-1.473212,-2.161531,0.009384,-0.065559,0.000000,0.058683,-0.232171,-0.000000
0.250000,-2.987855,-0.719540,-1.390169,0.111948,-0.010186,-0.004704,0.674376,0.098961,-0.107211,2.377566,0.563473,-0.637769,-4.839869,-1.196756,-0.149811,0.009955,-0.067896,0.000000,0.055882,-0.234273,-0.000000
0.260000,-2.986702,-0.719637,-1.390221,0.118809,-0.009168,-0.005808,0.697787,0.104561,-0.113592,2.300109,0.557195,-0.638235,-6.128453,-1.014775,0.016594,0.010510,-0.070200,0.000000,0.055161,-0.226129,0.000000
0.270000,-2.985478,-0.719723,-1.390285,0.125902,-0.008095,-0.006976,0.720703,0.110034,-0.119973,2.296943,0.534315,-0.637823,1.171044,-2.646799,0.101333,0.011051,-0.072452,0.000000,0.052770,-0.225451,0.000000
0.280000,-2.984183,-0.719799,-1.390361,0.133223,-0.006968,-0.008208,0.743490,0.115294,-0.126342,2.232665,0.523472,-0.635464,-14.136442,0.501492,0.369755,0.011570,-0.074686,0.000000,0.051599,-0.218672,0.000000
0.290000,-2.982813,-0.719863,-1.390449,0.140767,-0.005789,-0.009503,0.765104,0.120554,-0.132676,2.102799,0.525619,-0.631211,-7.417714,-1.006327,0.441832,0.012089,-0.076800,0.000000,0.051743,-0.205376,-0.000000
0.300000,-2.981367,-0.719914,-1.390551,0.148523,-0.004558,-0.010861,0.785871,0.125735,-0.138965,2.047391,0.511150,-0.626344,-8.027615,-0.965026,0.567122,0.012598,-0.078827,0.000000,0.050218,-0.199555,0.000000
0.310000,-2.979842,-0.719954,-1.390667,0.156482,-0.003275,-0.012282,0.805886,0.130807,-0.145199,1.953674,0.503626,-0.620346,-8.492532,-0.960260,0.675975,0.013096,-0.080775,0.000000,0.049398,-0.189941,-0.000000
0.320000,-2.978237,-0.719980,-1.390797,0.164638,-0.001942,-0.013765,0.825110,0.135773,-0.151364,1.898189,0.488038,-0.612423,-4.733694,-1.756085,0.861725,0.013583,-0.082642,0.000000,0.047775,-0.184182,-0.000000
0.330000,-2.976549,-0.719992,-1.390942,0.172983,-0.000560,-0.015309,0.843739,0.140586,-0.157446,1.814260,0.476939,-0.604091,-12.106590,-0.453902,0.801726,0.014053,-0.084448,0.000000,0.046609,-0.175612,-0.000000
0.340000,-2.974776,-0.719991,-1.391103,0.181509,0.000870,-0.016913,0.861276,0.145331,-0.163446,1.699657,0.470719,-0.595505,-8.639197,-1.201221,0.959770,0.014517,-0.086143,0.000000,0.045940,-0.164021,-0.000000
0.350000,-2.972918,-0.719975,-1.391281,0.190205,0.002346,-0.018577,0.877897,0.149966,-0.169350,1.623290,0.456337,-0.585310,-8.782355,-1.270257,1.032027,0.014969,-0.087745,0.000000,0.044458,-0.156278,-0.000000
0.360000,-2.970972,-0.719944,-1.391475,0.199064,0.003869,-0.020300,0.893665,0.154469,-0.175151,1.529479,0.444096,-0.574779,-8.860690,-1.358362,1.096214,0.015407,-0.089262,0.000000,0.043199,-0.146830,-0.000000
0.370000,-2.968936,-0.719897,-1.391687,0.208076,0.005435,-0.022080,0.908575,0.158831,-0.180842,1.456445,0.427491,-0.563195,-6.817719,-1.791403,1.196592,0.015831,-0.090691,0.000000,0.041509,-0.139480,-0.000000
0.380000,-2.966810,-0.719835,-1.391917,0.217233,0.007045,-0.023916,0.922743,0.163023,-0.186414,1.370606,0.411868,-0.551352,-10.378031,-1.329344,1.170136,0.016238,-0.092047,0.000000,0.039925,-0.130886,0.000000
0.390000,-2.964591,-0.719756,-1.392165,0.226527,0.008695,-0.025808,0.935932,0.167073,-0.191869,1.270805,0.397373,-0.539353,-8.488757,-1.745809,1.251446,0.016630,-0.093304,0.000000,0.038461,-0.120935,0.000000
0.400000,-2.962279,-0.719661,-1.392433,0.235949,0.010386,-0.027753,0.948247,0.170953,-0.197198,1.191664,0.378410,-0.526538,-8.419750,-1.873877,1.287420,0.017005,-0.094474,0.000000,0.036557,-0.113063,-0.000000
0.410000,-2.959872,-0.719548,-1.392721,0.245489,0.012114,-0.029751,0.959731,0.174642,-0.202399,1.105169,0.359365,-0.513533,-8.320584,-2.011591,1.318170,0.017361,-0.095562,0.000000,0.034653,-0.104488,-0.000000
0.420000,-2.957369,-0.719418,-1.393028,0.255141,0.013878,-0.031801,0.970399,0.178129,-0.207467,1.030423,0.337463,-0.500142,-7.164495,-2.296578,1.353783,0.017697,-0.096569,0.000000,0.032470,-0.097100,-0.000000
0.430000,-2.954768,-0.719271,-1.393357,0.264895,0.015676,-0.033900,0.980319,0.181390,-0.212401,0.950620,0.314955,-0.486587,-8.810514,-2.203419,1.356257,0.018011,-0.097503,0.000000,0.030234,-0.089232,0.000000
0.440000,-2.952070,-0.719105,-1.393707,0.274744,0.017505,-0.036049,0.989388,0.184427,-0.217199,0.865157,0.291897,-0.472923,-7.736211,-2.482954,1.381101,0.018302,-0.098352,0.000000,0.027951,-0.080827,-0.000000
0.450000,-2.949273,-0.718920,-1.394078,0.284680,0.019363,-0.038244,0.997670,0.187217,-0.221859,0.791298,0.265912,-0.459019,-7.574635,-2.640734,1.393141,0.018569,-0.099124,0.000000,0.025382,-0.073587,-0.000000
0.460000,-2.946376,-0.718717,-1.394472,0.294695,0.021248,-0.040485,1.005201,0.189742,-0.226379,0.715032,0.238861,-0.445007,-7.399831,-2.802622,1.402440,0.018809,-0.099823,0.000000,0.022714,-0.066128,0.000000
0.470000,-2.943379,-0.718495,-1.394888,0.304782,0.023157,-0.042771,1.011999,0.191986,-0.230759,0.645878,0.209552,-0.431037,-6.699079,-3.027768,1.397109,0.019022,-0.100450,0.000000,0.019827,-0.059385,-0.000000
0.480000,-2.940281,-0.718254,-1.395327,0.314933,0.025087,-0.045100,1.018112,0.193929,-0.234999,0.575417,0.178963,-0.416948,-7.400630,-3.089425,1.420586,0.019205,-0.101010,0.000000,0.016820,-0.052528,0.000000
0.490000,-2.937080,-0.717994,-1.395790,0.325141,0.027035,-0.047471,1.023500,0.195562,-0.239098,0.503327,0.147121,-0.402754,-6.745046,-3.310966,1.411822,0.019358,-0.101500,0.000000,0.013694,-0.045524,-0.000000
0.500000,-2.933778,-0.717713,-1.396277,0.335400,0.028997,-0.049881,1.028207,0.196864,-0.243055,0.438226,0.113012,-0.388668,-6.546218,-3.478993,1.411428,0.019478,-0.101924,0.000000,0.010348,-0.039219,-0.000000
0.510000,-2.930372,-0.717414,-1.396788,0.345703,0.030971,-0.052331,1.032263,0.197817,-0.246871,0.373180,0.077487,-0.374507,-6.341058,-3.646774,1.410614,0.019565,-0.102284,0.000000,0.006867,-0.032931,0.000000
0.520000,-2.926863,-0.717094,-1.397323,0.356044,0.032952,-0.054818,1.035687,0.198406,-0.250546,0.312529,0.039888,-0.360551,-5.906719,-3.852697,1.390209,0.019615,-0.102584,0.000000,0.003185,-0.027083,0.000000
0.530000,-2.923251,-0.716755,-1.397884,0.366415,0.034938,-0.057342,1.038515,0.198610,-0.254081,0.252576,0.000857,-0.346499,-6.087356,-3.952720,1.420306,0.019628,-0.102826,0.000000,-0.000634,-0.021313,0.000000
0.540000,-2.919535,-0.716395,-1.398470,0.376812,0.036923,-0.059900,1.040740,0.198419,-0.257475,0.193169,-0.039567,-0.332341,-5.675093,-4.152023,1.401603,0.019602,-0.103011,0.000000,-0.004586,-0.015605,0.000000
0.550000,-2.915715,-0.716016,-1.399082,0.387228,0.038905,-0.062491,1.042395,0.197812,-0.260729,0.138073,-0.082004,-0.318387,-5.463485,-4.314944,1.399553,0.019535,-0.103140,0.000000,-0.008735,-0.010325,0.000000
0.560000,-2.911790,-0.715617,-1.399720,0.397658,0.040878,-0.065114,1.043505,0.196774,-0.263842,0.084263,-0.125927,-0.304293,-5.249932,-4.476003,1.399974,0.019427,-0.103217,0.000000,-0.013026,-0.005179,0.000000
0.570000,-2.907762,-0.715199,-1.400385,0.408096,0.042839,-0.067767,1.044091,0.195288,-0.266816,0.033520,-0.171575,-0.290563,-4.945768,-4.646601,1.365177,0.019274,-0.103245,0.000000,-0.017486,-0.000335,-0.000000
0.580000,-2.903629,-0.714761,-1.401076,0.418538,0.044782,-0.070449,1.044180,0.193337,-0.269653,-0.015644,-0.218713,-0.276590,-4.888707,-4.780035,1.430222,0.019077,-0.103225,0.000000,-0.022090,0.004347,0.000000
0.590000,-2.899391,-0.714303,-1.401794,0.428978,0.046704,-0.073160,1.043783,0.190909,-0.272347,-0.063303,-0.267294,-0.262334,-4.595566,-4.942110,1.402284,0.018832,-0.103158,0.000000,-0.026833,0.008876,0.000000
0.600000,-2.895049,-0.713827,-1.402539,0.439412,0.048599,-0.075896,1.042925,0.187986,-0.274901,-0.107963,-0.317485,-0.248377,-4.384012,-5.088836,1.408391,0.018539,-0.103048,0.000000,-0.031735,0.013110,-0.000000
0.610000,-2.890603,-0.713331,-1.403312,0.449835,0.050462,-0.078657,1.041628,0.184554,-0.277314,-0.150967,-0.369061,-0.234166,-4.175578,-5.230646,1.417831,0.018197,-0.102897,0.000000,-0.036771,0.017177,-0.000000
0.620000,-2.886052,-0.712817,-1.404112,0.460243,0.052288,-0.081442,1.039916,0.180600,-0.279585,-0.191100,-0.422126,-0.220148,-3.891323,-5.376575,1.400968,0.017803,-0.102706,0.000000,-0.041954,0.020963,-0.000000
0.630000,-2.881398,-0.712286,-1.404941,0.470632,0.054072,-0.084248,1.037811,0.176108,-0.281715,-0.229637,-0.476473,-0.205829,-3.817554,-5.491841,1.463892,0.017357,-0.102478,0.000000,-0.047263,0.024589,-0.000000
0.640000,-2.876640,-0.711736,-1.405797,0.480998,0.055808,-0.087076,1.035328,0.171066,-0.283700,-0.266648,-0.532039,-0.191159,-3.544606,-5.625184,1.455607,0.016858,-0.102214,0.000000,-0.052691,0.028061,-0.000000
0.650000,-2.871778,-0.711170,-1.406682,0.491338,0.057492,-0.089922,1.032489,0.165462,-0.285539,-0.300872,-0.588913,-0.176576,-3.341146,-5.743796,1.475951,0.016303,-0.101917,0.000000,-0.058249,0.031260,-0.000000
0.660000,-2.866813,-0.710586,-1.407596,0.501647,0.059116,-0.092786,1.029316,0.159285,-0.287230,-0.333318,-0.646826,-0.161664,-3.138036,-5.854065,1.499389,0.015692,-0.101589,0.000000,-0.063910,0.034282,0.000000
0.670000,-2.861745,-0.709987,-1.408538,0.511923,0.060675,-0.095666,1.025830,0.152521,-0.288772,-0.363542,-0.706123,-0.146647,-2.917130,-5.988005,1.512034,0.015024,-0.101232,0.000000,-0.069709,0.037087,0.000000
0.680000,-2.856575,-0.709373,-1.409509,0.522163,0.062164,-0.098561,1.022051,0.145160,-0.290162,-0.391876,-0.766224,-0.131255,-2.750214,-6.030478,1.567215,0.014298,-0.100848,0.000000,-0.075590,0.039703,-0.000000
0.690000,-2.851302,-0.708744,-1.410509,0.532363,0.063576,-0.101469,1.017998,0.137194,-0.291396,-0.418349,-0.827030,-0.115441,-2.534432,-6.145601,1.588894,0.013512,-0.100439,0.000000,-0.081542,0.042135,0.000000
0.700000,-2.845928,-0.708102,-1.411539,0.542522,0.064906,-0.104388,1.013692,0.128615,-0.292470,-0.442656,-0.888971,-0.099397,-2.337323,-6.225014,1.627599,0.012667,-0.100006,0.000000,-0.087610,0.044354,-0.000000
0.710000,-2.840452,-0.707447,-1.412597,0.552636,0.066147,-0.107318,1.009152,0.119413,-0.293382,-0.465020,-0.951540,-0.082833,-2.140551,-6.295922,1.671509,0.011760,-0.099552,0.000000,-0.093743,0.046379,0.000000
0.720000,-2.834875,-0.706779,-1.413685,0.562704,0.067292,-0.110255,1.004397,0.109581,-0.294127,-0.485517,-1.014939,-0.066086,-1.954429,-6.373989,1.692655,0.010792,-0.099079,0.000000,-0.099963,0.048222,-0.000000
0.730000,-2.829198,-0.706101,-1.414802,0.572723,0.068336,-0.113200,0.999448,0.099113,-0.294701,-0.504014,-1.078814,-0.048669,-1.745147,-6.399334,1.791820,0.009761,-0.098589,0.000000,-0.106234,0.049865,0.000000
0.740000,-2.823421,-0.705413,-1.415949,0.582692,0.069272,-0.116149,0.994324,0.088004,-0.295097,-0.520521,-1.143063,-0.030519,-1.561317,-6.457095,1.824795,0.008667,-0.098083,0.000000,-0.112548,0.051309,-0.000000
0.750000,-2.817544,-0.704716,-1.417125,0.592609,0.070094,-0.119101,0.989044,0.076249,-0.295311,-0.535200,-1.207850,-0.012035,-1.370569,-6.490605,1.886697,0.007509,-0.097563,0.000000,-0.118921,0.052574,-0.000000
0.760000,-2.811569,-0.704012,-1.418331,0.602473,0.070795,-0.122054,0.983626,0.063846,-0.295335,-0.547939,-1.272850,0.007219,-1.181522,-6.514016,1.953574,0.006288,-0.097032,0.000000,-0.125323,0.053644,0.000000
0.770000,-2.805495,-0.703301,-1.419566,0.612282,0.071369,-0.125007,0.978091,0.050791,-0.295165,-0.558874,-1.338153,0.026948,-1.001814,-6.538777,2.004067,0.005003,-0.096491,0.000000,-0.131764,0.054536,-0.000000
0.780000,-2.799323,-0.702585,-1.420831,0.622034,0.071809,-0.127957,0.972455,0.037083,-0.294793,-0.567897,-1.403463,0.047547,-0.802958,-6.521217,2.116896,0.003653,-0.095942,0.000000,-0.138214,0.055236,0.000000
0.790000,-2.793054,-0.701865,-1.422125,0.631730,0.072108,-0.130902,0.966739,0.022723,-0.294211,-0.575019,-1.468664,0.069080,-0.625822,-6.523247,2.179422,0.002239,-0.095387,0.000000,-0.144663,0.055744,-0.000000
0.800000,-2.786689,-0.701143,-1.423449,0.641369,0.072261,-0.133840,0.960961,0.007710,-0.293410,-0.580386,-1.533839,0.091245,-0.443725,-6.503786,2.265540,0.000760,-0.094827,0.000000,-0.151121,0.056078,-0.000000
0.810000,-2.780227,-0.700420,-1.424802,0.650949,0.072260,-0.136770,0.955138,-0.007953,-0.292383,-0.583796,-1.598691,0.114401,-0.261200,-6.472470,2.357019,-0.000784,-0.094266,0.000000,-0.157559,0.056215,-0.000000
0.820000,-2.773670,-0.699698,-1.426184,0.660472,0.072100,-0.139687,0.949289,-0.024263,-0.291120,-0.585824,-1.663321,0.138314,-0.122939,-6.444010,2.435738,-0.002392,-0.093703,0.000000,-0.163989,0.056213,-0.000000
0.830000,-2.767018,-0.698979,-1.427596,0.669935,0.071773,-0.142591,0.943429,-0.041218,-0.289613,-0.585801,-1.727374,0.163325,0.127941,-6.364434,2.567436,-0.004063,-0.093142,0.000000,-0.170377,0.056003,-0.000000
0.840000,-2.760272,-0.698263,-1.429036,0.679340,0.071273,-0.145479,0.937580,-0.058808,-0.287849,-0.583717,-1.790721,0.189493,0.266256,-6.310524,2.657845,-0.005799,-0.092584,0.000000,-0.176710,0.055584,-0.000000
0.850000,-2.753431,-0.697554,-1.430505,0.688687,0.070595,-0.148347,0.931758,-0.077030,-0.285820,-0.580296,-1.853479,0.216576,0.439606,-6.231500,2.768734,-0.007597,-0.092031,0.000000,-0.183003,0.055029,0.000000
0.860000,-2.746498,-0.696852,-1.432003,0.697976,0.069731,-0.151194,0.925980,-0.095875,-0.283513,-0.575213,-1.915280,0.244932,0.605908,-6.139051,2.886273,-0.009459,-0.091484,0.000000,-0.189220,0.054303,-0.000000
0.870000,-2.739472,-0.696160,-1.433529,0.707207,0.068675,-0.154017,0.920262,-0.115333,-0.280918,-0.567911,-1.976334,0.274172,0.825026,-6.057457,2.978255,-0.011382,-0.090945,0.000000,-0.195383,0.053354,0.000000
0.880000,-2.732354,-0.695479,-1.435083,0.716381,0.067422,-0.156812,0.914625,-0.135397,-0.278025,-0.559328,-2.036130,0.304840,0.890324,-5.899239,3.156563,-0.013366,-0.090417,0.000000,-0.201443,0.052271,0.000000
0.890000,-2.725145,-0.694812,-1.436665,0.725499,0.065965,-0.159576,0.909079,-0.156051,-0.274817,-0.549530,-2.094522,0.337004,1.098002,-5.789307,3.261195,-0.015410,-0.089900,0.000000,-0.207389,0.051057,-0.000000
0.900000,-2.717844,-0.694161,-1.438275,0.734563,0.064299,-0.162307,0.903642,-0.177284,-0.271282,-0.537622,-2.151768,0.370210,1.253707,-5.645403,3.396881,-0.017513,-0.089397,0.000000,-0.213245,0.049631,0.000000
0.910000,-2.710454,-0.693527,-1.439911,0.743573,0.062418,-0.165000,0.898331,-0.199081,-0.267407,-0.524360,-2.207398,0.404988,1.407468,-5.487938,3.538413,-0.019675,-0.088908,0.000000,-0.218969,0.048060,-0.000000
0.920000,-2.702973,-0.692913,-1.441575,0.752530,0.060316,-0.167654,0.893161,-0.221427,-0.263179,-0.509397,-2.261570,0.440800,1.575759,-5.334924,3.644949,-0.021892,-0.088436,0.000000,-0.224577,0.046314,-0.000000
0.930000,-2.695403,-0.692321,-1.443264,0.761437,0.057987,-0.170263,0.888148,-0.244306,-0.258585,-0.493041,-2.313858,0.478328,1.694785,-5.119987,3.862047,-0.024166,-0.087982,0.000000,-0.230029,0.044419,0.000000
0.940000,-2.687744,-0.691754,-1.444980,0.770294,0.055428,-0.172824,0.883305,-0.267698,-0.253606,-0.475330,-2.364112,0.517642,1.855941,-4.937930,3.980729,-0.026492,-0.087548,0.000000,-0.235314,0.042376,0.000000
0.950000,-2.679997,-0.691214,-1.446721,0.779103,0.052632,-0.175334,0.878647,-0.291582,-0.248229,-0.456004,-2.412492,0.558128,1.999608,-4.726402,4.137763,-0.028871,-0.087135,0.000000,-0.240446,0.040166,-0.000000
0.960000,-2.672163,-0.690702,-1.448486,0.787867,0.049595,-0.177787,0.874190,-0.315940,-0.242437,-0.435172,-2.458606,0.600451,2.143695,-4.500874,4.299975,-0.031301,-0.086745,0.000000,-0.245391,0.037791,-0.000000
0.970000,-2.664240,-0.690222,-1.450276,0.796588,0.046311,-0.180181,0.869946,-0.340747,-0.236216,-0.413346,-2.502526,0.643886,2.242991,-4.274218,4.414098,-0.033779,-0.086379,0.000000,-0.250156,0.035309,0.000000
0.980000,-2.656231,-0.689777,-1.452090,0.805267,0.042778,-0.182510,0.865928,-0.365982,-0.229553,-0.389861,-2.543905,0.689299,2.454273,-3.999005,4.669845,-0.036303,-0.086039,0.000000,-0.254711,0.032646,0.000000
0.990000,-2.648135,-0.689368,-1.453926,0.813907,0.038990,-0.184770,0.862155,-0.391616,-0.222423,-0.364714,-2.582593,0.736753,2.552534,-3.743004,4.794561,-0.038872,-0.085726,0.000000,-0.259043,0.029800,0.000000
1.000000,-2.639953,-0.688998,-1.455785,0.822511,0.034945,-0.186957,0.858637,-0.417625,-0.214814,-0.338622,-2.618662,0.785425,2.686330,-3.461645,4.966764,-0.041483,-0.085443,0.000000,-0.263159,0.026848,-0.000000
1.010000,-2.631685,-0.688670,-1.457665,0.831081,0.030637,-0.189065,0.855387,-0.443979,-0.206708,-0.311113,-2.651724,0.836148,2.815388,-3.164746,5.142794,-0.044134,-0.085189,0.000000,-0.267025,0.023735,0.000000
1.020000,-2.623331,-0.688386,-1.459566,0.839620,0.026064,-0.191089,0.852419,-0.470651,-0.198088,-0.282320,-2.682059,0.887960,2.942210,-2.884156,5.254032,-0.046823,-0.084968,0.000000,-0.270667,0.020481,-0.000000
1.030000,-2.614893,-0.688149,-1.461486,0.848130,0.021223,-0.193025,0.849745,-0.497609,-0.188941,-0.252286,-2.709028,0.941949,3.064082,-2.506758,5.544846,-0.049547,-0.084780,0.000000,-0.274028,0.017081,-0.000000
1.040000,-2.606369,-0.687962,-1.463426,0.856615,0.016111,-0.194866,0.847377,-0.524819,-0.179241,-0.221042,-2.732467,0.998165,3.184616,-2.194585,5.663826,-0.052303,-0.084626,0.000000,-0.277094,0.013535,0.000000
1.050000,-2.597760,-0.687828,-1.465383,0.865079,0.010726,-0.196608,0.845328,-0.552248,-0.168975,-0.188603,-2.752740,1.055518,3.301730,-1.841456,5.840986,-0.055088,-0.084509,0.000000,-0.279897,0.009854,0.000000
1.060000,-2.589067,-0.687749,-1.467358,0.873523,0.005065,-0.198244,0.843609,-0.579861,-0.158124,-0.154957,-2.769220,1.114975,3.416563,-1.472897,6.018367,-0.057900,-0.084430,0.000000,-0.282382,0.006026,-0.000000
1.070000,-2.580290,-0.687728,-1.469348,0.881952,-0.000872,-0.199768,0.842232,-0.607622,-0.146672,-0.120378,-2.782342,1.175588,3.508782,-1.129168,6.134698,-0.060735,-0.084389,0.000000,-0.284589,0.002084,-0.000000
1.080000,-2.571428,-0.687767,-1.471353,0.890369,-0.007087,-0.201175,0.841206,-0.635494,-0.134605,-0.084584,-2.791334,1.238307,3.649752,-0.666364,6.409726,-0.063590,-0.084388,0.000000,-0.286446,-0.002009,-0.000000
1.090000,-2.562483,-0.687870,-1.473371,0.898777,-0.013582,-0.202458,0.840544,-0.663434,-0.121898,-0.047597,-2.796031,1.303149,3.736818,-0.290962,6.527013,-0.066462,-0.084430,0.000000,-0.287940,-0.006253,0.000000
1.100000,-2.553453,-0.688040,-1.475402,0.907181,-0.020356,-0.203611,0.840257,-0.691403,-0.108538,-0.009769,-2.796935,1.369096,3.837625,0.132502,6.692929,-0.069348,-0.084514,0.000000,-0.289114,-0.010607,0.000000
1.110000,-2.544339,-0.688278,-1.477443,0.915584,-0.027410,-0.204627,0.840350,-0.719358,-0.094508,0.028561,-2.793455,1.437349,3.923236,0.567836,6.862794,-0.072243,-0.084643,0.000000,-0.289920,-0.015048,-0.000000
1.120000,-2.535141,-0.688589,-1.479494,0.923989,-0.034743,-0.205499,0.840838,-0.747257,-0.079794,0.069561,-2.785514,1.505467,4.183652,1.020538,6.851022,-0.075145,-0.084817,0.000000,-0.290331,-0.019777,-0.000000
1.130000,-2.525859,-0.688974,-1.481552,0.932402,-0.042355,-0.206221,0.841740,-0.775053,-0.064389,0.110280,-2.773045,1.576264,3.956659,1.475424,7.310005,-0.078049,-0.085039,0.000000,-0.290362,-0.024522,0.000000
1.140000,-2.516493,-0.689437,-1.483617,0.940826,-0.050244,-0.206784,0.843042,-0.802702,-0.048258,0.150557,-2.755919,1.649793,4.191822,1.953996,7.302288,-0.080951,-0.085309,0.000000,-0.290002,-0.029273,0.000000
1.150000,-2.507043,-0.689980,-1.485687,0.949264,-0.058408,-0.207183,0.844761,-0.830156,-0.031396,0.193315,-2.733941,1.723059,4.266175,2.441824,7.441354,-0.083847,-0.085628,0.000000,-0.289206,-0.034297,0.000000
1.160000,-2.497508,-0.690606,-1.487761,0.957722,-0.066846,-0.207410,0.846912,-0.857363,-0.013790,0.237191,-2.706624,1.798190,4.360644,2.950703,7.565995,-0.086733,-0.085998,0.000000,-0.287941,-0.039481,0.000000
1.170000,-2.487888,-0.691318,-1.489835,0.966204,-0.075555,-0.207457,0.849496,-0.884277,0.004571,0.279159,-2.675558,1.874183,4.176043,3.335437,7.647078,-0.089605,-0.086419,0.000000,-0.286360,-0.044514,0.000000
1.180000,-2.478184,-0.692118,-1.491909,0.974713,-0.084531,-0.207316,0.852505,-0.910853,0.023698,0.323719,-2.638387,1.951433,4.740047,4.102751,7.801058,-0.092459,-0.086893,0.000000,-0.284224,-0.049856,-0.000000
1.190000,-2.468394,-0.693009,-1.493981,0.983256,-0.093770,-0.206980,0.855980,-0.937023,0.043603,0.371044,-2.594898,2.029823,4.579323,4.525524,7.857867,-0.095288,-0.087422,0.000000,-0.281508,-0.055526,-0.000000
1.200000,-2.458518,-0.693994,-1.496048,0.991835,-0.103269,-0.206441,0.859917,-0.962738,0.064295,0.416525,-2.547233,2.108678,4.660709,5.080543,7.926886,-0.098088,-0.088008,0.000000,-0.278421,-0.061058,0.000000
1.210000,-2.448557,-0.695076,-1.498109,1.000455,-0.113023,-0.205691,0.864317,-0.987946,0.085779,0.463579,-2.493234,2.188220,4.731571,5.649030,7.978484,-0.100854,-0.088650,0.000000,-0.274742,-0.066802,-0.000000
1.220000,-2.438509,-0.696256,-1.500161,1.009123,-0.123027,-0.204723,0.869190,-1.012590,0.108061,0.510992,-2.434889,2.268199,4.766338,6.091784,8.013174,-0.103581,-0.089351,0.000000,-0.270666,-0.072636,0.000000
1.230000,-2.428374,-0.697537,-1.502203,1.017841,-0.133273,-0.203528,0.874540,-1.036621,0.131144,0.559228,-2.369894,2.348398,4.880522,6.910762,8.023168,-0.106265,-0.090111,0.000000,-0.265952,-0.078610,0.000000
1.240000,-2.418152,-0.698922,-1.504231,1.026615,-0.143757,-0.202097,0.880377,-1.059964,0.155029,0.608258,-2.298069,2.428613,4.908222,7.384466,8.017142,-0.108898,-0.090932,0.000000,-0.260573,-0.084722,0.000000
1.250000,-2.407842,-0.700413,-1.506244,1.035450,-0.154470,-0.200424,0.886705,-1.082568,0.179716,0.657506,-2.221580,2.508659,4.957216,7.985265,7.987266,-0.111475,-0.091816,0.000000,-0.254740,-0.090917,0.000000
1.260000,-2.397443,-0.702012,-1.508239,1.044351,-0.165405,-0.198500,0.893526,-1.104373,0.205202,0.706648,-2.138449,2.588536,4.986128,8.592869,7.938930,-0.113991,-0.092762,0.000000,-0.248246,-0.097163,-0.000000
1.270000,-2.386955,-0.703722,-1.510213,1.053322,-0.176555,-0.196318,0.900849,-1.125320,0.231481,0.758274,-2.050156,2.666938,5.225449,9.113874,7.781138,-0.116439,-0.093773,0.000000,-0.241215,-0.103719,0.000000
1.280000,-2.376376,-0.705544,-1.512164,1.062369,-0.187909,-0.193868,0.908687,-1.145354,0.258540,0.808773,-1.955164,2.744991,4.869612,9.886616,7.826174,-0.118813,-0.094850,0.000000,-0.233497,-0.110229,0.000000
1.290000,-2.365707,-0.707480,-1.514089,1.071498,-0.199458,-0.191144,0.917019,-1.164401,0.286379,0.857922,-1.853375,2.822481,5.072870,10.423579,7.622840,-0.121106,-0.095993,0.000000,-0.225070,-0.116670,0.000000
1.300000,-2.354946,-0.709534,-1.515986,1.080711,-0.211193,-0.188138,0.925855,-1.182404,0.314981,0.909247,-1.746280,2.897728,5.077541,11.043207,7.465257,-0.123312,-0.097202,0.000000,-0.216051,-0.123392,-0.000000
1.310000,-2.344092,-0.711705,-1.517851,1.090016,-0.223103,-0.184842,0.935203,-1.199301,0.344327,0.960480,-1.632037,2.971128,5.091728,11.674286,7.267297,-0.125424,-0.098480,0.000000,-0.206244,-0.130170,-0.000000
1.320000,-2.333145,-0.713996,-1.519682,1.099417,-0.235175,-0.181249,0.945059,-1.215035,0.374401,1.010360,-1.514003,3.043497,4.957189,12.059015,7.144830,-0.127436,-0.099826,0.000000,-0.195998,-0.136883,0.000000
1.330000,-2.322104,-0.716409,-1.521475,1.108919,-0.247399,-0.177352,0.955414,-1.229555,0.405187,1.061156,-1.388201,3.112738,5.203245,13.104822,6.695947,-0.129341,-0.101240,0.000000,-0.184856,-0.143747,0.000000
1.340000,-2.310967,-0.718945,-1.523228,1.118527,-0.259762,-0.173143,0.966286,-1.242771,0.436644,1.112905,-1.254494,3.178432,5.070896,13.507215,6.493502,-0.131130,-0.102726,0.000000,-0.172779,-0.150766,-0.000000
1.350000,-2.299733,-0.721605,-1.524937,1.128247,-0.272250,-0.168617,0.977666,-1.254634,0.468749,1.163184,-1.116989,3.242007,5.058161,14.120156,6.159079,-0.132795,-0.104281,0.000000,-0.160205,-0.157702,0.000000
1.360000,-2.288401,-0.724390,-1.526599,1.138082,-0.284850,-0.163766,0.989552,-1.265086,0.501468,1.213983,-0.972378,3.301054,5.040000,14.724217,5.776540,-0.134331,-0.105908,0.000000,-0.146733,-0.164739,0.000000
1.370000,-2.276971,-0.727302,-1.528211,1.148039,-0.297547,-0.158585,1.001940,-1.274068,0.534768,1.263402,-0.823241,3.358629,4.900966,15.174930,5.603749,-0.135728,-0.107606,0.000000,-0.132665,-0.171712,-0.000000
1.380000,-2.265440,-0.730341,-1.529770,1.158123,-0.310326,-0.153069,1.014821,-1.281528,0.568620,1.313205,-0.667375,3.410303,5.060100,15.998084,4.720490,-0.136981,-0.109375,0.000000,-0.117685,-0.178758,-0.000000
1.390000,-2.253808,-0.733509,-1.531271,1.168337,-0.323172,-0.147211,1.028206,-1.287392,0.602951,1.363388,-0.504824,3.455509,4.915678,16.434941,4.443796,-0.138079,-0.111215,0.000000,-0.101768,-0.185868,0.000000
1.400000,-2.242073,-0.736805,-1.532713,1.178688,-0.336069,-0.141008,1.042083,-1.291612,0.637723,1.411985,-0.338102,3.497947,4.861620,16.980309,3.907791,-0.139014,-0.113127,0.000000,-0.085220,-0.192875,0.000000
1.410000,-2.230234,-0.740230,-1.534090,1.189181,-0.348999,-0.134456,1.056454,-1.294131,0.672885,1.462334,-0.164777,3.533325,4.834376,17.518515,3.322465,-0.139780,-0.115111,0.000000,-0.067695,-0.200083,0.000000
1.420000,-2.218289,-0.743785,-1.535401,1.199819,-0.361946,-0.127550,1.071298,-1.294903,0.708383,1.505211,0.010695,3.565747,4.099439,17.729453,2.998917,-0.140367,-0.117165,0.000000,-0.049727,-0.206550,-0.000000
1.430000,-2.206237,-0.747469,-1.536640,1.210608,-0.374891,-0.120287,1.086573,-1.293893,0.744171,1.551845,0.193038,3.589888,5.235836,18.739541,1.817983,-0.140771,-0.119285,0.000000,-0.030695,-0.213407,-0.000000
1.440000,-2.194076,-0.751283,-1.537805,1.221552,-0.387817,-0.112666,1.102352,-1.291018,0.780149,1.602572,0.382196,3.605140,4.542409,18.927564,1.383831,-0.140977,-0.121478,0.000000,-0.010572,-0.220681,-0.000000
1.450000,-2.181805,-0.755225,-1.538892,1.232657,-0.400705,-0.104684,1.118593,-1.286247,0.816262,1.645716,0.572834,3.616096,4.445481,19.353264,0.643448,-0.140981,-0.123739,0.000000,0.009992,-0.227166,-0.000000
1.460000,-2.169422,-0.759296,-1.539898,1.243926,-0.413536,-0.096340,1.135262,-1.279531,0.852434,1.687625,0.771412,3.616747,4.267075,19.794579,-0.164397,-0.140773,-0.126066,0.000000,0.031813,-0.233455,-0.000000
1.470000,-2.156926,-0.763496,-1.540818,1.255363,-0.426289,-0.087635,1.152367,-1.270850,0.888598,1.734088,0.963421,3.615943,4.693981,19.144687,-0.346019,-0.140347,-0.128458,0.000000,0.053206,-0.240292,0.000000
1.480000,-2.144314,-0.767822,-1.541649,1.266974,-0.438946,-0.078568,1.169921,-1.260225,0.924708,1.774549,1.165588,3.602498,3.383805,21.297497,-2.359121,-0.139703,-0.130916,0.000000,0.076147,-0.246365,0.000000
1.490000,-2.131586,-0.772274,-1.542388,1.278763,-0.451487,-0.069142,1.187833,-1.247500,0.960601,1.808298,1.378172,3.575605,3.691916,20.659716,-2.677804,-0.138818,-0.133430,0.000000,0.100697,-0.251556,-0.000000
1.500000,-2.118739,-0.776851,-1.543031,1.290732,-0.463889,-0.059357,1.206105,-1.232696,0.996217,1.845491,1.583255,3.545896,3.412986,20.894959,-3.614380,-0.137692,-0.135998,0.000000,0.124754,-0.257123,-0.000000
1.510000,-2.105771,-0.781551,-1.543574,1.302886,-0.476134,-0.049218,1.224663,-1.215878,1.031480,1.863897,1.778852,3.505110,2.844764,20.750957,-4.555183,-0.136327,-0.138612,0.000000,0.148164,-0.260471,-0.000000
1.520000,-2.092680,-0.786373,-1.544014,1.315227,-0.488200,-0.038729,1.243573,-1.196918,1.066287,1.926069,2.021413,3.454636,7.084449,25.290122,-5.535919,-0.134704,-0.141277,0.000000,0.177302,-0.268537,-0.000000
1.530000,-2.079466,-0.791315,-1.544347,1.327760,-0.500064,-0.027894,1.263048,-1.175571,1.100540,1.953008,2.232785,3.394479,-1.774644,16.898697,-6.498785,-0.132793,-0.144016,0.000000,0.203346,-0.272557,0.000000
1.540000,-2.066124,-0.796374,-1.544571,1.340487,-0.511705,-0.016720,1.282484,-1.152399,1.134143,1.941245,2.409028,3.324434,1.951795,20.827882,-7.521396,-0.130652,-0.146759,0.000000,0.225767,-0.272061,0.000000
1.550000,-2.052655,-0.801548,-1.544681,1.353410,-0.523105,-0.005214,1.302055,-1.127205,1.166994,1.970651,2.628107,3.244060,1.414998,20.504440,-8.548849,-0.128255,-0.149524,0.000000,0.253466,-0.275950,-0.000000
1.560000,-2.039056,-0.806835,-1.544674,1.366529,-0.534242,0.006617,1.321921,-1.099838,1.198982,2.004742,2.846755,3.151532,1.503913,20.596807,-9.629433,-0.125581,-0.152326,0.000000,0.281547,-0.280119,-0.000000
1.570000,-2.025324,-0.812232,-1.544547,1.379848,-0.545095,0.018762,1.341836,-1.070480,1.230016,1.964912,3.015798,3.054463,-5.676174,15.750881,-10.106017,-0.122648,-0.155135,0.000000,0.304124,-0.275802,-0.000000
1.580000,-2.011458,-0.817736,-1.544298,1.393365,-0.555646,0.031213,1.361400,-1.039402,1.260020,1.970860,3.215079,2.942664,6.988105,24.177909,-12.265132,-0.119484,-0.157903,0.000000,0.330590,-0.276274,-0.000000
1.590000,-1.997456,-0.823344,-1.543922,1.407078,-0.565875,0.043959,1.381454,-1.006047,1.288816,2.028090,3.447720,2.815617,0.635553,19.772726,-12.821582,-0.116019,-0.160722,0.000000,0.361343,-0.282197,-0.000000
1.600000,-1.983316,-0.829052,-1.543418,1.420994,-0.575760,0.056985,1.401664,-0.970653,1.316321,2.016082,3.632178,2.683485,0.777471,19.670898,-13.926713,-0.112280,-0.163550,0.000000,0.386631,-0.280051,0.000000
1.610000,-1.969035,-0.834858,-1.542781,1.435112,-0.585282,0.070280,1.421858,-0.933339,1.342432,2.022381,3.830665,2.536743,0.656469,19.410792,-15.048877,-0.108278,-0.166366,0.000000,0.413824,-0.279568,0.000000
1.620000,-1.954613,-0.840757,-1.542011,1.449431,-0.594421,0.083829,1.442122,-0.894099,1.367049,2.030793,4.014595,2.385957,0.854058,17.949169,-15.467049,-0.104010,-0.169175,0.000000,0.439424,-0.279098,-0.000000
1.630000,-1.940046,-0.846745,-1.541104,1.463954,-0.603158,0.097616,1.462461,-0.853032,1.390098,2.035842,4.201695,2.219877,0.147075,19.474820,-17.757339,-0.099487,-0.171975,0.000000,0.465543,-0.277780,-0.000000
1.640000,-1.925333,-0.852818,-1.540058,1.478681,-0.611475,0.111625,1.482824,-0.810050,1.411391,2.037096,4.391925,2.038176,0.270997,17.963231,-18.214895,-0.094697,-0.174755,0.000000,0.492122,-0.275531,-0.000000
1.650000,-1.910472,-0.858973,-1.538871,1.493611,-0.619353,0.125838,1.503211,-0.765259,1.430855,2.039709,4.565654,1.852573,0.074799,17.355332,-19.263519,-0.089653,-0.177511,0.000000,0.516694,-0.273162,0.000000
1.660000,-1.895460,-0.865204,-1.537541,1.508745,-0.626775,0.140236,1.523525,-0.718843,1.448411,2.020491,4.713397,1.657404,-0.520297,16.161937,-20.207705,-0.084376,-0.180228,0.000000,0.538095,-0.267874,0.000000
1.670000,-1.880296,-0.871507,-1.536066,1.524081,-0.633724,0.154799,1.543877,-0.670708,1.463936,2.060522,4.925226,1.444463,5.220532,22.319849,-21.944056,-0.078858,-0.182915,0.000000,0.567006,-0.268835,0.000000
1.680000,-1.864978,-0.877877,-1.534444,1.539624,-0.640182,0.169507,1.564561,-0.620563,1.477291,2.055506,5.078273,1.227687,-6.329262,8.153936,-21.390670,-0.073064,-0.185600,0.000000,0.588676,-0.264293,0.000000
1.690000,-1.849503,-0.884309,-1.532675,1.555371,-0.646132,0.184338,1.584795,-0.569390,1.488484,2.000715,5.166278,1.008097,-1.295324,13.339033,-22.953922,-0.067115,-0.188192,0.000000,0.602264,-0.253703,-0.000000
1.700000,-1.833870,-0.890798,-1.530757,1.571319,-0.651565,0.199269,1.604818,-0.516978,1.497392,2.001304,5.311662,0.772455,-1.908433,11.834759,-23.733473,-0.060989,-0.190712,0.000000,0.622348,-0.248936,-0.000000
1.710000,-1.818076,-0.897338,-1.528689,1.587467,-0.656468,0.214278,1.624942,-0.463393,1.503916,2.028870,5.400250,0.531157,-1.330941,10.064495,-24.493775,-0.054697,-0.193193,0.000000,0.635304,-0.246939,0.000000
1.720000,-1.802120,-0.903925,-1.526471,1.603817,-0.660830,0.229340,1.644703,-0.408692,1.507992,1.894113,5.551405,0.282955,-17.130644,16.101734,-25.158437,-0.048252,-0.195577,0.000000,0.654924,-0.225769,0.000000
1.730000,-1.785999,-0.910553,-1.524103,1.620357,-0.664637,0.244429,1.663237,-0.352614,1.509552,1.864469,5.636989,0.027734,11.458060,0.892030,-25.876580,-0.041629,-0.197760,0.000000,0.666394,-0.216408,0.000000
1.740000,-1.769712,-0.917216,-1.521583,1.637084,-0.667881,0.259522,1.682448,-0.296221,1.508525,1.951195,5.651590,-0.233942,-2.703256,6.140210,-26.426723,-0.034958,-0.199960,0.000000,0.668957,-0.220148,-0.000000
1.750000,-1.753257,-0.923909,-1.518912,1.654005,-0.670560,0.274591,1.701595,-0.239314,1.504856,1.882856,5.725207,-0.500766,-2.438482,4.509319,-26.948248,-0.028221,-0.202088,0.000000,0.677680,-0.205638,-0.000000
1.760000,-1.736631,-0.930625,-1.516091,1.671114,-0.672664,0.289610,1.719794,-0.181374,1.498483,1.741898,5.874538,-0.774994,-5.137470,5.439126,-27.447855,-0.021366,-0.204038,0.000000,0.694616,-0.182429,0.000000
1.770000,-1.719834,-0.937360,-1.513120,1.688401,-0.674186,0.304552,1.738018,-0.123410,1.489376,1.969634,5.650810,-1.045448,30.650949,-30.841402,-27.054772,-0.014517,-0.205920,0.000000,0.667080,-0.201652,-0.000000
1.780000,-1.702863,-0.944107,-1.510000,1.705882,-0.675141,0.319389,1.758162,-0.067426,1.477541,1.934389,5.663747,-1.324741,-38.326407,34.027297,-28.803188,-0.007917,-0.207951,0.000000,0.666612,-0.190134,-0.000000
1.790000,-1.685716,-0.950861,-1.506733,1.723553,-0.675526,0.334093,1.775578,-0.009105,1.462850,1.608293,5.939882,-1.612634,-6.666019,1.657384,-28.331906,-0.001067,-0.209593,0.000000,0.696271,-0.145018,-0.000000
1.800000,-1.668391,-0.957616,-1.503319,1.741390,-0.675321,0.348636,1.791839,0.049852,1.445315,1.629790,5.862189,-1.894711,-9.158565,2.234603,-28.495318,0.005828,-0.211025,0.000000,0.683761,-0.139897,-0.000000
1.810000,-1.650887,-0.964366,-1.499761,1.759389,-0.674531,0.362990,1.807825,0.108059,1.424990,1.570537,5.762925,-2.168988,-9.415433,-0.989211,-28.316787,0.012597,-0.212352,0.000000,0.668145,-0.125680,-0.000000
1.820000,-1.633203,-0.971105,-1.496060,1.777543,-0.673159,0.377126,1.822696,0.166717,1.401783,1.380123,6.036124,-2.478878,-22.059655,35.086170,-31.731495,0.019375,-0.213473,0.000000,0.695213,-0.095714,-0.000000
1.830000,-1.615336,-0.977827,-1.492219,1.795836,-0.671187,0.391015,1.835738,0.227710,1.375512,1.268111,6.033398,-2.763120,-0.084313,-36.302155,-25.042032,0.026374,-0.214304,0.000000,0.689406,-0.075446,0.000000
1.840000,-1.597286,-0.984526,-1.488241,1.814257,-0.668615,0.404628,1.848412,0.286202,1.346633,1.246823,5.724448,-3.018150,-10.738057,-4.805822,-27.882014,0.033026,-0.215025,0.000000,0.647836,-0.066238,-0.000000
1.850000,-1.579050,-0.991197,-1.484128,1.832801,-0.665466,0.417939,1.860176,0.343712,1.315013,1.110851,5.761092,-3.304077,-9.787336,-8.519372,-27.363428,0.039504,-0.215571,0.000000,0.645721,-0.043477,0.000000
1.860000,-1.560629,-0.997834,-1.479883,1.851460,-0.661743,0.430919,1.872130,0.400537,1.280633,1.319493,5.590752,-3.570410,-2.877352,-12.409997,-26.792105,0.045836,-0.216066,0.000000,0.619124,-0.059870,0.000000
1.870000,-1.542021,-1.004430,-1.475510,1.870240,-0.657458,0.443542,1.882377,0.456465,1.243551,0.553091,5.633937,-3.847984,-97.565717,8.317393,-27.837942,0.051997,-0.216301,0.000000,0.617672,0.032523,0.000000
1.880000,-1.523224,-1.010981,-1.471013,1.889082,-0.652612,0.455781,1.885885,0.512498,1.203736,0.477208,5.489973,-4.108618,84.017465,-37.474023,-24.252478,0.058104,-0.215720,0.000000,0.593938,0.046831,0.000000
1.890000,-1.504239,-1.017481,-1.466396,1.907979,-0.647219,0.467609,1.894880,0.565488,1.161448,1.163922,5.143211,-4.350553,-0.069293,-18.956086,-25.009670,0.063784,-0.215690,0.000000,0.546228,-0.023202,0.000000
1.900000,-1.485064,-1.023924,-1.461663,1.926982,-0.641310,0.479002,1.905154,0.616274,1.116681,0.926919,5.002825,-4.601184,5.717775,-21.877580,-24.230718,0.069137,-0.215741,0.000000,0.523115,0.008917,-0.000000
1.910000,-1.465699,-1.030305,-1.456818,1.946076,-0.634898,0.489934,1.912808,0.666223,1.069391,0.550996,5.014223,-4.857906,-1.448489,-18.765352,-23.836702,0.074322,-0.215445,0.000000,0.517068,0.055758,0.000000
1.920000,-1.446142,-1.036620,-1.451866,1.965242,-0.627994,0.500382,1.922389,0.713176,1.019802,1.627674,4.233323,-5.047704,139.455443,-95.634052,-17.290527,0.079094,-0.215307,0.000000,0.421329,-0.056687,-0.000000
1.930000,-1.426394,-1.042864,-1.446812,1.984561,-0.620661,0.510324,1.941498,0.752952,0.968304,1.716780,3.978579,-5.270223,-124.137813,46.034596,-27.305114,0.082986,-0.216154,0.000000,0.386154,-0.060163,0.000000
1.940000,-1.406451,-1.049032,-1.441661,2.004040,-0.612924,0.519739,1.952447,0.795033,0.914251,0.705564,4.310715,-5.529429,-0.208064,-21.701633,-21.322640,0.087074,-0.216055,0.000000,0.416922,0.054279,0.000000
1.950000,-1.386313,-1.055121,-1.436419,2.023606,-0.604765,0.528602,1.961488,0.835964,0.857988,1.049773,3.902479,-5.723695,-8.685763,-17.957789,-20.714589,0.090967,-0.215703,0.000000,0.364907,0.021692,0.000000
1.960000,-1.365978,-1.061126,-1.431091,2.043272,-0.596215,0.536892,1.971725,0.873581,0.799780,0.998447,3.607470,-5.914858,-11.163486,-19.351577,-19.602456,0.094431,-0.215436,0.000000,0.326664,0.031201,0.000000
1.970000,-1.345447,-1.067044,-1.425683,2.063036,-0.587299,0.544591,1.980596,0.909829,0.739559,0.738680,3.714805,-6.134773,-31.445077,19.735847,-22.337649,0.097686,-0.214983,0.000000,0.332007,0.062931,-0.000000
1.980000,-1.324717,-1.072871,-1.420201,2.082875,-0.578014,0.551676,1.986857,0.946846,0.677220,0.565936,3.559516,-6.318729,-2.757897,-51.473760,-14.378928,0.100961,-0.214214,0.000000,0.309440,0.084119,-0.000000
1.990000,-1.303789,-1.078603,-1.414651,2.102771,-0.568377,0.558130,1.992332,0.979876,0.613332,0.496444,3.111010,-6.463241,-20.466401,-16.984394,-16.564243,0.103757,-0.213340,0.000000,0.256759,0.093357,0.000000
2.000000,-1.282662,-1.084237,-1.409041,2.122715,-0.558424,0.563937,1.995992,1.010691,0.547837,0.238117,3.038819,-6.632391,-21.733900,-18.672128,-15.211574,0.106270,-0.212254,0.000000,0.244386,0.122204,0.000000
2.010000,-1.261335,-1.089770,-1.403375,2.142687,-0.548169,0.569082,1.998604,1.039845,0.480811,0.320703,2.782642,-6.769579,-16.918355,-20.449763,-13.764117,0.108560,-0.211041,0.000000,0.212745,0.115083,-0.000000
2.020000,-1.239808,-1.095199,-1.397661,2.162678,-0.537633,0.573549,1.998085,1.067269,0.412369,-0.607027,2.741207,-6.921749,-114.942125,0.392399,-15.162772,0.110631,-0.209496,0.000000,0.205952,0.210334,0.000000
2.030000,-1.218081,-1.100522,-1.391906,2.182616,-0.526824,0.577324,1.989139,1.094061,0.342496,-0.851226,2.543449,-7.041218,67.823093,-40.306958,-8.679356,0.112612,-0.207090,0.000000,0.182075,0.234268,-0.000000
2.040000,-1.196156,-1.105735,-1.386117,2.202477,-0.515764,0.580396,1.984020,1.117471,0.271673,-0.334654,2.173293,-7.125608,-18.623898,-21.830687,-9.710241,0.114202,-0.205081,0.000000,0.139902,0.181387,-0.000000
2.050000,-1.174032,-1.110837,-1.380301,2.222293,-0.504483,0.582755,1.978348,1.138411,0.199916,-0.764064,2.006378,-7.222520,-13.316677,-23.367108,-8.161384,0.115511,-0.203025,0.000000,0.121027,0.223203,-0.000000
2.060000,-1.151710,-1.115824,-1.374464,2.242034,-0.493001,0.584391,1.969016,1.157677,0.127263,-1.129944,1.856740,-7.306958,-16.448542,-22.229626,-6.908710,0.116631,-0.200618,0.000000,0.104246,0.257664,0.000000
2.070000,-1.129192,-1.120696,-1.368615,2.261671,-0.481338,0.585298,1.959172,1.174311,0.053966,-0.694034,1.417964,-7.343983,61.439549,-50.260938,-2.260919,0.117468,-0.198180,0.000000,0.057920,0.212216,0.000000
2.080000,-1.106477,-1.125450,-1.362761,2.281233,-0.469530,0.585470,1.953061,1.186791,-0.019657,-0.786935,1.171975,-7.389233,-81.365482,1.567423,-6.845405,0.117872,-0.196136,0.000000,0.032657,0.219174,0.000000
2.090000,-1.083567,-1.130086,-1.356908,2.300710,-0.457603,0.584902,1.941136,1.198590,-0.093868,-1.468934,1.141635,-7.445236,-12.490489,-22.991740,-2.576046,0.118209,-0.193544,0.000000,0.030043,0.282736,0.000000
2.100000,-1.060463,-1.134602,-1.351065,2.320049,-0.445565,0.583591,1.926933,1.208462,-0.168380,-1.398385,0.843179,-7.455906,-15.830513,-21.348881,-1.334751,0.118355,-0.190763,0.000000,0.000407,0.272291,0.000000
2.110000,-1.037167,-1.138997,-1.345239,2.339246,-0.433442,0.581535,1.912427,1.215768,-0.242972,-1.495816,0.617235,-7.460107,-15.167585,-20.911062,0.058138,0.118251,-0.187989,0.000000,-0.021223,0.277882,-0.000000
2.120000,-1.013679,-1.143271,-1.339437,2.358292,-0.421257,0.578732,1.896104,1.221060,-0.317571,-1.807547,0.452039,-7.458783,-35.993067,-14.943657,0.626024,0.117959,-0.185079,0.000000,-0.036119,0.303526,0.000000
2.130000,-0.990001,-1.147422,-1.333667,2.377158,-0.409026,0.575183,1.876820,1.224696,-0.392083,-1.980821,0.259217,-7.438786,1.696840,-23.697836,3.383655,0.117519,-0.181930,0.000000,-0.053454,0.315358,0.000000
2.140000,-0.966136,-1.151451,-1.327936,2.395828,-0.396770,0.570891,1.857091,1.226119,-0.466280,-1.999548,0.035510,-7.399707,-16.717821,-18.178210,4.002712,0.116878,-0.178787,0.000000,-0.073462,0.312294,-0.000000
2.150000,-0.942086,-1.155358,-1.322251,2.414295,-0.384510,0.565859,1.835963,1.225655,-0.540066,-2.219202,-0.128402,-7.355197,-15.957418,-17.440926,5.319583,0.116076,-0.175560,0.000000,-0.087065,0.327865,0.000000
2.160000,-0.917851,-1.159141,-1.316621,2.432541,-0.372263,0.560092,1.812967,1.223515,-0.613339,-2.380034,-0.298135,-7.297519,-15.913381,-16.470817,6.544753,0.115134,-0.172211,0.000000,-0.100959,0.337579,0.000000
2.170000,-0.893436,-1.162803,-1.311052,2.450549,-0.360045,0.553595,1.788387,1.219728,-0.685949,-2.534701,-0.457415,-7.221334,-15.297586,-15.403221,8.363200,0.114061,-0.168768,0.000000,-0.113485,0.346337,0.000000
2.180000,-0.868841,-1.166342,-1.305552,2.468303,-0.347873,0.546375,1.762262,1.214400,-0.757742,-2.691820,-0.606597,-7.137162,-16.130673,-14.427660,8.455514,0.112869,-0.165238,0.000000,-0.124813,0.355132,-0.000000
2.190000,-0.844070,-1.169761,-1.300127,2.485789,-0.335762,0.538443,1.734540,1.207631,-0.828671,-2.851525,-0.745334,-7.045792,-15.521420,-13.288654,10.139347,0.111569,-0.161619,0.000000,-0.134960,0.363999,-0.000000
2.200000,-0.819126,-1.173058,-1.294785,2.502989,-0.323725,0.529805,1.705259,1.199532,-0.898595,-3.004586,-0.872495,-6.937274,-15.371035,-12.164894,11.232077,0.110174,-0.157916,0.000000,-0.143774,0.371978,-0.000000
2.210000,-0.794012,-1.176235,-1.289533,2.519889,-0.311776,0.520474,1.674441,1.190198,-0.967393,-3.158894,-0.992956,-6.820826,-15.210352,-11.107202,12.281455,0.108695,-0.154134,0.000000,-0.151817,0.379951,0.000000
2.220000,-0.768730,-1.179294,-1.284378,2.536473,-0.299925,0.510462,1.642109,1.179775,-1.034958,-3.306175,-1.087060,-6.689657,-14.510310,-8.503180,13.721965,0.107148,-0.150275,0.000000,-0.157294,0.387100,0.000000
2.230000,-0.743283,-1.182234,-1.279326,2.552726,-0.288183,0.499780,1.608312,1.168456,-1.101164,-3.454657,-1.179606,-6.551218,-15.190771,-10.028189,13.951947,0.105550,-0.146347,0.000000,-0.162548,0.394297,0.000000
2.240000,-0.717676,-1.185058,-1.274385,2.568634,-0.276559,0.488443,1.573010,1.156179,-1.165962,-3.604490,-1.271544,-6.406233,-14.501311,-7.557194,15.263803,0.103896,-0.142345,0.000000,-0.167679,0.401575,0.000000
2.250000,-0.691912,-1.187766,-1.269559,2.584181,-0.265062,0.476466,1.536251,1.143126,-1.229240,-3.746907,-1.337507,-6.248004,-14.248309,-6.430846,16.150146,0.102205,-0.138275,0.000000,-0.170404,0.408095,0.000000
2.260000,-0.665994,-1.190360,-1.264857,2.599354,-0.253699,0.463864,1.498083,1.129471,-1.290905,-3.885936,-1.390748,-6.083749,-13.915642,-5.141542,16.976623,0.100492,-0.134141,0.000000,-0.172002,0.414330,-0.000000
2.270000,-0.639926,-1.192840,-1.260284,2.614138,-0.242474,0.450653,1.458515,1.115279,-1.350866,-4.028478,-1.448839,-5.906010,-14.238344,-5.578518,18.289487,0.098763,-0.129945,0.000000,-0.173969,0.420817,0.000000
2.280000,-0.613712,-1.195209,-1.255846,2.628520,-0.231395,0.436852,1.417542,1.100580,-1.409013,-4.163265,-1.483472,-5.723867,-12.704980,-1.321017,18.123559,0.097020,-0.125686,0.000000,-0.173921,0.426694,0.000000
2.290000,-0.587357,-1.197469,-1.251549,2.642485,-0.220463,0.422479,1.375280,1.085699,-1.465333,-4.289622,-1.493457,-5.538123,-12.918032,-1.584694,19.295553,0.095292,-0.121373,0.000000,-0.171798,0.431929,-0.000000
2.300000,-0.560864,-1.199619,-1.247398,2.656021,-0.209681,0.407552,1.331735,1.070681,-1.519731,-4.418563,-1.507527,-5.340445,-12.514361,-0.328709,19.956599,0.093582,-0.117006,0.000000,-0.170045,0.437411,-0.000000
2.310000,-0.534238,-1.201663,-1.243400,2.669115,-0.199050,0.392091,1.286927,1.055599,-1.572130,-4.542532,-1.507167,-5.138445,-12.135281,0.800517,20.579297,0.091895,-0.112587,0.000000,-0.167130,0.442579,0.000000
2.320000,-0.507483,-1.203601,-1.239558,2.681756,-0.188569,0.376116,1.240909,1.040608,-1.622468,-4.659921,-1.487897,-4.927678,-11.478457,2.655510,21.429422,0.090245,-0.108119,0.000000,-0.162647,0.447270,-0.000000
2.330000,-0.480604,-1.205435,-1.235879,2.693930,-0.178237,0.359649,1.193735,1.025859,-1.670671,-4.774957,-1.462416,-4.712884,-11.531318,2.422169,21.518981,0.088643,-0.103606,0.000000,-0.157743,0.451910,-0.000000
2.340000,-0.453606,-1.207166,-1.232367,2.705626,-0.168051,0.342710,1.145416,1.011374,-1.716715,-4.887727,-1.431651,-4.494624,-10.882001,4.119689,22.266674,0.087091,-0.099045,0.000000,-0.152501,0.456521,-0.000000
2.350000,-0.426494,-1.208796,-1.229026,2.716834,-0.158008,0.325322,1.096005,0.997291,-1.760536,-4.993752,-1.383537,-4.268852,-10.459866,5.100001,22.742903,0.085598,-0.094442,0.000000,-0.145867,0.460698,0.000000
2.360000,-0.399271,-1.210327,-1.225862,2.727543,-0.148103,0.307507,1.045547,0.983707,-1.802080,-5.097247,-1.332100,-4.039179,-10.042478,5.968476,23.193791,0.084173,-0.089797,0.000000,-0.139069,0.464847,-0.000000
2.370000,-0.371944,-1.211759,-1.222878,2.737742,-0.138332,0.289288,0.994090,0.970741,-1.841305,-5.192778,-1.257076,-3.805014,-9.252064,8.261561,23.626768,0.082825,-0.085114,0.000000,-0.130383,0.468512,0.000000
2.380000,-0.344518,-1.213094,-1.220077,2.747422,-0.128686,0.270689,0.941697,0.958557,-1.878167,-5.286246,-1.183130,-3.566899,-9.446223,6.494769,23.991056,0.081565,-0.080395,0.000000,-0.121909,0.472210,-0.000000
2.390000,-0.316998,-1.214333,-1.217465,2.756573,-0.119158,0.251733,0.888370,0.947063,-1.912630,-5.377841,-1.111862,-3.325142,-8.680292,8.523181,24.362876,0.080385,-0.075638,0.000000,-0.113773,0.475969,-0.000000
2.400000,-0.289388,-1.215477,-1.215044,2.765186,-0.109742,0.232444,0.834171,0.936403,-1.944658,-5.461453,-1.019415,-3.079796,-8.231704,9.186211,24.694569,0.079296,-0.070846,0.000000,-0.103959,0.479282,0.000000
2.410000,-0.261696,-1.216528,-1.212817,2.773254,-0.100427,0.212848,0.779155,0.926689,-1.974214,-5.540757,-0.922126,-2.830863,-7.750328,9.884584,25.008585,0.078306,-0.066022,0.000000,-0.093842,0.482469,0.000000
2.420000,-0.233925,-1.217486,-1.210788,2.780767,-0.091205,0.192968,0.723362,0.917952,-2.001272,-5.617568,-0.825404,-2.580450,-7.491658,9.817831,25.147601,0.077418,-0.061167,0.000000,-0.083881,0.485704,0.000000
2.430000,-0.206082,-1.218352,-1.208959,2.787718,-0.082065,0.172831,0.666826,0.910218,-2.025810,-5.688070,-0.718247,-2.326357,-6.604083,11.614860,25.669618,0.076632,-0.056280,0.000000,-0.073129,0.488661,-0.000000
2.440000,-0.178173,-1.219128,-1.207332,2.794101,-0.072997,0.152461,0.609623,0.903625,-2.047786,-5.752041,-0.600754,-2.068711,-6.309563,11.501935,25.777167,0.075958,-0.051366,0.000000,-0.061589,0.491332,0.000000
2.450000,-0.150202,-1.219812,-1.205910,2.799909,-0.063989,0.131884,0.551792,0.898190,-2.067183,-5.813226,-0.485274,-1.810223,-5.806752,11.953027,25.995403,0.075398,-0.046425,0.000000,-0.050301,0.494049,0.000000
2.460000,-0.122177,-1.220408,-1.204695,2.805135,-0.055029,0.111126,0.493376,0.893935,-2.083979,-5.869232,-0.365413,-1.548462,-5.316408,12.281872,26.203722,0.074953,-0.041457,0.000000,-0.038703,0.496608,-0.000000
2.470000,-0.094102,-1.220913,-1.203688,2.809774,-0.046106,0.090213,0.434430,0.890914,-2.098158,-5.918830,-0.237345,-1.287595,-4.677945,13.053674,26.111271,0.074627,-0.036466,0.000000,-0.026490,0.498926,0.000000
2.480000,-0.065983,-1.221330,-1.202891,2.813822,-0.037206,0.069171,0.375012,0.889183,-2.109718,-5.964360,-0.110170,-1.023260,-4.429888,12.360847,26.756798,0.074423,-0.031451,0.000000,-0.014380,0.501190,-0.000000
2.490000,-0.037827,-1.221657,-1.202305,2.817273,-0.028318,0.048027,0.315156,0.888702,-2.118610,-6.005899,0.015015,-0.755463,-3.801572,12.932841,26.652643,0.074338,-0.026414,0.000000,-0.002451,0.503414,-0.000000
2.500000,-0.009640,-1.221896,-1.201931,2.820124,-0.019428,0.026808,0.254917,0.889507,-2.124834,-6.041029,0.145954,-0.489031,-3.299759,12.974470,26.776262,0.074376,-0.021356,0.000000,0.009925,0.505411,0.000000
2.510000,0.018573,-1.222046,-1.201769,2.822370,-0.010524,0.005540,0.194350,0.891607,-2.128381,-6.071567,0.273764,-0.220021,-2.792769,12.919777,26.885096,0.074536,-0.016278,0.000000,0.022048,0.507328,-0.000000
2.520000,0.046806,-1.222106,-1.201820,2.824010,-0.001592,-0.015751,0.133504,0.895007,-2.129243,-6.096744,0.407271,0.047339,-2.256714,13.434493,26.716485,0.074819,-0.011181,0.000000,0.034640,0.509111,0.000000
2.530000,0.075052,-1.222078,-1.202084,2.825040,0.007381,-0.037036,0.072431,0.899731,-2.127425,-6.116994,0.535177,0.317031,-1.793532,12.123930,27.222470,0.075227,-0.006068,0.000000,0.046801,0.510793,0.000000
2.540000,0.103305,-1.221959,-1.202561,2.825458,0.016407,-0.058290,0.011180,0.905685,-2.122893,-6.132324,0.656269,0.589023,-1.257818,12.419790,27.037799,0.075753,-0.000937,0.000000,0.058443,0.512380,-0.000000
2.550000,0.131559,-1.221749,-1.203250,2.825263,0.025499,-0.079485,-0.050197,0.912873,-2.115654,-6.142270,0.780456,0.858855,-0.745534,12.068700,27.058533,0.076397,0.004209,0.000000,0.070377,0.513838,0.000000
2.560000,0.159808,-1.221448,-1.204150,2.824454,0.034669,-0.100594,-0.111649,0.921268,-2.105710,-6.147296,0.897806,1.130166,-0.234393,11.638317,27.062431,0.077159,0.009370,0.000000,0.081813,0.515204,0.000000
2.570000,0.188046,-1.221056,-1.205261,2.823030,0.043928,-0.121590,-0.173124,0.930833,-2.093062,-6.146725,1.015276,1.398761,0.324260,11.602008,26.785537,0.078034,0.014543,0.000000,0.093315,0.516422,0.000000
2.580000,0.216266,-1.220570,-1.206581,2.820991,0.053289,-0.142447,-0.234568,0.941545,-2.077729,-6.141321,1.124536,1.668584,0.755811,10.230988,27.178904,0.079023,0.019729,0.000000,0.104228,0.517557,0.000000
2.590000,0.244463,-1.219989,-1.208110,2.818339,0.062762,-0.163136,-0.295935,0.953291,-2.059686,-6.131115,1.224558,1.939558,1.310096,10.006220,26.876985,0.080116,0.024927,0.000000,0.114475,0.518617,-0.000000
2.600000,0.272631,-1.219314,-1.209844,2.815073,0.072358,-0.183631,-0.357171,0.966033,-2.038952,-6.115328,1.322365,2.207170,1.822807,9.300942,26.774544,0.081312,0.030135,0.000000,0.124623,0.519526,-0.000000
2.610000,0.300763,-1.218542,-1.211781,2.811196,0.082086,-0.203906,-0.418225,0.979701,-2.015541,-6.094561,1.409869,2.474893,2.336507,8.511272,26.646981,0.082606,0.035351,0.000000,0.134028,0.520341,-0.000000
2.620000,0.328853,-1.217672,-1.213921,2.806709,0.091955,-0.223933,-0.479045,0.994229,-1.989468,-6.068544,1.495346,2.738920,2.861243,8.261851,26.267442,0.083993,0.040577,0.000000,0.143365,0.521025,-0.000000
2.630000,0.356895,-1.216702,-1.216259,2.801616,0.101974,-0.243687,-0.539579,1.009564,-1.960763,-6.037458,1.568358,3.002534,3.355821,6.321312,26.453381,0.085470,0.045809,0.000000,0.151787,0.521602,0.000000
2.640000,0.384883,-1.215632,-1.218794,2.795919,0.112149,-0.263140,-0.599777,1.025549,-1.929419,-6.001312,1.627905,3.265555,3.879019,5.894616,26.029100,0.087025,0.051046,0.000000,0.159211,0.522071,0.000000
2.650000,0.412811,-1.214459,-1.221521,2.789622,0.122486,-0.282266,-0.659587,1.042114,-1.895469,-5.959928,1.683402,3.523974,4.392054,4.882294,25.763673,0.088654,0.056289,0.000000,0.166404,0.522397,0.000000
2.660000,0.440674,-1.213181,-1.224438,2.782729,0.132993,-0.301040,-0.718957,1.059169,-1.858946,-5.913068,1.725705,3.780065,4.912483,3.816346,25.451562,0.090350,0.061535,0.000000,0.172611,0.522562,-0.000000
2.670000,0.468464,-1.211798,-1.227540,2.775244,0.143671,-0.319437,-0.777837,1.076612,-1.819878,-5.862301,1.761864,4.032906,5.306161,3.169045,25.105820,0.092105,0.066783,0.000000,0.178422,0.522692,-0.000000
2.680000,0.496177,-1.210307,-1.230825,2.767174,0.154526,-0.337430,-0.836183,1.094358,-1.778301,-5.805576,1.783927,4.281958,6.040534,1.230096,24.697208,0.093914,0.072033,0.000000,0.183155,0.522602,0.000000
2.690000,0.523806,-1.208707,-1.234288,2.758523,0.165559,-0.354994,-0.893928,1.112240,-1.734253,-5.742818,1.791203,4.526778,6.444842,0.462026,24.263083,0.095764,0.077281,0.000000,0.186738,0.522275,-0.000000
2.700000,0.551345,-1.206996,-1.237924,2.749297,0.176771,-0.372107,-0.951027,1.130161,-1.687780,-5.676127,1.791016,4.767036,6.958885,-0.744890,23.776170,0.097648,0.082526,0.000000,0.189785,0.521880,0.000000
2.710000,0.578790,-1.205171,-1.241728,2.739504,0.188162,-0.388742,-1.007430,1.148013,-1.638933,-5.603551,1.777250,5.001386,7.475000,-1.964977,23.225568,0.099556,0.087767,0.000000,0.191753,0.521228,-0.000000
2.720000,0.606133,-1.203232,-1.245697,2.729151,0.199730,-0.404878,-1.063087,1.165669,-1.587760,-5.527381,1.752085,5.232668,7.836755,-3.116045,22.886769,0.101480,0.093003,0.000000,0.192838,0.520530,-0.000000
2.730000,0.633371,-1.201176,-1.249824,2.718245,0.211474,-0.420490,-1.117957,1.183011,-1.534307,-5.445186,1.713931,5.456104,8.603851,-4.518076,21.787527,0.103409,0.098231,0.000000,0.192849,0.519527,0.000000
2.740000,0.660497,-1.199002,-1.254105,2.706795,0.223389,-0.435556,-1.171970,1.199904,-1.478668,-5.356906,1.662613,5.670990,8.972313,-5.700557,21.317997,0.105333,0.103448,0.000000,0.191744,0.518188,0.000000
2.750000,0.687505,-1.196708,-1.258533,2.694809,0.235470,-0.450056,-1.225085,1.216225,-1.420901,-5.265089,1.599522,5.881120,9.468763,-6.963910,20.562909,0.107241,0.108652,0.000000,0.189654,0.516755,-0.000000
2.760000,0.714391,-1.194292,-1.263104,2.682296,0.247711,-0.463968,-1.277253,1.231848,-1.361081,-5.167802,1.522854,6.081334,9.956596,-8.237320,19.733753,0.109122,0.113841,0.000000,0.186353,0.514994,-0.000000
2.770000,0.741149,-1.191753,-1.267811,2.669267,0.260104,-0.477271,-1.328427,1.246650,-1.299281,-5.066268,1.436011,6.278033,10.378670,-9.257260,19.341949,0.110966,0.119013,0.000000,0.182175,0.513058,-0.000000
2.780000,0.767775,-1.189089,-1.272647,2.655731,0.272641,-0.489947,-1.378561,1.260520,-1.235562,-4.959629,1.335069,6.462640,10.948406,-10.932647,17.562627,0.112761,0.124165,0.000000,0.176665,0.510767,-0.000000
2.790000,0.794262,-1.186300,-1.277607,2.641700,0.285311,-0.501976,-1.427602,1.273304,-1.170074,-4.847940,1.220005,6.634265,11.357555,-11.947536,17.010714,0.114494,0.129292,0.000000,0.169774,0.508085,0.000000
2.800000,0.820607,-1.183383,-1.282684,2.627183,0.298103,-0.513343,-1.475507,1.284890,-1.102891,-4.732260,1.095106,6.800490,11.806756,-13.156544,15.969043,0.116154,0.134393,0.000000,0.161927,0.505171,0.000000
2.810000,0.846804,-1.180337,-1.287872,2.612193,0.311005,-0.524029,-1.522232,1.295163,-1.034113,-4.611984,0.957634,6.953054,12.242339,-14.327820,14.855763,0.117728,0.139463,0.000000,0.152760,0.501848,0.000000
2.820000,0.872849,-1.177162,-1.293163,2.596743,0.324002,-0.534020,-1.567733,1.304004,-0.963841,-4.487495,0.808713,7.100385,12.657086,-15.454412,14.290966,0.119205,0.144499,0.000000,0.142427,0.498230,0.000000
2.830000,0.898738,-1.173857,-1.298550,2.580843,0.337080,-0.543301,-1.611968,1.311300,-0.892159,-4.358807,0.648589,7.232177,13.078072,-16.563099,12.049632,0.120572,0.149497,0.000000,0.130800,0.494161,0.000000
2.840000,0.924465,-1.170420,-1.304026,2.564508,0.350222,-0.551859,-1.654896,1.316940,-0.819255,-4.226064,0.477700,7.347514,13.463946,-17.601651,11.324104,0.121817,0.154453,0.000000,0.117864,0.489599,-0.000000
2.850000,0.950026,-1.166852,-1.309585,2.547750,0.363412,-0.559682,-1.696477,1.320820,-0.745227,-4.089550,0.296698,7.455841,13.840031,-18.594521,10.020790,0.122926,0.159361,0.000000,0.103742,0.484672,0.000000
2.860000,0.975418,-1.163152,-1.315218,2.530583,0.376632,-0.566760,-1.736674,1.322847,-0.670197,-3.949249,0.107334,7.547673,14.200262,-19.502623,8.659253,0.123888,0.164218,0.000000,0.088449,0.479210,0.000000
2.870000,1.000637,-1.159320,-1.320917,2.513021,0.389863,-0.573083,-1.775451,1.322919,-0.594293,-3.805763,-0.095302,7.631841,14.510188,-20.785877,7.857157,0.124689,0.169018,0.000000,0.071582,0.473365,0.000000
2.880000,1.025677,-1.155355,-1.326677,2.495078,0.403084,-0.578644,-1.812777,1.320925,-0.517622,-3.658766,-0.303376,7.698170,14.886260,-20.810139,5.393136,0.125316,0.173757,0.000000,0.053711,0.466917,0.000000
2.890000,1.050537,-1.151258,-1.332488,2.476770,0.416274,-0.583434,-1.848616,1.316838,-0.440394,-3.508440,-0.515868,7.745884,15.158848,-21.905562,4.458345,0.125760,0.178428,0.000000,0.034884,0.459820,0.000000
2.900000,1.075212,-1.147029,-1.338343,2.458111,0.429413,-0.587450,-1.882938,1.310567,-0.362729,-3.355522,-0.739278,7.784576,15.437498,-22.534211,2.962763,0.126008,0.183025,0.000000,0.014558,0.452265,-0.000000
2.910000,1.099698,-1.142670,-1.344234,2.439117,0.442478,-0.590688,-1.915717,1.302047,-0.284766,-3.200011,-0.965466,7.805349,15.688715,-23.055711,1.435544,0.126049,0.187543,0.000000,-0.006640,0.444060,-0.000000
2.920000,1.123993,-1.138180,-1.350154,2.419802,0.455447,-0.593145,-1.946928,1.291212,-0.206653,-3.041574,-1.203475,7.815507,15.967623,-24.176842,0.352340,0.125869,0.191975,0.000000,-0.029526,0.435263,-0.000000
2.930000,1.148093,-1.133561,-1.356094,2.400183,0.468295,-0.594821,-1.976543,1.277981,-0.128519,-2.881309,-1.441264,7.807287,16.080271,-23.355186,-2.005887,0.125456,0.196316,0.000000,-0.053079,0.425795,0.000000
2.940000,1.171996,-1.128815,-1.362048,2.380277,0.480998,-0.595716,-2.004549,1.262395,-0.050572,-2.719511,-1.677457,7.780228,16.301911,-24.226574,-3.164003,0.124806,0.200556,0.000000,-0.077187,0.415627,0.000000
2.950000,1.195698,-1.123942,-1.368006,2.360098,0.493534,-0.595833,-2.030926,1.244396,0.027053,-2.555591,-1.922447,7.741927,16.450324,-24.398740,-4.739372,0.123907,0.204691,0.000000,-0.102799,0.404808,-0.000000
2.960000,1.219197,-1.118945,-1.373962,2.339664,0.505878,-0.595176,-2.055661,1.223965,0.104205,-2.391363,-2.163480,7.685739,16.554129,-24.429436,-6.318873,0.122750,0.208713,0.000000,-0.128771,0.393341,0.000000
2.970000,1.242490,-1.113825,-1.379907,2.318990,0.518005,-0.593751,-2.078737,1.201075,0.180729,-2.223097,-2.416587,7.617214,16.935452,-25.557970,-7.558087,0.121324,0.212614,0.000000,-0.156637,0.380933,-0.000000
2.980000,1.265576,-1.108585,-1.385834,2.298094,0.529891,-0.591564,-2.100128,1.175666,0.256488,-2.056084,-2.661344,7.530973,16.457331,-23.358623,-9.693048,0.119617,0.216386,0.000000,-0.184457,0.367950,0.000000
2.990000,1.288451,-1.103228,-1.391736,2.276993,0.541511,-0.588625,-2.119865,1.147887,0.331288,-1.890834,-2.895961,7.426922,16.748266,-24.173723,-10.938636,0.117636,0.220024,0.000000,-0.212028,0.354400,-0.000000
3.000000,1.311115,-1.097756,-1.397604,2.255703,0.552841,-0.584942,-2.137932,1.117707,0.404990,-1.722579,-3.139208,7.310793,16.738268,-23.838546,-12.457499,0.115371,0.223520,0.000000,-0.241171,0.339901,-0.000000
3.010000,1.333565,-1.092172,-1.403432,2.234240,0.563857,-0.580529,-2.154341,1.085122,0.477452,-1.559920,-3.377392,7.179328,16.618531,-23.485569,-13.925121,0.112812,0.226868,0.000000,-0.270553,0.325209,0.000000
3.020000,1.355799,-1.086480,-1.409212,2.212621,0.574536,-0.575398,-2.169067,1.050196,0.548520,-1.382662,-3.605881,7.031532,18.024303,-22.485749,-15.535405,0.109961,0.230057,0.000000,-0.299627,0.308222,0.000000
3.030000,1.377817,-1.080683,-1.414938,2.190865,0.584853,-0.569564,-2.182037,1.013007,0.618040,-1.216402,-3.832863,6.870694,15.199216,-22.904369,-16.622214,0.106818,0.233071,0.000000,-0.329236,0.291575,-0.000000
3.040000,1.399616,-1.074784,-1.420601,2.168986,0.594788,-0.563043,-2.193443,0.973544,0.685893,-1.062455,-4.057823,6.697374,16.400117,-21.780878,-18.126787,0.103375,0.235924,0.000000,-0.359304,0.275425,0.000000
3.050000,1.421196,-1.068789,-1.426196,2.147001,0.604317,-0.555852,-2.203228,0.931896,0.751936,-0.895343,-4.270645,6.509126,16.210804,-21.058549,-19.421509,0.099635,0.238601,0.000000,-0.388680,0.257067,-0.000000
3.060000,1.442556,-1.062699,-1.431716,2.124927,0.613419,-0.548010,-2.211335,0.888190,0.816043,-0.725048,-4.468101,6.310474,16.241386,-20.045270,-20.629290,0.095606,0.241087,0.000000,-0.416930,0.237606,0.000000
3.070000,1.463695,-1.056522,-1.437155,2.102780,0.622074,-0.539538,-2.217859,0.842437,0.878080,-0.585319,-4.686235,6.093704,13.259914,-21.988330,-22.393932,0.091283,0.243385,0.000000,-0.448024,0.220370,0.000000
3.080000,1.484611,-1.050260,-1.442505,2.080574,0.630261,-0.530456,-2.222968,0.794576,0.937895,-0.427195,-4.874438,5.869540,18.410759,-15.589939,-22.417727,0.086656,0.245503,0.000000,-0.476251,0.200521,-0.000000
3.090000,1.505306,-1.043918,-1.447762,2.058326,0.637960,-0.520787,-2.226322,0.745070,0.995452,-0.248672,-5.029743,5.639093,15.718212,-17.054311,-23.983446,0.081771,0.247399,0.000000,-0.501142,0.177817,0.000000
3.100000,1.525778,-1.037502,-1.452919,2.036053,0.645157,-0.510555,-2.228067,0.693898,1.050619,-0.099553,-5.201770,5.392858,15.668542,-15.751346,-24.928811,0.076623,0.249081,0.000000,-0.528226,0.157298,-0.000000
3.110000,1.546027,-1.031017,-1.457971,2.013770,0.651833,-0.499783,-2.228291,0.641109,1.103291,0.054232,-5.354079,5.140195,15.450157,-14.515148,-25.796937,0.071214,0.250550,0.000000,-0.553289,0.135614,-0.000000
3.120000,1.566053,-1.024467,-1.462913,1.991492,0.657974,-0.488498,-2.226960,0.586874,1.153378,0.212717,-5.490196,4.875284,15.885658,-12.882110,-26.972328,0.065563,0.251795,0.000000,-0.576663,0.112599,0.000000
3.130000,1.585857,-1.017859,-1.467739,1.969236,0.663566,-0.476725,-2.224062,0.531340,1.200781,0.364365,-5.615391,4.605213,14.426897,-12.156417,-27.021894,0.059685,0.252808,0.000000,-0.598805,0.089707,-0.000000
3.140000,1.605438,-1.011198,-1.472446,1.947016,0.668597,-0.464491,-2.219702,0.474601,1.245471,0.508329,-5.729546,4.331080,14.718660,-10.486464,-27.992419,0.053591,0.253594,0.000000,-0.619614,0.067101,-0.000000
3.150000,1.624797,-1.004489,-1.477028,1.924847,0.673054,-0.451825,-2.213878,0.416809,1.287367,0.655560,-5.826585,4.047364,14.363119,-9.099888,-28.535214,0.047300,0.254148,0.000000,-0.638325,0.043457,-0.000000
3.160000,1.643935,-0.997739,-1.481481,1.902743,0.676930,-0.438753,-2.206652,0.358094,1.326415,0.787990,-5.914617,3.761754,13.804992,-7.762463,-28.960144,0.040828,0.254470,0.000000,-0.655747,0.021012,-0.000000
3.170000,1.662852,-0.990952,-1.485802,1.880719,0.680214,-0.425306,-2.198000,0.298622,1.362558,0.947086,-5.974955,3.464892,16.369894,-5.022042,-30.021274,0.034198,0.254553,0.000000,-0.669656,-0.005045,-0.000000
3.180000,1.681550,-0.984136,-1.489986,1.858788,0.682900,-0.411512,-2.187806,0.238607,1.395721,1.080878,-6.030120,3.169526,10.332911,-6.031459,-29.025246,0.027438,0.254378,0.000000,-0.682535,-0.028572,0.000000
3.190000,1.700029,-0.977296,-1.494031,1.836966,0.684984,-0.397401,-2.176489,0.178028,1.425961,1.186823,-6.080995,2.877078,12.507536,-3.415668,-29.829104,0.020550,0.253992,0.000000,-0.694427,-0.049150,0.000000
3.200000,1.718290,-0.970439,-1.497933,1.815263,0.686460,-0.383003,-2.163960,0.117091,1.453228,1.316926,-6.104576,2.576469,11.861508,-2.023601,-29.898726,0.013563,0.253381,0.000000,-0.702603,-0.072860,0.000000
3.210000,1.736334,-0.963569,-1.501690,1.793691,0.687325,-0.368347,-2.150179,0.055992,1.477511,1.439182,-6.111950,2.280354,11.439063,-0.468391,-29.843177,0.006507,0.252538,0.000000,-0.708271,-0.095723,0.000000
3.220000,1.754164,-0.956694,-1.505299,1.772263,0.687579,-0.353463,-2.135284,-0.005179,1.498795,1.535114,-6.123311,1.974991,8.861727,-0.817689,-30.696849,-0.000604,0.251478,0.000000,-0.713741,-0.115997,0.000000
3.230000,1.771780,-0.949820,-1.508759,1.750988,0.687222,-0.338381,-2.119440,-0.066376,1.517041,1.639817,-6.107608,1.677578,12.113000,3.987006,-28.755278,-0.007755,0.250215,0.000000,-0.715344,-0.137079,0.000000
3.240000,1.789184,-0.942952,-1.512066,1.729878,0.686253,-0.323131,-2.102445,-0.127229,1.532383,1.754800,-6.063603,1.389691,9.757097,3.813539,-29.331065,-0.014896,0.248732,0.000000,-0.712931,-0.159071,-0.000000
3.250000,1.806378,-0.936097,-1.515221,1.708943,0.684678,-0.307743,-2.084447,-0.187677,1.544805,1.844508,-6.022964,1.095671,9.306296,5.302878,-28.938505,-0.022014,0.247044,0.000000,-0.710155,-0.178344,-0.000000
3.260000,1.823364,-0.929260,-1.518221,1.688192,0.682501,-0.292245,-2.065545,-0.247637,1.554330,1.935197,-5.967282,0.810209,8.784786,6.607482,-28.464548,-0.029091,0.245164,0.000000,-0.704893,-0.197408,0.000000
3.270000,1.840143,-0.922449,-1.521065,1.667635,0.679728,-0.276666,-2.045765,-0.306916,1.561000,2.019768,-5.883772,0.523656,8.173312,9.330115,-28.520028,-0.036097,0.243097,0.000000,-0.695617,-0.215691,0.000000
3.280000,1.856717,-0.915668,-1.523754,1.647280,0.676366,-0.261034,-2.025165,-0.365306,1.564837,2.099587,-5.796727,0.246635,7.791275,8.047217,-26.862697,-0.043000,0.240851,0.000000,-0.685236,-0.233012,0.000000
3.290000,1.873089,-0.908923,-1.526286,1.627134,0.672424,-0.245378,-2.003788,-0.422850,1.565971,2.174681,-5.707678,-0.019722,7.181939,10.518301,-26.714612,-0.049799,0.238436,0.000000,-0.673984,-0.249313,-0.000000
3.300000,1.889260,-0.902221,-1.528661,1.607206,0.667912,-0.229724,-1.981693,-0.479361,1.564441,2.243592,-5.593031,-0.284753,6.645395,11.639862,-25.965926,-0.056466,0.235861,0.000000,-0.659072,-0.264663,-0.000000
3.310000,1.905234,-0.895567,-1.530881,1.587503,0.662841,-0.214098,-1.958935,-0.534698,1.560313,2.307089,-5.472785,-0.539461,6.098420,12.717733,-25.157441,-0.062978,0.233138,0.000000,-0.642950,-0.278876,0.000000
3.320000,1.921011,-0.888966,-1.532944,1.568030,0.657223,-0.198526,-1.935565,-0.588756,1.553665,2.365967,-5.335949,-0.789481,5.633194,14.330658,-24.652331,-0.069316,0.230275,0.000000,-0.624345,-0.292181,0.000000
3.330000,1.936595,-0.882424,-1.534851,1.548793,0.651071,-0.183033,-1.911636,-0.641399,1.544562,2.418830,-5.192863,-1.028449,4.937868,14.266179,-23.127845,-0.075461,0.227284,0.000000,-0.604576,-0.304233,0.000000
3.340000,1.951988,-0.875946,-1.536605,1.529799,0.644400,-0.167643,-1.887210,-0.692598,1.533136,2.465603,-5.044596,-1.255643,4.460524,15.687742,-22.491255,-0.081405,0.224178,0.000000,-0.583847,-0.315004,0.000000
3.350000,1.967192,-0.869538,-1.538205,1.511050,0.637224,-0.152378,-1.862338,-0.742237,1.519467,2.507664,-4.881981,-1.476552,3.907747,16.513276,-21.497942,-0.087130,0.220966,0.000000,-0.561103,-0.324792,-0.000000
3.360000,1.982210,-0.863203,-1.539653,1.492553,0.629560,-0.137260,-1.837093,-0.790226,1.503643,2.540047,-4.714718,-1.686522,3.279712,17.253167,-20.483568,-0.092625,0.217663,0.000000,-0.537581,-0.332914,-0.000000
3.370000,1.997044,-0.856948,-1.540950,1.474310,0.621425,-0.122312,-1.811501,-0.836482,1.485771,2.579805,-4.534160,-1.886060,3.983566,18.530788,-19.426816,-0.097876,0.214277,0.000000,-0.512379,-0.341338,0.000000
3.380000,2.011697,-0.850777,-1.542099,1.456324,0.612837,-0.107551,-1.785550,-0.880903,1.465956,2.605272,-4.350971,-2.075127,1.089865,18.085094,-18.383088,-0.102871,0.210811,0.000000,-0.486760,-0.347601,0.000000
3.390000,2.026171,-0.844693,-1.543102,1.438599,0.603813,-0.092999,-1.759451,-0.923499,1.444304,2.615586,-4.166312,-2.253517,1.670978,19.153274,-17.285260,-0.107610,0.207296,0.000000,-0.460918,-0.351621,-0.000000
3.400000,2.040470,-0.838702,-1.543960,1.421136,0.594373,-0.078671,-1.733203,-0.964188,1.420923,2.632837,-3.970857,-2.420847,1.088710,19.607703,-16.185877,-0.112085,0.203736,0.000000,-0.433898,-0.355925,0.000000
3.410000,2.054595,-0.832807,-1.544676,1.403936,0.584536,-0.064586,-1.706802,-1.002935,1.395923,2.647145,-3.778591,-2.577454,0.691064,19.892691,-15.082209,-0.116291,0.200135,0.000000,-0.407347,-0.359414,0.000000
3.420000,2.068549,-0.827012,-1.545253,1.387000,0.574321,-0.050758,-1.680361,-1.039665,1.369415,2.636738,-3.563485,-2.721979,-1.715727,22.089135,-13.874523,-0.120221,0.196512,0.000000,-0.378292,-0.359618,-0.000000
3.430000,2.082336,-0.821322,-1.545692,1.370328,0.563750,-0.037202,-1.654031,-1.074246,1.341517,2.635015,-3.358614,-2.856041,1.407295,18.842402,-12.940027,-0.123862,0.192888,0.000000,-0.350654,-0.360390,-0.000000
3.440000,2.095957,-0.815738,-1.545998,1.353920,0.552843,-0.023932,-1.627618,-1.106887,1.312329,2.643636,-3.166040,-2.979743,-0.743722,20.700644,-11.748983,-0.127241,0.189245,0.000000,-0.324692,-0.361929,0.000000
3.450000,2.109415,-0.810266,-1.546172,1.337775,0.541619,-0.010959,-1.601253,-1.137483,1.281963,2.629232,-2.953600,-3.091504,-1.074652,20.743705,-10.657414,-0.130347,0.185602,0.000000,-0.296719,-0.360469,-0.000000
3.460000,2.122713,-0.804907,-1.546218,1.321894,0.530100,0.001704,-1.575022,-1.165967,1.250524,2.616322,-2.742783,-3.194805,-1.463379,20.863053,-9.619416,-0.133177,0.181974,0.000000,-0.269237,-0.358879,0.000000
3.470000,2.135854,-0.799665,-1.546139,1.306274,0.518307,0.014048,-1.548936,-1.192380,1.218133,2.600390,-2.541544,-3.280400,-1.761407,19.909278,-7.877326,-0.135738,0.178363,0.000000,-0.243290,-0.356485,-0.000000
3.480000,2.148840,-0.794542,-1.545938,1.290915,0.506259,0.026064,-1.523028,-1.216771,1.184932,2.580287,-2.333570,-3.360283,-2.258605,21.694925,-8.114729,-0.138041,0.174780,0.000000,-0.216878,-0.353436,-0.000000
3.490000,2.161673,-0.789540,-1.545619,1.275813,0.493978,0.037744,-1.497344,-1.239023,1.150941,2.556068,-2.118559,-3.435195,-2.542800,20.762807,-6.493628,-0.140074,0.171229,0.000000,-0.189985,-0.349769,0.000000
3.500000,2.174357,-0.784663,-1.545184,1.260967,0.481486,0.049081,-1.471915,-1.259186,1.116291,2.529120,-1.913886,-3.493453,-2.886330,20.700582,-5.539323,-0.141847,0.167718,0.000000,-0.164749,-0.345441,-0.000000
3.510000,2.186893,-0.779911,-1.544638,1.246374,0.468802,0.060068,-1.446798,-1.277283,1.081089,2.493218,-1.705352,-3.545554,-3.325421,20.607319,-4.618398,-0.143368,0.164254,0.000000,-0.139416,-0.339990,0.000000
3.520000,2.199285,-0.775287,-1.543984,1.232030,0.455947,0.070701,-1.421987,-1.293329,1.045431,2.471547,-1.505482,-3.583461,-1.944869,19.740695,-3.227407,-0.144642,0.160841,0.000000,-0.115567,-0.335849,-0.000000
3.530000,2.211535,-0.770793,-1.543226,1.217933,0.442942,0.080975,-1.397424,-1.307380,1.009437,2.434667,-1.302679,-3.615648,-5.457720,20.825150,-3.223183,-0.145679,0.157473,0.000000,-0.091708,-0.329945,0.000000
3.540000,2.223644,-0.766429,-1.542366,1.204080,0.429806,0.090889,-1.373356,-1.319369,0.973133,2.381438,-1.096812,-3.642789,-4.237242,19.957392,-1.948814,-0.146475,0.154179,0.000000,-0.067820,-0.322200,0.000000
3.550000,2.235617,-0.762197,-1.541409,1.190465,0.416561,0.100437,-1.349733,-1.329354,0.936629,2.341946,-0.900406,-3.656952,-4.600645,19.700520,-1.151017,-0.147041,0.150953,0.000000,-0.045473,-0.315787,-0.000000
3.560000,2.247454,-0.758098,-1.540358,1.177084,0.403225,0.109621,-1.326525,-1.337397,0.900012,2.299873,-0.709237,-3.665110,-4.770617,19.294456,-0.382513,-0.147388,0.147795,0.000000,-0.024038,-0.309052,-0.000000
3.570000,2.259159,-0.754133,-1.539218,1.163933,0.389819,0.118438,-1.303819,-1.343491,0.863360,2.237782,-0.507579,-3.663766,-6.710510,20.286233,0.544797,-0.147518,0.144714,0.000000,-0.001818,-0.300067,-0.000000
3.580000,2.270734,-0.750302,-1.537991,1.151005,0.376362,0.126888,-1.281731,-1.347599,0.826756,2.185332,-0.319264,-3.656445,-3.746011,17.348111,0.910152,-0.147431,0.141724,0.000000,0.018596,-0.292127,0.000000
3.590000,2.282180,-0.746606,-1.536681,1.138297,0.362873,0.134973,-1.260068,-1.349931,0.790248,2.144080,-0.145650,-3.643649,-5.441745,18.122070,1.744414,-0.147153,0.138803,0.000000,0.037095,-0.285395,-0.000000
3.600000,2.293501,-0.743044,-1.535293,1.125802,0.349370,0.142694,-1.238926,-1.350469,0.753913,2.084578,0.036704,-3.622543,-5.516854,17.595115,2.369352,-0.146685,0.135962,0.000000,0.056235,-0.276671,0.000000
3.610000,2.304697,-0.739618,-1.533829,1.113516,0.335870,0.150052,-1.218359,-1.349221,0.717810,2.028748,0.212349,-3.597080,-5.631629,17.137584,2.938616,-0.146032,0.133207,0.000000,0.074380,-0.268386,-0.000000
3.620000,2.315772,-0.736327,-1.532293,1.101433,0.322391,0.157051,-1.198354,-1.346270,0.682007,1.972143,0.375777,-3.561856,-5.699586,15.926231,3.884942,-0.145204,0.130537,0.000000,0.090891,-0.259989,0.000000
3.630000,2.326726,-0.733170,-1.530689,1.089547,0.308950,0.163693,-1.178919,-1.341704,0.646580,1.914536,0.538820,-3.524021,-5.819163,16.691651,3.669014,-0.144215,0.127952,0.000000,0.107160,-0.251563,0.000000
3.640000,2.337563,-0.730148,-1.529020,1.077853,0.295562,0.169984,-1.160066,-1.335491,0.611532,1.856096,0.701847,-3.484246,-5.852202,15.526444,4.497051,-0.143061,0.125453,0.000000,0.123243,-0.243137,-0.000000
3.650000,2.348284,-0.727259,-1.527290,1.066344,0.282245,0.175926,-1.141798,-1.327715,0.576927,1.797432,0.852572,-3.436046,-5.891594,15.000094,4.920453,-0.141756,0.123039,0.000000,0.137761,-0.234691,0.000000
3.660000,2.358891,-0.724503,-1.525503,1.055015,0.269013,0.181524,-1.124119,-1.318448,0.542819,1.738162,0.999859,-3.385052,-5.917396,14.439001,5.318279,-0.140307,0.120711,0.000000,0.151755,-0.226261,0.000000
3.670000,2.369385,-0.721878,-1.523661,1.043860,0.255881,0.186784,-1.107032,-1.307738,0.509243,1.679549,1.141168,-3.329353,-5.845762,13.836907,5.769513,-0.138723,0.118469,0.000000,0.164943,-0.217957,0.000000
3.680000,2.379768,-0.719385,-1.521768,1.032872,0.242863,0.191711,-1.090531,-1.295643,0.476241,1.620391,1.276901,-3.270743,-5.984922,13.308873,5.945596,-0.137011,0.116310,0.000000,0.177412,-0.209675,-0.000000
3.690000,2.390043,-0.717020,-1.519828,1.022047,0.229973,0.196311,-1.074626,-1.282219,0.443836,1.560767,1.407002,-3.209620,-5.894286,12.694312,6.320125,-0.135177,0.114235,0.000000,0.189178,-0.201426,0.000000
3.700000,2.400210,-0.714785,-1.517843,1.011378,0.217223,0.200589,-1.059311,-1.267524,0.412061,1.502177,1.530906,-3.144847,-5.864725,12.101655,6.582936,-0.133230,0.112244,0.000000,0.200179,-0.193353,-0.000000
3.710000,2.410271,-0.712675,-1.515817,1.000859,0.204626,0.204554,-1.044583,-1.251618,0.380944,1.443484,1.649346,-3.078360,-5.825652,11.512459,6.806415,-0.131176,0.110333,0.000000,0.210534,-0.185356,0.000000
3.720000,2.420227,-0.710692,-1.513753,0.990484,0.192194,0.208211,-1.030436,-1.234563,0.350509,1.386127,1.760473,-3.007927,-5.688904,10.783971,7.180948,-0.129022,0.108504,0.000000,0.220033,-0.177558,0.000000
3.730000,2.430081,-0.708831,-1.511654,0.980248,0.179938,0.211567,-1.016861,-1.216425,0.320787,1.328798,1.866517,-2.936819,-5.776561,10.427004,7.032958,-0.126777,0.106752,0.000000,0.228968,-0.169857,0.000000
3.740000,2.439833,-0.707092,-1.509523,0.970145,0.167869,0.214629,-1.003860,-1.197249,0.291773,1.271537,1.967575,-2.865455,-5.628761,9.713028,7.330345,-0.124445,0.105079,0.000000,0.237363,-0.162257,-0.000000
3.750000,2.449484,-0.705473,-1.507362,0.960169,0.155997,0.217404,-0.991424,-1.177099,0.263489,1.215870,2.061395,-2.791107,-5.548499,9.122841,7.439730,-0.122033,0.103481,0.000000,0.244961,-0.154883,0.000000
3.760000,2.459037,-0.703972,-1.505175,0.950315,0.144330,0.219901,-0.979543,-1.156037,0.235951,1.160284,2.150047,-2.716454,-5.467706,8.538889,7.525190,-0.119547,0.101958,0.000000,0.252022,-0.147602,-0.000000
3.770000,2.468491,-0.702586,-1.502965,0.940576,0.132879,0.222126,-0.968207,-1.134123,0.209166,1.107461,2.231548,-2.640329,-5.192041,7.829402,7.658570,-0.116995,0.100506,0.000000,0.258335,-0.140675,0.000000
3.780000,2.477849,-0.701313,-1.500734,0.930949,0.121650,0.224087,-0.957396,-1.111422,0.183144,1.054440,2.308066,-2.564144,-5.413990,7.477333,7.573627,-0.114382,0.099125,0.000000,0.264150,-0.133808,0.000000
3.790000,2.487110,-0.700152,-1.498484,0.921427,0.110653,0.225791,-0.947120,-1.087978,0.157882,1.001166,2.379753,-2.488170,-5.141738,6.793118,7.655350,-0.111713,0.097812,0.000000,0.269494,-0.126993,0.000000
3.800000,2.496277,-0.699099,-1.496219,0.912005,0.099893,0.227247,-0.937361,-1.063852,0.133384,0.950802,2.444532,-2.411426,-5.026948,6.231536,7.653011,-0.108995,0.096567,0.000000,0.274147,-0.120540,0.000000
3.810000,2.505351,-0.698153,-1.493940,0.902678,0.089378,0.228462,-0.928098,-1.039103,0.109653,0.902073,2.504356,-2.334697,-4.879996,5.679645,7.640280,-0.106232,0.095386,0.000000,0.278325,-0.114321,0.000000
3.820000,2.514331,-0.697311,-1.491650,0.893441,0.079113,0.229443,-0.919328,-1.013787,0.086685,0.851732,2.557650,-2.259134,-5.029486,5.033986,7.517681,-0.103430,0.094269,0.000000,0.281889,-0.108013,0.000000
3.830000,2.523220,-0.696570,-1.489352,0.884290,0.069104,0.230198,-0.911051,-0.987965,0.064472,0.804814,2.606185,-2.183386,-4.348188,4.676316,7.630812,-0.100595,0.093213,0.000000,0.285004,-0.102111,-0.000000
3.840000,2.532017,-0.695928,-1.487047,0.875219,0.059355,0.230735,-0.903218,-0.961678,0.043018,0.761598,2.650133,-2.107541,-4.453432,4.061432,7.487325,-0.097731,0.092214,0.000000,0.287693,-0.096638,0.000000
3.850000,2.540724,-0.695382,-1.484738,0.866224,0.049872,0.231061,-0.895826,-0.934984,0.022315,0.717116,2.687905,-2.033268,-4.284113,3.548490,7.412981,-0.094844,0.091272,0.000000,0.289820,-0.091103,-0.000000
3.860000,2.549342,-0.694930,-1.482427,0.857301,0.040657,0.231183,-0.888869,-0.907935,0.002352,0.674517,2.721144,-1.959520,-4.132954,3.049396,7.324070,-0.091936,0.090383,0.000000,0.291541,-0.085810,-0.000000
3.870000,2.557871,-0.694568,-1.480115,0.848445,0.031714,0.231110,-0.882322,-0.880582,-0.016880,0.635406,2.748457,-1.886921,-3.787990,2.465503,7.204157,-0.089015,0.089546,0.000000,0.292722,-0.080924,-0.000000
3.880000,2.566311,-0.694294,-1.477805,0.839653,0.023046,0.230848,-0.876160,-0.852979,-0.035390,0.596684,2.771550,-1.815256,-3.959077,2.156744,7.127524,-0.086083,0.088758,0.000000,0.293537,-0.076125,-0.000000
3.890000,2.574664,-0.694106,-1.475499,0.830921,0.014655,0.230405,-0.870388,-0.825164,-0.053188,0.558236,2.790619,-1.744608,-3.630272,1.608529,6.990542,-0.083145,0.088018,0.000000,0.294009,-0.071401,-0.000000
3.900000,2.582930,-0.694000,-1.473197,0.822244,0.006543,0.229787,-0.864982,-0.797186,-0.070287,0.523234,2.804195,-1.675384,-3.469445,1.159610,6.863222,-0.080205,0.087324,0.000000,0.293992,-0.067070,-0.000000
3.910000,2.591109,-0.693974,-1.470903,0.813620,-0.001288,0.229001,-0.859924,-0.769093,-0.086699,0.488471,2.813823,-1.607319,-3.319405,0.725474,6.730133,-0.077266,0.086672,0.000000,0.293642,-0.062805,0.000000
3.920000,2.599202,-0.694025,-1.468618,0.805044,-0.008838,0.228055,-0.855194,-0.740927,-0.102439,0.458351,2.818350,-1.540980,-2.862590,0.224313,6.555501,-0.074333,0.086062,0.000000,0.292845,-0.059048,0.000000
3.930000,2.607210,-0.694150,-1.466343,0.796515,-0.016107,0.226955,-0.850760,-0.712737,-0.117523,0.427902,2.819239,-1.475833,-3.231833,-0.042836,6.473839,-0.071410,0.085488,0.000000,0.291746,-0.055294,-0.000000
3.940000,2.615133,-0.694346,-1.464079,0.788028,-0.023093,0.225707,-0.846639,-0.684554,-0.131960,0.396924,2.816690,-1.411894,-2.803510,-0.507160,6.294564,-0.068499,0.084953,0.000000,0.290366,-0.051522,0.000000
3.950000,2.622971,-0.694611,-1.461829,0.779581,-0.029798,0.224318,-0.842803,-0.656420,-0.145767,0.370485,2.809507,-1.349789,-2.643259,-0.884915,6.144640,-0.065604,0.084453,0.000000,0.288586,-0.048240,-0.000000
3.960000,2.630724,-0.694941,-1.459593,0.771171,-0.036222,0.222793,-0.839223,-0.628375,-0.158958,0.345918,2.798944,-1.288619,-2.449748,-1.248414,6.001405,-0.062729,0.083986,0.000000,0.286526,-0.045172,-0.000000
3.970000,2.638394,-0.695335,-1.457374,0.762796,-0.042366,0.221140,-0.835893,-0.600455,-0.171552,0.319842,2.784375,-1.230572,-2.590210,-1.640461,5.692990,-0.059875,0.083549,0.000000,0.284137,-0.041997,-0.000000
3.980000,2.645981,-0.695788,-1.455171,0.754452,-0.048231,0.219364,-0.832812,-0.572697,-0.183571,0.297795,2.766653,-1.172973,-1.813301,-1.900729,5.829503,-0.057047,0.083143,0.000000,0.281485,-0.039243,-0.000000
3.990000,2.653483,-0.696298,-1.452987,0.746139,-0.053820,0.217471,-0.829921,-0.545131,-0.195011,0.280045,2.745957,-1.115704,-1.912849,-2.258791,5.538265,-0.054246,0.082761,0.000000,0.278586,-0.036932,-0.000000
4.000000,2.660903,-0.696863,-1.450822,0.737853,-0.059135,0.215466,-0.827218,-0.517790,-0.205896,0.261038,2.721721,-1.061474,-1.711852,-2.563598,5.393457,-0.051476,0.082404,0.000000,0.275400,-0.034534,0.000000
4.010000,2.668241,-0.697480,-1.448678,0.729594,-0.064177,0.213355,-0.824691,-0.490706,-0.216243,0.244783,2.694749,-1.008086,-1.522787,-2.852430,5.248235,-0.048739,0.082068,0.000000,0.271992,-0.032426,-0.000000
4.020000,2.675495,-0.698146,-1.446555,0.721359,-0.068950,0.211143,-0.822315,-0.463907,-0.226066,0.230733,2.664499,-0.956838,-1.302972,-3.171609,5.036799,-0.046037,0.081753,0.000000,0.268313,-0.030564,-0.000000
4.030000,2.682668,-0.698858,-1.444455,0.713147,-0.073456,0.208835,-0.820070,-0.437424,-0.235383,0.218393,2.631858,-0.906606,-1.165522,-3.353546,5.010988,-0.043373,0.081456,0.000000,0.264444,-0.028889,-0.000000
4.040000,2.689758,-0.699614,-1.442379,0.704957,-0.077700,0.206437,-0.817942,-0.411277,-0.244201,0.207740,2.597003,-0.857321,-0.949380,-3.638503,4.810893,-0.040749,0.081174,0.000000,0.260403,-0.027395,0.000000
4.050000,2.696767,-0.700411,-1.440327,0.696788,-0.081683,0.203953,-0.815908,-0.385493,-0.252537,0.199264,2.559337,-0.810078,-0.761337,-3.868741,4.673574,-0.038166,0.080907,0.000000,0.256131,-0.026139,0.000000
4.060000,2.703694,-0.701247,-1.438300,0.688639,-0.085411,0.201388,-0.813951,-0.360097,-0.260405,0.192463,2.519666,-0.763827,-0.575976,-4.083730,4.540894,-0.035627,0.080651,0.000000,0.251703,-0.025062,-0.000000
4.070000,2.710540,-0.702119,-1.436299,0.680509,-0.088886,0.198746,-0.812051,-0.335109,-0.267821,0.187952,2.477521,-0.719583,-0.348847,-4.322785,4.343496,-0.033133,0.080404,0.000000,0.247075,-0.024233,0.000000
4.080000,2.717304,-0.703024,-1.434325,0.672398,-0.092114,0.196033,-0.810187,-0.310552,-0.274800,0.185006,2.433676,-0.676206,-0.241383,-4.443391,4.333590,-0.030685,0.080165,0.000000,0.242318,-0.023569,0.000000
4.090000,2.723988,-0.703960,-1.432379,0.664305,-0.095099,0.193252,-0.808346,-0.286440,-0.281347,0.183573,2.388297,-0.633612,-0.022909,-4.650159,4.150261,-0.028287,0.079932,0.000000,0.237446,-0.023063,0.000000
4.100000,2.730591,-0.704925,-1.430461,0.656231,-0.097845,0.190407,-0.806508,-0.262793,-0.287479,0.184348,2.340889,-0.592887,0.154829,-4.809030,4.030784,-0.025937,0.079703,0.000000,0.232413,-0.022794,0.000000
4.110000,2.737113,-0.705916,-1.428571,0.648175,-0.100356,0.187503,-0.804654,-0.239626,-0.293207,0.186754,2.292145,-0.553007,0.329688,-4.953629,3.916280,-0.023639,0.079476,0.000000,0.227281,-0.022694,0.000000
4.120000,2.743554,-0.706932,-1.426711,0.640138,-0.102639,0.184544,-0.802767,-0.216956,-0.298545,0.190941,2.241717,-0.514821,0.505443,-5.114358,3.750161,-0.021392,0.079248,0.000000,0.222018,-0.022785,0.000000
4.130000,2.749915,-0.707968,-1.424880,0.632120,-0.104697,0.181534,-0.800829,-0.194796,-0.303506,0.196816,2.190222,-0.477387,0.668899,-5.182131,3.738276,-0.019198,0.079019,0.000000,0.216680,-0.023050,0.000000
4.140000,2.756197,-0.709025,-1.423080,0.624122,-0.106536,0.178475,-0.798825,-0.173154,-0.308095,0.204340,2.137809,-0.440624,0.836932,-5.313746,3.586012,-0.017059,0.078787,0.000000,0.211280,-0.023484,-0.000000
4.150000,2.762398,-0.710098,-1.421311,0.616144,-0.108162,0.175373,-0.796737,-0.152044,-0.312324,0.213533,2.084122,-0.405412,0.998602,-5.406461,3.486446,-0.014973,0.078549,0.000000,0.205784,-0.024096,0.000000
4.160000,2.768520,-0.711187,-1.419573,0.608187,-0.109579,0.172230,-0.794549,-0.131474,-0.316205,0.224286,2.029707,-0.370921,1.155331,-5.486569,3.391457,-0.012943,0.078304,0.000000,0.200242,-0.024868,-0.000000
4.170000,2.774562,-0.712289,-1.417866,0.600253,-0.110793,0.169050,-0.792246,-0.111453,-0.319747,0.236662,1.974319,-0.337763,1.315153,-5.577201,3.261159,-0.010969,0.078051,0.000000,0.194630,-0.025811,-0.000000
4.180000,2.780525,-0.713402,-1.416192,0.592343,-0.111810,0.165836,-0.789811,-0.091989,-0.322962,0.250489,1.918448,-0.305259,1.449329,-5.594861,3.240843,-0.009051,0.077787,0.000000,0.188993,-0.026904,0.000000
4.190000,2.786409,-0.714525,-1.414550,0.584457,-0.112635,0.162592,-0.787231,-0.073085,-0.325854,0.265712,1.862223,-0.273344,1.598495,-5.659922,3.122296,-0.007189,0.077512,0.000000,0.183343,-0.028139,0.000000
4.200000,2.792214,-0.715655,-1.412940,0.576599,-0.113274,0.159320,-0.784492,-0.054747,-0.328434,0.282403,1.805386,-0.242633,1.735088,-5.693952,3.041588,-0.005384,0.077224,0.000000,0.177654,-0.029529,0.000000
4.210000,2.797941,-0.716790,-1.411363,0.568768,-0.113732,0.156024,-0.781579,-0.036978,-0.330709,0.300301,1.748338,-0.212567,1.864199,-5.717535,2.964141,-0.003636,0.076921,0.000000,0.171963,-0.031044,0.000000
4.220000,2.803589,-0.717929,-1.409820,0.560968,-0.114015,0.152707,-0.778480,-0.019781,-0.332688,0.319857,1.691036,-0.183413,2.026054,-5.737623,2.875057,-0.001945,0.076603,0.000000,0.166265,-0.032731,-0.000000
4.230000,2.809160,-0.719069,-1.408309,0.553199,-0.114129,0.149371,-0.775179,-0.003158,-0.334379,0.340382,1.633694,-0.154893,2.077195,-5.728877,2.829608,-0.000310,0.076266,0.000000,0.160580,-0.034519,-0.000000
4.240000,2.814654,-0.720211,-1.406832,0.545465,-0.114080,0.146020,-0.771669,0.012893,-0.335788,0.361786,1.576418,-0.126967,2.222738,-5.728421,2.748181,0.001267,0.075912,0.000000,0.154917,-0.036400,-0.000000
4.250000,2.820070,-0.721351,-1.405389,0.537766,-0.113873,0.142657,-0.767938,0.028371,-0.336921,0.384640,1.519187,-0.099849,2.327460,-5.712503,2.683252,0.002788,0.075538,0.000000,0.149272,-0.038432,-0.000000
4.260000,2.825409,-0.722488,-1.403979,0.530107,-0.113515,0.139283,-0.763973,0.043278,-0.337786,0.408531,1.462277,-0.073242,2.429337,-5.685790,2.622174,0.004253,0.075143,0.000000,0.143671,-0.040571,-0.000000
4.270000,2.830672,-0.723620,-1.402603,0.522488,-0.113010,0.135902,-0.759766,0.057616,-0.338390,0.433017,1.405336,-0.047548,2.486406,-5.683738,2.532978,0.005661,0.074726,0.000000,0.138079,-0.042779,0.000000
4.280000,2.835859,-0.724747,-1.401261,0.514912,-0.112364,0.132516,-0.755309,0.071387,-0.338739,0.458651,1.348992,-0.022241,2.639679,-5.583192,2.529325,0.007015,0.074287,0.000000,0.132557,-0.045105,-0.000000
4.290000,2.840970,-0.725867,-1.399953,0.507383,-0.111584,0.129128,-0.750589,0.084598,-0.338835,0.485387,1.293349,0.002724,2.686318,-5.561640,2.447821,0.008313,0.073824,0.000000,0.127114,-0.047545,0.000000
4.300000,2.846007,-0.726979,-1.398679,0.499901,-0.110674,0.125740,-0.745600,0.097254,-0.338687,0.512527,1.237932,0.026859,2.759668,-5.503191,2.395467,0.009557,0.073336,0.000000,0.121701,-0.050035,0.000000
4.310000,2.850968,-0.728080,-1.397438,0.492471,-0.109641,0.122355,-0.740337,0.109359,-0.338300,0.540277,1.183162,0.050508,2.820212,-5.440080,2.342826,0.010747,0.072823,0.000000,0.116359,-0.052592,0.000000
4.320000,2.855856,-0.729171,-1.396232,0.485096,-0.108489,0.118975,-0.734790,0.120920,-0.337678,0.569191,1.129242,0.073795,2.930947,-5.352241,2.306836,0.011884,0.072284,0.000000,0.111109,-0.055270,-0.000000
4.330000,2.860671,-0.730250,-1.395059,0.477777,-0.107224,0.115602,-0.728952,0.131946,-0.336826,0.598236,1.075938,0.096484,2.875804,-5.307861,2.230910,0.012970,0.071717,0.000000,0.105924,-0.057971,-0.000000
4.340000,2.865412,-0.731315,-1.393920,0.470517,-0.105852,0.112239,-0.722826,0.142441,-0.335750,0.627291,1.023296,0.118576,2.964365,-5.210169,2.195745,0.014003,0.071124,0.000000,0.100809,-0.060681,-0.000000
4.350000,2.870081,-0.732366,-1.392814,0.463321,-0.104377,0.108888,-0.716403,0.152415,-0.334455,0.657225,0.971670,0.140331,2.991991,-5.123466,2.147776,0.014986,0.070503,0.000000,0.095798,-0.063486,0.000000
4.360000,2.874679,-0.733402,-1.391742,0.456190,-0.102805,0.105551,-0.709682,0.161877,-0.332946,0.687073,0.920825,0.161524,3.009989,-5.032499,2.100167,0.015919,0.069854,0.000000,0.090868,-0.066292,0.000000
4.370000,2.879205,-0.734422,-1.390703,0.449128,-0.101141,0.102230,-0.702659,0.170836,-0.331226,0.717708,0.871148,0.182422,3.082841,-4.914131,2.070574,0.016804,0.069177,0.000000,0.086055,-0.069183,-0.000000
4.380000,2.883661,-0.735425,-1.389697,0.442138,-0.099390,0.098927,-0.695329,0.179303,-0.329299,0.748013,0.822309,0.202747,2.975860,-4.853335,1.994221,0.017641,0.068470,0.000000,0.081326,-0.072052,0.000000
4.390000,2.888048,-0.736410,-1.388724,0.435223,-0.097557,0.095644,-0.687700,0.187285,-0.327173,0.777861,0.774333,0.222491,3.025429,-4.729159,1.963621,0.018431,0.067736,0.000000,0.076683,-0.074887,0.000000
4.400000,2.892366,-0.737376,-1.387784,0.428385,-0.095646,0.092384,-0.679770,0.194794,-0.324850,0.808213,0.727637,0.241942,3.010682,-4.621543,1.917674,0.019175,0.066972,0.000000,0.072166,-0.077780,0.000000
4.410000,2.896616,-0.738322,-1.386877,0.421628,-0.093662,0.089148,-0.671537,0.201841,-0.322336,0.838328,0.682021,0.260937,2.992094,-4.508967,1.873337,0.019874,0.066180,0.000000,0.067755,-0.080661,-0.000000
4.420000,2.900799,-0.739249,-1.386001,0.414956,-0.091610,0.085938,-0.663005,0.208438,-0.319634,0.867854,0.637394,0.279335,2.930108,-4.408314,1.814007,0.020530,0.065359,0.000000,0.063441,-0.083495,0.000000
4.430000,2.904916,-0.740154,-1.385158,0.408369,-0.089495,0.082756,-0.654180,0.214593,-0.316750,0.897289,0.594026,0.297379,2.956118,-4.264549,1.794972,0.021144,0.064510,0.000000,0.059250,-0.086329,-0.000000
4.440000,2.908967,-0.741038,-1.384346,0.401873,-0.087320,0.079603,-0.645060,0.220322,-0.313687,0.926579,0.551954,0.315076,2.882062,-4.157432,1.736641,0.021716,0.063632,0.000000,0.055184,-0.089160,0.000000
4.450000,2.912953,-0.741901,-1.383565,0.395469,-0.085090,0.076483,-0.635651,0.225636,-0.310451,0.955050,0.510951,0.332174,2.830478,-4.035076,1.690856,0.022248,0.062726,0.000000,0.051221,-0.091921,-0.000000
4.460000,2.916876,-0.742740,-1.382816,0.389161,-0.082809,0.073395,-0.625961,0.230545,-0.307046,0.982914,0.471148,0.348740,2.767116,-3.913060,1.641733,0.022740,0.061793,0.000000,0.047374,-0.094635,0.000000
4.470000,2.920737,-0.743557,-1.382097,0.382951,-0.080480,0.070342,-0.615993,0.235064,-0.303476,1.010608,0.432807,0.365187,2.744842,-3.766936,1.628506,0.023195,0.060833,0.000000,0.043668,-0.097340,0.000000
4.480000,2.924536,-0.744350,-1.381409,0.376842,-0.078109,0.067326,-0.605752,0.239205,-0.299744,1.037248,0.395563,0.380907,2.581053,-3.681982,1.514620,0.023614,0.059846,0.000000,0.040066,-0.099954,-0.000000
4.490000,2.928274,-0.745119,-1.380751,0.370837,-0.075697,0.064348,-0.595252,0.242979,-0.295860,1.062719,0.359409,0.395862,2.537616,-3.536819,1.495532,0.023997,0.058834,0.000000,0.036567,-0.102466,-0.000000
4.500000,2.931953,-0.745863,-1.380122,0.364938,-0.073250,0.061409,-0.584499,0.246398,-0.291827,1.087757,0.324728,0.410650,2.442796,-3.411457,1.442776,0.024346,0.057796,0.000000,0.033210,-0.104945,0.000000
4.510000,2.935573,-0.746584,-1.379523,0.359147,-0.070771,0.058512,-0.573501,0.249477,-0.287650,1.111664,0.291175,0.424831,2.341480,-3.286742,1.390422,0.024662,0.056735,0.000000,0.029959,-0.107323,0.000000
4.520000,2.939136,-0.747279,-1.378952,0.353468,-0.068262,0.055657,-0.562269,0.252227,-0.283333,1.134599,0.259108,0.438430,2.240269,-3.138898,1.331763,0.024946,0.055649,0.000000,0.026851,-0.109617,-0.000000
4.530000,2.942643,-0.747949,-1.378409,0.347903,-0.065727,0.052846,-0.550813,0.254663,-0.278883,1.156362,0.228142,0.451518,2.111061,-3.054768,1.285750,0.025199,0.054542,0.000000,0.023846,-0.111805,0.000000
4.540000,2.946095,-0.748593,-1.377895,0.342453,-0.063170,0.050080,-0.539146,0.256793,-0.274304,1.176876,0.198255,0.464086,1.994463,-2.910578,1.224989,0.025423,0.053413,0.000000,0.020943,-0.113881,0.000000
4.550000,2.949492,-0.749212,-1.377407,0.337121,-0.060592,0.047360,-0.527280,0.258633,-0.269603,1.196192,0.169826,0.476036,1.863904,-2.787771,1.167414,0.025618,0.052264,0.000000,0.018179,-0.115849,-0.000000
4.560000,2.952837,-0.749805,-1.376947,0.331908,-0.057998,0.044688,-0.515227,0.260194,-0.264785,1.214175,0.142505,0.487391,1.727170,-2.666512,1.107640,0.025787,0.051096,0.000000,0.015519,-0.117695,0.000000
4.570000,2.956131,-0.750372,-1.376514,0.326817,-0.055389,0.042065,-0.503001,0.261488,-0.259857,1.230673,0.116585,0.498225,1.575382,-2.527518,1.054553,0.025929,0.049910,0.000000,0.012992,-0.119404,0.000000
4.580000,2.959374,-0.750913,-1.376106,0.321848,-0.052769,0.039491,-0.490618,0.262529,-0.254823,1.245750,0.091742,0.508386,1.439151,-2.441604,0.977379,0.026047,0.048707,0.000000,0.010567,-0.120982,-0.000000
4.590000,2.962568,-0.751427,-1.375724,0.317005,-0.050139,0.036969,-0.478091,0.263326,-0.249691,1.259348,0.067947,0.517853,1.274996,-2.307753,0.920047,0.026141,0.047490,0.000000,0.008239,-0.122423,0.000000
4.600000,2.965715,-0.751915,-1.375366,0.312287,-0.047503,0.034498,-0.465437,0.263892,-0.244468,1.271260,0.045497,0.526745,1.111245,-2.192573,0.853678,0.026212,0.046258,0.000000,0.006040,-0.123704,-0.000000
4.610000,2.968815,-0.752377,-1.375033,0.307696,-0.044862,0.032079,-0.452672,0.264239,-0.239159,1.281354,0.024102,0.534852,0.937586,-2.079553,0.783920,0.026262,0.045015,0.000000,0.003939,-0.124815,0.000000
4.620000,2.971869,-0.752813,-1.374725,0.303234,-0.042219,0.029715,-0.439813,0.264379,-0.233772,1.290278,0.003965,0.542570,0.815960,-1.955147,0.743289,0.026291,0.043762,0.000000,0.001959,-0.125815,-0.000000
4.630000,2.974880,-0.753222,-1.374439,0.298900,-0.039575,0.027404,-0.426874,0.264322,-0.228311,1.297020,-0.015156,0.549375,0.530611,-1.869659,0.616927,0.026301,0.042499,0.000000,0.000073,-0.126607,-0.000000
4.640000,2.977847,-0.753604,-1.374176,0.294697,-0.036933,0.025149,-0.413880,0.264079,-0.222788,1.301484,-0.033294,0.555227,0.391756,-1.751348,0.569418,0.026293,0.041229,0.000000,-0.001721,-0.127180,0.000000
4.650000,2.980774,-0.753960,-1.373936,0.290623,-0.034294,0.022949,-0.400848,0.263660,-0.217208,1.304562,-0.050252,0.560622,0.194504,-1.647615,0.492854,0.026267,0.039955,0.000000,-0.003402,-0.127619,0.000000
4.660000,2.983660,-0.754290,-1.373717,0.286680,-0.031661,0.020805,-0.387797,0.263077,-0.211578,1.305411,-0.066287,0.565218,-0.007132,-1.547450,0.416619,0.026225,0.038677,0.000000,-0.004997,-0.127842,0.000000
4.670000,2.986508,-0.754594,-1.373520,0.282867,-0.029033,0.018717,-0.374745,0.262339,-0.205907,1.304573,-0.081095,0.568861,-0.179010,-1.426674,0.320867,0.026168,0.037398,0.000000,-0.006475,-0.127902,-0.000000
4.680000,2.989318,-0.754871,-1.373343,0.279185,-0.026414,0.016687,-0.361713,0.261458,-0.200203,1.301442,-0.095085,0.571824,-0.448525,-1.372142,0.271821,0.026096,0.036119,0.000000,-0.007876,-0.127737,0.000000
4.690000,2.992092,-0.755122,-1.373186,0.275633,-0.023805,0.014713,-0.348725,0.260440,-0.194472,1.295953,-0.108302,0.574104,-0.631742,-1.259591,0.174545,0.026011,0.034843,0.000000,-0.009204,-0.127339,0.000000
4.700000,2.994831,-0.755347,-1.373048,0.272210,-0.021206,0.012797,-0.335800,0.259295,-0.188724,1.288623,-0.120391,0.575389,-0.850714,-1.170773,0.091392,0.025912,0.033572,0.000000,-0.010425,-0.126760,-0.000000
4.710000,2.997537,-0.755546,-1.372929,0.268916,-0.018619,0.010939,-0.322960,0.258034,-0.182968,1.279056,-0.131695,0.575824,-1.070095,-1.084851,0.004809,0.025802,0.032307,0.000000,-0.011572,-0.125960,-0.000000
4.720000,3.000210,-0.755719,-1.372829,0.265750,-0.016046,0.009138,-0.310227,0.256665,-0.177210,1.267148,-0.142044,0.575567,-1.305164,-0.991029,-0.065680,0.025681,0.031052,0.000000,-0.012627,-0.124925,-0.000000
4.730000,3.002852,-0.755867,-1.372747,0.262711,-0.013486,0.007395,-0.297624,0.255196,-0.171460,1.253084,-0.151646,0.574310,-1.507913,-0.930115,-0.186341,0.025550,0.029809,0.000000,-0.013612,-0.123675,0.000000
4.740000,3.005465,-0.755989,-1.372681,0.259797,-0.010942,0.005709,-0.285172,0.253634,-0.165727,1.236848,-0.160541,0.572022,-1.746232,-0.843725,-0.262157,0.025409,0.028579,0.000000,-0.014531,-0.122207,-0.000000
4.750000,3.008049,-0.756086,-1.372632,0.257007,-0.008414,0.004080,-0.272895,0.251988,-0.160021,1.218207,-0.168581,0.568981,-1.975226,-0.770339,-0.355555,0.025260,0.027365,0.000000,-0.015367,-0.120496,-0.000000
4.760000,3.010605,-0.756157,-1.372599,0.254339,-0.005902,0.002508,-0.260816,0.250265,-0.154351,1.197274,-0.175961,0.564948,-2.206601,-0.700435,-0.450097,0.025102,0.026169,0.000000,-0.016141,-0.118553,0.000000
4.770000,3.013136,-0.756204,-1.372582,0.251790,-0.003409,0.000993,-0.248957,0.248472,-0.148726,1.174117,-0.182547,0.559985,-2.429809,-0.622893,-0.543943,0.024937,0.024994,0.000000,-0.016839,-0.116384,0.000000
4.780000,3.015641,-0.756226,-1.372579,0.249359,-0.000933,-0.000467,-0.237341,0.246616,-0.143155,1.148574,-0.188548,0.554039,-2.679204,-0.578176,-0.645629,0.024766,0.023841,0.000000,-0.017481,-0.113971,-0.000000
4.790000,3.018123,-0.756223,-1.372591,0.247043,0.001523,-0.001871,-0.225994,0.244702,-0.137648,1.120630,-0.194007,0.547091,-2.904759,-0.508353,-0.742904,0.024588,0.022714,0.000000,-0.018072,-0.111312,0.000000
4.800000,3.020583,-0.756195,-1.372616,0.244838,0.003961,-0.003220,-0.214936,0.242738,-0.132216,1.090436,-0.198775,0.539165,-3.138843,-0.451495,-0.843863,0.024404,0.021615,0.000000,-0.018596,-0.108422,0.000000
4.810000,3.023020,-0.756144,-1.372655,0.242743,0.006378,-0.004515,-0.204194,0.240728,-0.126868,1.057628,-0.203053,0.530267,-3.376889,-0.398219,-0.944738,0.024216,0.020546,0.000000,-0.019074,-0.105263,-0.000000
4.820000,3.025438,-0.756068,-1.372707,0.240753,0.008775,-0.005757,-0.193788,0.238679,-0.121615,1.023335,-0.206688,0.520197,-3.526989,-0.335793,-1.062077,0.024023,0.019510,0.000000,-0.019490,-0.101948,0.000000
4.830000,3.027836,-0.755968,-1.372770,0.238866,0.011151,-0.006948,-0.183737,0.236596,-0.116467,0.986140,-0.209916,0.509180,-3.913125,-0.310474,-1.141166,0.023826,0.018508,0.000000,-0.019866,-0.098333,-0.000000
4.840000,3.030215,-0.755845,-1.372845,0.237077,0.013507,-0.008087,-0.174075,0.234482,-0.111434,0.945996,-0.212778,0.497215,-4.069378,-0.255933,-1.259899,0.023626,0.017544,0.000000,-0.020208,-0.094414,-0.000000
4.850000,3.032578,-0.755698,-1.372932,0.235383,0.015841,-0.009177,-0.164821,0.232342,-0.106527,0.904381,-0.215098,0.484044,-4.299962,-0.215467,-1.367029,0.023422,0.016619,0.000000,-0.020498,-0.090338,-0.000000
4.860000,3.034923,-0.755528,-1.373029,0.233779,0.018154,-0.010218,-0.155996,0.230181,-0.101757,0.860254,-0.217062,0.469829,-4.524722,-0.177858,-1.476182,0.023216,0.015737,0.000000,-0.020753,-0.086001,0.000000
4.870000,3.037254,-0.755335,-1.373136,0.232262,0.020445,-0.011212,-0.147624,0.228002,-0.097134,0.813899,-0.218666,0.454515,-4.745554,-0.143385,-1.586835,0.023007,0.014900,0.000000,-0.020974,-0.081430,-0.000000
4.880000,3.039569,-0.755119,-1.373253,0.230825,0.022714,-0.012161,-0.139725,0.225809,-0.092670,0.765358,-0.219940,0.438087,-4.961880,-0.112037,-1.698994,0.022797,0.014109,0.000000,-0.021164,-0.076629,0.000000
4.890000,3.041870,-0.754881,-1.373379,0.229465,0.024961,-0.013066,-0.132324,0.223604,-0.088376,0.714678,-0.220917,0.420530,-5.173188,-0.083831,-1.812645,0.022584,0.013367,0.000000,-0.021324,-0.071603,-0.000000
4.900000,3.044158,-0.754620,-1.373514,0.228177,0.027186,-0.013930,-0.125439,0.221392,-0.084263,0.661918,-0.221626,0.401829,-5.378353,-0.058537,-1.927816,0.022370,0.012677,0.000000,-0.021459,-0.066357,-0.000000
4.910000,3.046434,-0.754337,-1.373657,0.226955,0.029389,-0.014752,-0.119092,0.219173,-0.080343,0.607134,-0.222098,0.381969,-5.577363,-0.036361,-2.044511,0.022155,0.012041,0.000000,-0.021572,-0.060898,0.000000
4.920000,3.048698,-0.754032,-1.373809,0.225793,0.031569,-0.015537,-0.113303,0.216950,-0.076628,0.550394,-0.222363,0.360934,-5.769391,-0.017195,-2.162728,0.021939,0.011460,0.000000,-0.021664,-0.055232,0.000000
4.930000,3.050950,-0.753706,-1.373968,0.224687,0.033728,-0.016286,-0.108090,0.214726,-0.073129,0.491771,-0.222451,0.338709,-5.953817,-0.001008,-2.282462,0.021722,0.010936,0.000000,-0.021740,-0.049366,-0.000000
4.940000,3.053192,-0.753358,-1.374135,0.223630,0.035864,-0.017000,-0.103473,0.212502,-0.069858,0.431345,-0.222393,0.315280,-6.129990,0.012243,-2.403716,0.021504,0.010473,0.000000,-0.021802,-0.043310,0.000000
4.950000,3.055423,-0.752989,-1.374308,0.222615,0.037978,-0.017684,-0.099469,0.210279,-0.066827,0.369199,-0.222217,0.290628,-6.297543,0.022479,-2.526641,0.021286,0.010071,0.000000,-0.021853,-0.037072,0.000000
4.960000,3.057644,-0.752599,-1.374488,0.221638,0.040069,-0.018338,-0.096095,0.208058,-0.064049,0.305425,-0.221953,0.264741,-6.455579,0.029848,-2.651040,0.021067,0.009732,0.000000,-0.021896,-0.030661,-0.000000
4.970000,3.059856,-0.752187,-1.374675,0.220691,0.042139,-0.018965,-0.093366,0.205840,-0.061537,0.240120,-0.221630,0.237602,-6.603607,0.034334,-2.776991,0.020848,0.009458,0.000000,-0.021934,-0.024089,-0.000000
4.980000,3.062058,-0.751756,-1.374867,0.219769,0.044186,-0.019569,-0.091297,0.203625,-0.059301,0.173388,-0.221276,0.209196,-6.741071,0.035976,-2.904472,0.020628,0.009250,0.000000,-0.021970,-0.017367,0.000000
4.990000,3.064251,-0.751304,-1.375066,0.218863,0.046211,-0.020152,-0.089902,0.201414,-0.057357,0.105336,-0.220920,0.179508,-6.867512,0.034841,-3.033428,0.020408,0.009111,0.000000,-0.022006,-0.010506,-0.000000
5.000000,3.066435,-0.750832,-1.375270,0.217968,0.048214,-0.020718,-0.089194,0.199207,-0.055716,0.036076,-0.220588,0.148523,-6.982603,0.031050,-3.163759,0.020188,0.009041,0.000000,-0.022045,-0.003520,-0.000000
