time,x,y,z,vx,vy,vz,ax,ay,az,jx,jy,jz,sx,sy,sz,roll,pitch,yaw,p,q,r
0.000000,-3.040501,0.758486,-1.381194,-0.018217,-0.005114,0.002309,0.927472,-0.279094,0.212652,-13.347823,4.672189,-6.772329,226.953491,-70.745982,151.126921,-0.028937,-0.096339,0.000000,0.500526,1.444870,0.000000
0.010000,-3.040639,0.758422,-1.381161,-0.009572,-0.007683,0.004121,0.804948,-0.235781,0.152069,-11.195718,4.002918,-5.384593,203.746199,-63.208850,126.860338,-0.024324,-0.083154,0.000000,0.423923,1.197021,0.000000
0.020000,-3.040696,0.758334,-1.381113,-0.002050,-0.009851,0.005392,0.702812,-0.198794,0.104194,-9.267429,3.406038,-4.226550,182.179761,-56.263698,105.165522,-0.020426,-0.072285,0.000000,0.357307,0.981017,-0.000000
0.030000,-3.040683,0.758226,-1.381054,0.004545,-0.011678,0.006240,0.618907,-0.167439,0.066856,-7.546861,2.875756,-3.273163,162.191689,-49.885064,85.906514,-0.017149,-0.063437,0.000000,0.299373,0.792607,0.000000
0.040000,-3.040608,0.758101,-1.380989,0.010383,-0.013216,0.006758,0.551234,-0.141076,0.038128,-6.018542,2.406534,-2.500753,143.719533,-44.047483,68.947384,-0.014413,-0.056351,0.000000,0.249007,0.628276,0.000000
0.050000,-3.040477,0.757962,-1.380920,0.015617,-0.014514,0.007025,0.497945,-0.119122,0.016313,-4.667625,1.993088,-1.887006,126.700824,-38.725505,54.151834,-0.012147,-0.050800,0.000000,0.205255,0.485102,-0.000000
0.060000,-3.040297,0.757811,-1.380849,0.020384,-0.015612,0.007103,0.457338,-0.101045,-0.000071,-3.479889,1.630390,-1.410958,111.073001,-33.893663,41.384280,-0.010289,-0.046585,0.000000,0.167304,0.360628,0.000000
0.070000,-3.040071,0.757651,-1.380779,0.024801,-0.016546,0.007038,0.427849,-0.086361,-0.012300,-2.441737,1.313666,-1.053014,96.773611,-29.526494,30.508598,-0.008784,-0.043531,0.000000,0.134451,0.252772,0.000000
0.080000,-3.039802,0.757481,-1.380709,0.028973,-0.017349,0.006867,0.408048,-0.074634,-0.021464,-1.540197,1.038396,-0.794933,83.740121,-25.598536,21.388785,-0.007585,-0.041480,0.000000,0.106086,0.159736,-0.000000
0.090000,-3.039492,0.757304,-1.380642,0.032990,-0.018047,0.006616,0.396631,-0.065469,-0.028475,-0.762923,0.800316,-0.619839,71.909907,-22.084338,13.888796,-0.006649,-0.040292,0.000000,0.081673,0.079953,-0.000000
0.100000,-3.039142,0.757120,-1.380577,0.036930,-0.018665,0.006302,0.392414,-0.058517,-0.034085,-0.098189,0.595414,-0.512207,61.221233,-18.958465,7.873052,-0.005940,-0.039842,0.000000,0.060741,0.012029,0.000000
0.110000,-3.038753,0.756931,-1.380516,0.040859,-0.019224,0.005937,0.394329,-0.053463,-0.038897,0.465098,0.419937,-0.457883,51.610745,-16.195406,3.205106,-0.005424,-0.040016,0.000000,0.042865,-0.045289,-0.000000
0.120000,-3.038325,0.756736,-1.380458,0.044833,-0.019740,0.005525,0.401413,-0.050032,-0.043378,0.937412,0.270382,-0.444065,43.016254,-13.769723,-0.250853,-0.005073,-0.040716,0.000000,0.027665,-0.093144,-0.000000
0.130000,-3.037857,0.756536,-1.380405,0.048901,-0.020229,0.005069,0.412807,-0.047980,-0.047875,1.328601,0.143502,-0.459314,35.375249,-11.655965,-2.630813,-0.004863,-0.041851,0.000000,0.014798,-0.132590,0.000000
0.140000,-3.037347,0.756331,-1.380357,0.053101,-0.020704,0.004567,0.427745,-0.047096,-0.052627,1.647887,0.036307,-0.493548,28.625218,-9.828695,-4.070766,-0.004771,-0.043343,0.000000,0.003951,-0.164602,-0.000000
0.150000,-3.036794,0.756122,-1.380314,0.057466,-0.021174,0.004015,0.445553,-0.047197,-0.057780,1.903867,-0.053942,-0.538049,22.703673,-8.262503,-4.706698,-0.004778,-0.045122,0.000000,-0.005159,-0.190086,0.000000
0.160000,-3.036197,0.755908,-1.380277,0.062020,-0.021650,0.003410,0.465638,-0.048127,-0.063398,2.104524,-0.129724,-0.585451,17.548790,-6.931542,-4.674288,-0.004869,-0.047126,0.000000,-0.012787,-0.209885,0.000000
0.170000,-3.035553,0.755689,-1.380246,0.066784,-0.022139,0.002746,0.487484,-0.049751,-0.069479,2.257193,-0.193271,-0.629759,13.097084,-5.810836,-4.109940,-0.005030,-0.049303,0.000000,-0.019162,-0.224777,-0.000000
0.180000,-3.034860,0.755465,-1.380222,0.071774,-0.022647,0.002019,0.510645,-0.051958,-0.075967,2.368603,-0.246556,-0.666330,9.286431,-4.874761,-3.149452,-0.005249,-0.051608,0.000000,-0.024489,-0.235479,-0.000000
0.190000,-3.034117,0.755236,-1.380206,0.077000,-0.023180,0.001225,0.534739,-0.054653,-0.082768,2.444850,-0.291297,-0.691881,6.054261,-4.097894,-1.928778,-0.005516,-0.054001,0.000000,-0.028944,-0.242642,0.000000
0.200000,-3.033319,0.755001,-1.380198,0.082471,-0.023742,0.000363,0.559443,-0.057760,-0.089761,2.491414,-0.328958,-0.704492,3.338685,-3.454549,-0.584019,-0.005825,-0.056451,0.000000,-0.032679,-0.246850,0.000000
0.210000,-3.032466,0.754761,-1.380199,0.088190,-0.024336,-0.000572,0.584409,-0.061151,-0.097435,2.495847,-0.346521,-0.845776,0.734680,-2.638299,-2.061449,-0.006161,-0.058919,0.000000,-0.034298,-0.246020,-0.000000
0.220000,-3.031555,0.754515,-1.380210,0.094159,-0.024966,-0.001585,0.609533,-0.064873,-0.104645,2.536119,-0.405620,-0.510175,4.360745,-6.709026,44.322619,-0.006531,-0.061401,0.000000,-0.040395,-0.251675,-0.000000
0.230000,-3.030582,0.754262,-1.380231,0.100382,-0.025636,-0.002653,0.634924,-0.069125,-0.108844,2.520790,-0.428754,-0.481297,-7.465368,2.147355,-39.332596,-0.006955,-0.063925,0.000000,-0.042687,-0.250005,-0.000000
0.240000,-3.029546,0.754002,-1.380263,0.106856,-0.026348,-0.003772,0.659737,-0.073300,-0.115607,2.448997,-0.413214,-0.794216,-3.793561,-1.560504,1.831236,-0.007369,-0.066371,0.000000,-0.040830,-0.240348,-0.000000
0.250000,-3.028444,0.753734,-1.380307,0.113575,-0.027102,-0.004966,0.684099,-0.077570,-0.122793,2.419886,-0.438837,-0.657884,-5.029257,-1.069818,0.417559,-0.007791,-0.068764,0.000000,-0.043430,-0.237928,0.000000
0.260000,-3.027274,0.753459,-1.380362,0.120536,-0.027900,-0.006227,0.707928,-0.081979,-0.129352,2.341459,-0.441724,-0.653632,-6.319716,-0.661085,0.564160,-0.008227,-0.071105,0.000000,-0.043651,-0.229718,0.000000
0.270000,-3.026033,0.753176,-1.380431,0.127732,-0.028742,-0.007553,0.731238,-0.086485,-0.135850,2.333720,-0.462741,-0.645416,0.629343,-2.437126,0.947299,-0.008672,-0.073390,0.000000,-0.045689,-0.228627,0.000000
0.280000,-3.024719,0.752885,-1.380514,0.135160,-0.029630,-0.008943,0.754375,-0.091171,-0.142262,2.266993,-0.467239,-0.637450,-14.078784,1.566878,0.639752,-0.009134,-0.075655,0.000000,-0.046071,-0.221649,-0.000000
0.290000,-3.023329,0.752584,-1.380610,0.142815,-0.030565,-0.010398,0.776334,-0.095762,-0.148602,2.137063,-0.453996,-0.630041,-7.671091,-0.045216,0.970806,-0.009587,-0.077799,0.000000,-0.044684,-0.208387,0.000000
0.300000,-3.021862,0.752273,-1.380722,0.150684,-0.031545,-0.011915,0.797426,-0.100330,-0.154849,2.078209,-0.458692,-0.619185,-8.280742,0.221509,1.068035,-0.010036,-0.079854,0.000000,-0.045094,-0.202276,-0.000000
0.310000,-3.020315,0.751953,-1.380849,0.158761,-0.032571,-0.013494,0.817737,-0.104889,-0.160986,1.981890,-0.452286,-0.608172,-8.756237,0.462417,1.158790,-0.010484,-0.081828,0.000000,-0.044399,-0.192458,0.000000
0.320000,-3.018686,0.751621,-1.380992,0.167036,-0.033643,-0.015134,0.837230,-0.109417,-0.167007,1.923784,-0.454971,-0.595815,-4.998760,-0.425050,1.286227,-0.010928,-0.083720,0.000000,-0.044613,-0.186486,-0.000000
0.330000,-3.016973,0.751280,-1.381152,0.175504,-0.034760,-0.016834,0.856101,-0.113954,-0.172901,1.837079,-0.448716,-0.583001,-12.396733,1.692029,1.273959,-0.011373,-0.085547,0.000000,-0.043941,-0.177696,-0.000000
0.340000,-3.015175,0.750926,-1.381329,0.184154,-0.035922,-0.018592,0.873852,-0.118354,-0.178667,1.719545,-0.432840,-0.569870,-8.930408,0.899126,1.375517,-0.011803,-0.087262,0.000000,-0.042318,-0.165877,0.000000
0.350000,-3.013289,0.750561,-1.381524,0.192978,-0.037127,-0.020407,0.890657,-0.122651,-0.184295,1.640248,-0.425816,-0.555732,-9.081953,1.085359,1.425465,-0.012223,-0.088882,0.000000,-0.041580,-0.157897,0.000000
0.360000,-3.011315,0.750183,-1.381737,0.201965,-0.038374,-0.022277,0.906579,-0.126845,-0.189781,1.543393,-0.412564,-0.541325,-9.168025,1.261586,1.466508,-0.012632,-0.090413,0.000000,-0.040229,-0.148205,-0.000000
0.370000,-3.009250,0.749793,-1.381970,0.211106,-0.039663,-0.024202,0.921614,-0.130921,-0.195119,1.467274,-0.403384,-0.526319,-7.129072,0.867063,1.521536,-0.013029,-0.091855,0.000000,-0.039287,-0.140602,0.000000
0.380000,-3.007092,0.749390,-1.382221,0.220394,-0.040992,-0.026179,0.935874,-0.134893,-0.200307,1.378260,-0.389072,-0.511165,-10.701647,2.004090,1.507622,-0.013416,-0.093220,0.000000,-0.037841,-0.131747,0.000000
0.390000,-3.004841,0.748973,-1.382493,0.229820,-0.042360,-0.028208,0.949123,-0.138681,-0.205342,1.275195,-0.369250,-0.495956,-8.816347,1.663547,1.544863,-0.013784,-0.094485,0.000000,-0.035856,-0.121528,0.000000
0.400000,-3.002495,0.748543,-1.382786,0.239374,-0.043765,-0.030286,0.961465,-0.142296,-0.210224,1.192775,-0.353290,-0.480387,-8.751873,1.823614,1.555683,-0.014135,-0.095660,0.000000,-0.034258,-0.113381,0.000000
0.410000,-3.000053,0.748098,-1.383099,0.249047,-0.045206,-0.032412,0.972945,-0.145732,-0.214950,1.102934,-0.333506,-0.464800,-8.657588,1.980632,1.560874,-0.014468,-0.096749,0.000000,-0.032288,-0.104524,0.000000
0.420000,-2.997514,0.747639,-1.383434,0.258830,-0.046679,-0.034584,0.983573,-0.148974,-0.219520,1.024796,-0.315083,-0.449186,-7.505877,1.851874,1.560809,-0.014782,-0.097755,0.000000,-0.030456,-0.096844,-0.000000
0.430000,-2.994877,0.747164,-1.383791,0.268716,-0.048184,-0.036802,0.993420,-0.152021,-0.223934,0.941558,-0.293363,-0.433605,-9.155955,2.496707,1.554741,-0.015076,-0.098684,0.000000,-0.028304,-0.088680,0.000000
0.440000,-2.992140,0.746675,-1.384170,0.278695,-0.049719,-0.039062,1.002381,-0.154828,-0.228193,0.852621,-0.268142,-0.418103,-8.085648,2.398194,1.545134,-0.015346,-0.099527,0.000000,-0.025812,-0.079972,0.000000
0.450000,-2.989302,0.746170,-1.384572,0.288760,-0.051280,-0.041365,1.010520,-0.157391,-0.232296,0.775267,-0.244132,-0.402716,-7.926102,2.552876,1.531377,-0.015593,-0.100289,0.000000,-0.023444,-0.072423,0.000000
0.460000,-2.986364,0.745649,-1.384998,0.298903,-0.052866,-0.043708,1.017873,-0.159700,-0.236247,0.695461,-0.217462,-0.387434,-7.753959,2.706662,1.515288,-0.015814,-0.100974,0.000000,-0.020817,-0.064647,0.000000
0.470000,-2.983324,0.745112,-1.385447,0.309115,-0.054473,-0.046089,1.024458,-0.161741,-0.240047,0.622787,-0.190685,-0.372503,-7.051017,2.721190,1.479382,-0.016009,-0.101585,0.000000,-0.018184,-0.057585,0.000000
0.480000,-2.980182,0.744560,-1.385920,0.319390,-0.056100,-0.048508,1.030322,-0.163506,-0.243697,0.548761,-0.161519,-0.357668,-7.761691,3.114257,1.487480,-0.016177,-0.102125,0.000000,-0.015319,-0.050401,-0.000000
0.490000,-2.976936,0.743990,-1.386417,0.329719,-0.057742,-0.050963,1.035425,-0.164963,-0.247200,0.473063,-0.129864,-0.342938,-7.103263,3.143689,1.449391,-0.016315,-0.102592,0.000000,-0.012213,-0.043064,0.000000
0.500000,-2.973587,0.743405,-1.386939,0.340096,-0.059398,-0.053452,1.039812,-0.166104,-0.250558,0.404382,-0.098023,-0.328608,-6.905454,3.296937,1.425312,-0.016421,-0.102990,0.000000,-0.009091,-0.036425,0.000000
0.510000,-2.970134,0.742802,-1.387486,0.350513,-0.061063,-0.055973,1.043511,-0.166916,-0.253773,0.335730,-0.064099,-0.314400,-6.700658,3.449263,1.401554,-0.016496,-0.103321,0.000000,-0.005767,-0.029796,-0.000000
0.520000,-2.966577,0.742183,-1.388059,0.360964,-0.062735,-0.058527,1.046543,-0.167384,-0.256848,0.271515,-0.029394,-0.300712,-6.261953,3.528956,1.350231,-0.016537,-0.103587,0.000000,-0.002369,-0.023607,-0.000000
0.530000,-2.962915,0.741548,-1.388657,0.371442,-0.064410,-0.061110,1.048943,-0.167497,-0.259787,0.207977,0.007260,-0.287097,-6.449153,3.802768,1.373310,-0.016543,-0.103793,0.000000,0.001219,-0.017491,0.000000
0.540000,-2.959148,0.740895,-1.389281,0.381941,-0.066084,-0.063722,1.050704,-0.167231,-0.262590,0.144966,0.045902,-0.273531,-6.031788,3.887699,1.325697,-0.016512,-0.103937,0.000000,0.004999,-0.011433,-0.000000
0.550000,-2.955276,0.740226,-1.389931,0.392454,-0.067753,-0.066361,1.051859,-0.166577,-0.265259,0.086318,0.085329,-0.260454,-5.818705,4.034835,1.303804,-0.016442,-0.104023,0.000000,0.008856,-0.005804,-0.000000
0.560000,-2.951299,0.739540,-1.390608,0.402976,-0.069414,-0.069027,1.052433,-0.165519,-0.267799,0.029010,0.126440,-0.247425,-5.601902,4.178376,1.284363,-0.016334,-0.104054,0.000000,0.012877,-0.000311,0.000000
0.570000,-2.947216,0.738838,-1.391312,0.413501,-0.071062,-0.071717,1.052449,-0.164044,-0.270210,-0.025344,0.168809,-0.234926,-5.308532,4.303352,1.233170,-0.016184,-0.104031,0.000000,0.017021,0.004894,-0.000000
0.580000,-2.943029,0.738119,-1.392043,0.424023,-0.072693,-0.074430,1.051932,-0.162138,-0.272497,-0.077992,0.212672,-0.222387,-5.222284,4.469080,1.275715,-0.015993,-0.103956,0.000000,0.021310,0.009927,0.000000
0.590000,-2.938736,0.737384,-1.392801,0.434538,-0.074303,-0.077166,1.050895,-0.159785,-0.274657,-0.128990,0.258011,-0.209756,-4.937635,4.589630,1.233151,-0.015758,-0.103833,0.000000,0.025744,0.014796,0.000000
0.600000,-2.934338,0.736633,-1.393586,0.445039,-0.075888,-0.079923,1.049363,-0.156974,-0.276694,-0.177087,0.304524,-0.197563,-4.721710,4.720765,1.223630,-0.015478,-0.103661,0.000000,0.030293,0.019382,0.000000
0.610000,-2.929835,0.735866,-1.394399,0.455523,-0.077441,-0.082700,1.047358,-0.153690,-0.278608,-0.223440,0.352346,-0.185271,-4.507444,4.846999,1.217763,-0.015151,-0.103445,0.000000,0.034971,0.023795,-0.000000
0.620000,-2.925228,0.735084,-1.395240,0.465985,-0.078960,-0.085495,1.044905,-0.149922,-0.280401,-0.266826,0.401489,-0.173372,-4.212629,4.976770,1.180762,-0.014778,-0.103187,0.000000,0.039780,0.027920,-0.000000
0.630000,-2.920515,0.734287,-1.396109,0.476420,-0.080438,-0.088307,1.042027,-0.145657,-0.282075,-0.308594,0.451778,-0.161260,-4.142543,5.079981,1.242915,-0.014355,-0.102887,0.000000,0.044702,0.031884,0.000000
0.640000,-2.915699,0.733476,-1.397006,0.486824,-0.081871,-0.091136,1.038737,-0.140883,-0.283625,-0.348815,0.503156,-0.148869,-3.858690,5.198942,1.217688,-0.013883,-0.102549,0.000000,0.049731,0.035694,-0.000000
0.650000,-2.910779,0.732650,-1.397932,0.497194,-0.083254,-0.093980,1.035061,-0.135590,-0.285053,-0.386138,0.555704,-0.136737,-3.649201,5.305417,1.227853,-0.013360,-0.102174,0.000000,0.054878,0.039223,0.000000
0.660000,-2.905755,0.731811,-1.398886,0.507524,-0.084581,-0.096837,1.031020,-0.129766,-0.286359,-0.421666,0.609272,-0.124306,-3.439970,5.406313,1.243273,-0.012786,-0.101765,0.000000,0.060125,0.042574,0.000000
0.670000,-2.900629,0.730959,-1.399869,0.517813,-0.085848,-0.099706,1.026636,-0.123401,-0.287540,-0.454789,0.663803,-0.112002,-3.200909,5.499597,1.233733,-0.012158,-0.101324,0.000000,0.065471,0.045692,0.000000
0.680000,-2.895399,0.730094,-1.400880,0.528056,-0.087047,-0.102587,1.021931,-0.116487,-0.288597,-0.486026,0.719257,-0.099291,-3.047164,5.590124,1.309803,-0.011476,-0.100852,0.000000,0.070909,0.048622,-0.000000
0.690000,-2.890068,0.729218,-1.401920,0.538250,-0.088175,-0.105478,1.016922,-0.109013,-0.289524,-0.515411,0.775568,-0.086101,-2.813762,5.670130,1.313437,-0.010739,-0.100352,0.000000,0.076433,0.051368,0.000000
0.700000,-2.884635,0.728331,-1.402990,0.548393,-0.089226,-0.108377,1.011631,-0.100973,-0.290319,-0.542440,0.832639,-0.072870,-2.608781,5.743826,1.348957,-0.009947,-0.099825,0.000000,0.082036,0.053885,0.000000
0.710000,-2.879100,0.727434,-1.404088,0.558482,-0.090193,-0.111284,1.006080,-0.092358,-0.290980,-0.567438,0.890360,-0.059098,-2.402665,5.808852,1.390550,-0.009098,-0.099275,0.000000,0.087707,0.056199,-0.000000
0.720000,-2.873465,0.726527,-1.405215,0.568514,-0.091071,-0.114196,1.000288,-0.083163,-0.291501,-0.590604,0.948880,-0.045187,-2.219501,5.884240,1.408006,-0.008192,-0.098702,0.000000,0.093460,0.058336,-0.000000
0.730000,-2.867730,0.725612,-1.406372,0.578487,-0.091854,-0.117113,0.994275,-0.073379,-0.291881,-0.611593,1.007817,-0.030596,-1.978115,5.901451,1.511583,-0.007229,-0.098109,0.000000,0.099259,0.060255,0.000000
0.740000,-2.861896,0.724690,-1.407558,0.588399,-0.092537,-0.120033,0.988063,-0.063005,-0.292110,-0.630400,1.067072,-0.015247,-1.794955,5.957885,1.543506,-0.006207,-0.097498,0.000000,0.105095,0.061957,-0.000000
0.750000,-2.855962,0.723762,-1.408773,0.598248,-0.093112,-0.122955,0.981673,-0.052036,-0.292185,-0.647397,1.126863,0.000428,-1.593362,5.989126,1.607715,-0.005127,-0.096870,0.000000,0.110989,0.063480,-0.000000
0.760000,-2.849931,0.722829,-1.410017,0.608032,-0.093575,-0.125877,0.975122,-0.040468,-0.292099,-0.662315,1.186800,0.016934,-1.393511,6.010187,1.678479,-0.003987,-0.096229,0.000000,0.116903,0.064796,0.000000
0.770000,-2.843802,0.721891,-1.411290,0.617750,-0.093920,-0.128796,0.968433,-0.028298,-0.291845,-0.675299,1.247161,0.033869,-1.200644,6.047304,1.725000,-0.002789,-0.095575,0.000000,0.122867,0.065922,0.000000
0.780000,-2.837576,0.720951,-1.412593,0.627400,-0.094139,-0.131713,0.961623,-0.015525,-0.291418,-0.686270,1.307435,0.051782,-0.993707,6.005310,1.859133,-0.001530,-0.094911,0.000000,0.128830,0.066844,0.000000
0.790000,-2.831254,0.720009,-1.413924,0.636982,-0.094228,-0.134624,0.954714,-0.002150,-0.290806,-0.695238,1.367503,0.070755,-0.803074,6.019973,1.920628,-0.000212,-0.094239,0.000000,0.134782,0.067564,-0.000000
0.800000,-2.824837,0.719066,-1.415285,0.646494,-0.094180,-0.137528,0.947725,0.011826,-0.290001,-0.702308,1.427685,0.090349,-0.608581,6.001616,2.014804,0.001166,-0.093560,0.000000,0.140754,0.068096,0.000000
0.810000,-2.818324,0.718125,-1.416675,0.655936,-0.093990,-0.140424,0.940675,0.026402,-0.288995,-0.707340,1.487503,0.111075,-0.414159,5.972363,2.115535,0.002603,-0.092877,0.000000,0.146702,0.068422,-0.000000
0.820000,-2.811718,0.717187,-1.418094,0.665308,-0.093650,-0.143308,0.933583,0.041576,-0.287778,-0.710745,1.547209,0.132534,-0.251568,5.955206,2.192611,0.004100,-0.092192,0.000000,0.152649,0.068586,0.000000
0.830000,-2.805018,0.716253,-1.419541,0.674608,-0.093156,-0.146178,0.926467,0.057344,-0.286340,-0.712048,1.606323,0.155267,-0.008786,5.865523,2.355336,0.005656,-0.091506,0.000000,0.158551,0.068536,0.000000
0.840000,-2.798226,0.715325,-1.421017,0.683837,-0.092502,-0.149034,0.919349,0.073700,-0.284668,-0.711244,1.664722,0.179351,0.153415,5.824192,2.446949,0.007271,-0.090822,0.000000,0.164397,0.068271,-0.000000
0.850000,-2.791342,0.714404,-1.422522,0.692995,-0.091680,-0.151871,0.912247,0.090637,-0.282750,-0.708852,1.722669,0.204355,0.340533,5.751654,2.570335,0.008944,-0.090141,0.000000,0.170213,0.067847,0.000000
0.860000,-2.784367,0.713492,-1.424054,0.702082,-0.090687,-0.154688,0.905178,0.108150,-0.280576,-0.704677,1.779737,0.230794,0.521113,5.667165,2.699960,0.010675,-0.089466,0.000000,0.175959,0.067238,-0.000000
0.870000,-2.777301,0.712590,-1.425615,0.711099,-0.089515,-0.157481,0.898162,0.126229,-0.278131,-0.698193,1.836025,0.258199,0.749555,5.582738,2.800161,0.012463,-0.088797,0.000000,0.181646,0.066399,0.000000
0.880000,-2.770145,0.711702,-1.427204,0.720045,-0.088160,-0.160249,0.891219,0.144867,-0.275406,-0.690237,1.891232,0.287194,0.840478,5.456461,3.000038,0.014307,-0.088138,0.000000,0.187246,0.065405,0.000000
0.890000,-2.762900,0.710828,-1.428820,0.728923,-0.086616,-0.162989,0.884362,0.164050,-0.272382,-0.680867,1.945232,0.317851,1.059250,5.347478,3.113895,0.016207,-0.087490,0.000000,0.192748,0.064262,-0.000000
0.900000,-2.755567,0.709970,-1.430464,0.737733,-0.084878,-0.165696,0.877609,0.183768,-0.269046,-0.669285,1.998090,0.349646,1.231204,5.216477,3.263708,0.018162,-0.086854,0.000000,0.198159,0.062896,-0.000000
0.910000,-2.748145,0.709131,-1.432134,0.746476,-0.082939,-0.168368,0.870981,0.204007,-0.265383,-0.656163,2.049503,0.383167,1.401814,5.072914,3.419175,0.020170,-0.086232,0.000000,0.203452,0.061367,-0.000000
0.920000,-2.740637,0.708312,-1.433831,0.755153,-0.080796,-0.171003,0.864492,0.224753,-0.261379,-0.641173,2.099588,0.417839,1.587097,4.933553,3.537464,0.022231,-0.085627,0.000000,0.208640,0.059647,-0.000000
0.930000,-2.733043,0.707516,-1.435554,0.763766,-0.078442,-0.173595,0.858162,0.245993,-0.257020,-0.624611,2.147955,0.454381,1.724625,4.737413,3.772167,0.024342,-0.085039,0.000000,0.213687,0.057761,0.000000
0.940000,-2.725362,0.706744,-1.437303,0.772317,-0.075874,-0.176142,0.852005,0.267706,-0.252285,-0.606511,2.194467,0.492860,1.903952,4.571595,3.902526,0.026504,-0.084472,0.000000,0.218581,0.055709,-0.000000
0.950000,-2.717596,0.705999,-1.439077,0.780807,-0.073087,-0.178639,0.846038,0.289877,-0.247159,-0.586614,2.239273,0.532627,2.066313,4.378806,4.073020,0.028714,-0.083925,0.000000,0.223337,0.053472,0.000000
0.960000,-2.709746,0.705283,-1.440875,0.789238,-0.070075,-0.181083,0.840279,0.312485,-0.241625,-0.565037,2.281975,0.574363,2.229439,4.172505,4.248102,0.030970,-0.083402,0.000000,0.227920,0.051055,0.000000
0.970000,-2.701812,0.704598,-1.442698,0.797613,-0.066836,-0.183470,0.834741,0.335510,-0.235668,-0.542210,2.322802,0.617353,2.354306,3.978108,4.376148,0.033271,-0.082904,0.000000,0.232352,0.048506,-0.000000
0.980000,-2.693794,0.703947,-1.444544,0.805934,-0.063364,-0.185795,0.829441,0.358933,-0.229271,-0.517562,2.361227,0.662434,2.575706,3.704506,4.641198,0.035616,-0.082432,0.000000,0.236586,0.045761,0.000000
0.990000,-2.685693,0.703332,-1.446414,0.814203,-0.059656,-0.188054,0.824396,0.382726,-0.222412,-0.491084,2.397107,0.709662,2.700511,3.482176,4.778559,0.038003,-0.081989,0.000000,0.240609,0.042817,0.000000
1.000000,-2.677510,0.702755,-1.448305,0.822423,-0.055708,-0.190242,0.819623,0.406867,-0.215074,-0.463403,2.430719,0.758228,2.854990,3.225303,4.961153,0.040428,-0.081576,0.000000,0.244449,0.039742,-0.000000
1.010000,-2.669245,0.702218,-1.450218,0.830596,-0.051517,-0.192354,0.815134,0.431331,-0.207240,-0.434066,2.461594,0.808917,3.006870,2.955655,5.146375,0.042891,-0.081194,0.000000,0.248062,0.036485,0.000000
1.020000,-2.660898,0.701725,-1.452152,0.838726,-0.047081,-0.194385,0.810946,0.456091,-0.198892,-0.403320,2.489864,0.860877,3.146975,2.688476,5.275083,0.045389,-0.080846,0.000000,0.251462,0.033076,0.000000
1.030000,-2.652471,0.701278,-1.454106,0.846816,-0.042395,-0.196330,0.807073,0.481119,-0.190015,-0.371031,2.515155,0.915036,3.310448,2.367357,5.557539,0.047919,-0.080533,0.000000,0.254617,0.029492,0.000000
1.040000,-2.643962,0.700878,-1.456078,0.854869,-0.037457,-0.198184,0.803530,0.506383,-0.180583,-0.337219,2.537329,0.971429,3.446697,2.073167,5.691046,0.050480,-0.080256,0.000000,0.257514,0.025734,-0.000000
1.050000,-2.635373,0.700529,-1.458069,0.862888,-0.032266,-0.199940,0.800333,0.531855,-0.170582,-0.302061,2.556508,1.029106,3.589022,1.752765,5.873503,0.053069,-0.080018,0.000000,0.260165,0.021825,0.000000
1.060000,-2.626705,0.700234,-1.460077,0.870877,-0.026820,-0.201593,0.797494,0.557502,-0.159994,-0.265435,2.572303,1.088862,3.729074,1.418633,6.054397,0.055682,-0.079819,0.000000,0.262534,0.017746,0.000000
1.070000,-2.617956,0.699994,-1.462101,0.878839,-0.021116,-0.203138,0.795028,0.583291,-0.148801,-0.227552,2.584973,1.149972,3.853675,1.099035,6.189300,0.058318,-0.079663,0.000000,0.264646,0.013522,0.000000
1.080000,-2.609128,0.699812,-1.464139,0.886779,-0.015154,-0.204567,0.792948,0.609189,-0.136988,-0.188232,2.593947,1.213106,4.010002,0.693364,6.437610,0.060974,-0.079549,0.000000,0.266449,0.009126,0.000000
1.090000,-2.600220,0.699692,-1.466191,0.894699,-0.008932,-0.205875,0.791268,0.635157,-0.124532,-0.147495,2.599083,1.278257,4.130109,0.346024,6.569122,0.063646,-0.079480,0.000000,0.267930,0.004560,0.000000
1.100000,-2.591234,0.699634,-1.468256,0.902605,-0.002450,-0.207056,0.790002,0.661159,-0.111419,-0.105582,2.600704,1.344667,4.258612,-0.037889,6.734146,0.066332,-0.079458,0.000000,0.269118,-0.000149,-0.000000
1.110000,-2.582168,0.699643,-1.470332,0.910501,0.004291,-0.208101,0.789159,0.687157,-0.097631,-0.062862,2.598058,1.413273,4.373688,-0.438965,6.901129,0.069027,-0.079484,0.000000,0.269944,-0.004974,-0.000000
1.120000,-2.573024,0.699721,-1.472418,0.918390,0.011293,-0.209006,0.788756,0.713111,-0.083155,-0.017301,2.592384,1.481885,4.651944,-0.750502,6.902438,0.071730,-0.079559,0.000000,0.270517,-0.010103,0.000000
1.130000,-2.563801,0.699870,-1.474512,0.926278,0.018553,-0.209762,0.788813,0.738988,-0.067984,0.028359,2.581905,1.553025,4.476887,-1.348822,7.326718,0.074436,-0.079687,0.000000,0.270678,-0.015286,0.000000
1.140000,-2.554498,0.700093,-1.476613,0.934168,0.026072,-0.210363,0.789322,0.764732,-0.052085,0.073973,2.566435,1.626722,4.732636,-1.693863,7.327852,0.077142,-0.079866,0.000000,0.270410,-0.020510,-0.000000
1.150000,-2.545117,0.700392,-1.478718,0.942066,0.033847,-0.210801,0.790303,0.790306,-0.035451,0.122263,2.547540,1.700252,4.838714,-2.139820,7.459522,0.079844,-0.080099,0.000000,0.269846,-0.026029,0.000000
1.160000,-2.535657,0.700771,-1.480828,0.949976,0.041877,-0.211070,0.791773,0.815667,-0.018074,0.172136,2.523866,1.775414,4.967528,-2.593087,7.573992,0.082538,-0.080389,0.000000,0.268864,-0.031753,-0.000000
1.170000,-2.526118,0.701231,-1.482939,0.957903,0.050160,-0.211160,0.793736,0.840768,0.000061,0.220059,2.495678,1.851719,4.779990,-3.049586,7.681597,0.085220,-0.080736,0.000000,0.267488,-0.037324,-0.000000
1.180000,-2.516499,0.701775,-1.485051,0.965852,0.058692,-0.211066,0.796186,0.865565,0.018963,0.271155,2.462769,1.928935,5.443884,-3.533795,7.759138,0.087886,-0.081139,0.000000,0.265691,-0.043260,-0.000000
1.190000,-2.506801,0.702405,-1.487160,0.973828,0.067470,-0.210779,0.799171,0.890008,0.038642,0.325626,2.425042,2.006914,5.284902,-4.009642,7.837153,0.090532,-0.081606,0.000000,0.263457,-0.049586,-0.000000
1.200000,-2.497022,0.703125,-1.489265,0.981837,0.076491,-0.210290,0.802689,0.914050,0.059104,0.378241,2.382518,2.085598,5.401836,-4.500092,7.893907,0.093154,-0.082134,0.000000,0.260790,-0.055775,-0.000000
1.210000,-2.487164,0.703936,-1.491365,0.989884,0.085749,-0.209594,0.806744,0.937641,0.080355,0.432803,2.334816,2.164676,5.504979,-5.003181,7.931188,0.095746,-0.082727,0.000000,0.257642,-0.062214,0.000000
1.220000,-2.477224,0.704841,-1.493457,0.997974,0.095242,-0.208681,0.811349,0.960732,0.102399,0.488285,2.282774,2.244258,5.594872,-5.443216,7.971359,0.098305,-0.083385,0.000000,0.254095,-0.068805,0.000000
1.230000,-2.467204,0.705842,-1.495538,1.006113,0.104962,-0.207543,0.816513,0.983277,0.125240,0.544775,2.225159,2.323811,5.702397,-6.082109,7.935364,0.100826,-0.084110,0.000000,0.250015,-0.075555,0.000000
1.240000,-2.457102,0.706941,-1.497607,1.014306,0.114905,-0.206173,0.822247,1.005216,0.148875,0.602224,2.161851,2.403115,5.782027,-6.543495,7.932972,0.103304,-0.084904,0.000000,0.245381,-0.082462,0.000000
1.250000,-2.446918,0.708140,-1.499661,1.022560,0.125064,-0.204563,0.828560,1.026500,0.173302,0.660438,2.093954,2.482303,5.863291,-7.073645,7.890152,0.105733,-0.085769,0.000000,0.240300,-0.089513,0.000000
1.260000,-2.436651,0.709443,-1.501697,1.030879,0.135433,-0.202705,0.835456,1.047074,0.198520,0.718882,2.020035,2.561100,5.925952,-7.617094,7.829123,0.108108,-0.086705,0.000000,0.234618,-0.096654,-0.000000
1.270000,-2.426300,0.710850,-1.503714,1.039271,0.146003,-0.200590,0.842948,1.066890,0.224519,0.779868,1.942461,2.638473,6.171501,-7.989391,7.676466,0.110424,-0.087714,0.000000,0.228555,-0.104117,-0.000000
1.280000,-2.415865,0.712363,-1.505708,1.047740,0.156768,-0.198212,0.851051,1.085901,0.251287,0.840219,1.858324,2.715279,5.894479,-8.841322,7.681409,0.112676,-0.088800,0.000000,0.221817,-0.111590,0.000000
1.290000,-2.405345,0.713986,-1.507677,1.056294,0.167718,-0.195562,0.859749,1.104033,0.278822,0.899727,1.767470,2.791304,6.105330,-9.237911,7.483708,0.114858,-0.089960,0.000000,0.214377,-0.119051,0.000000
1.300000,-2.394739,0.715718,-1.509618,1.064937,0.178846,-0.192633,0.869054,1.121239,0.307106,0.961464,1.672781,2.865163,6.140903,-9.791504,7.318121,0.116963,-0.091198,0.000000,0.206501,-0.126809,0.000000
1.310000,-2.384046,0.717563,-1.511529,1.073677,0.190140,-0.189417,0.878979,1.137467,0.336118,1.023480,1.571904,2.936998,6.183948,-10.343563,7.113203,0.118985,-0.092514,0.000000,0.197939,-0.134668,-0.000000
1.320000,-2.373265,0.719522,-1.513406,1.082519,0.201592,-0.185908,0.889519,1.152662,0.365844,1.084408,1.466284,3.007963,6.075291,-10.819123,7.007506,0.120920,-0.093910,0.000000,0.188845,-0.142500,0.000000
1.330000,-2.362395,0.721596,-1.515246,1.091469,0.213190,-0.182098,0.900671,1.166773,0.396266,1.146532,1.354712,3.075632,6.350568,-11.495931,6.518874,0.122760,-0.095386,0.000000,0.179048,-0.150523,0.000000
1.340000,-2.351435,0.723786,-1.517047,1.100534,0.224923,-0.177980,0.912454,1.179736,0.427344,1.209877,1.237167,3.139593,6.241425,-11.972876,6.335766,0.124498,-0.096944,0.000000,0.168527,-0.158738,-0.000000
1.350000,-2.340384,0.726094,-1.518805,1.109720,0.236780,-0.173549,0.924863,1.191501,0.459053,1.271973,1.114937,3.201662,6.251722,-12.511344,6.004602,0.126129,-0.098585,0.000000,0.157428,-0.166908,-0.000000
1.360000,-2.329240,0.728522,-1.520517,1.119034,0.248749,-0.168797,0.937897,1.202014,0.491361,1.334886,0.986601,3.259291,6.256126,-13.051923,5.631034,0.127644,-0.100310,0.000000,0.145551,-0.175225,-0.000000
1.370000,-2.318003,0.731070,-1.522179,1.128480,0.260816,-0.163720,0.951555,1.211224,0.524235,1.396390,0.854871,3.315231,6.113950,-13.392054,5.439042,0.129038,-0.102118,0.000000,0.133207,-0.183484,0.000000
1.380000,-2.306670,0.733739,-1.523790,1.138067,0.272969,-0.158311,0.965828,1.219089,0.557646,1.458618,0.716701,3.365604,6.331938,-14.243214,4.626291,0.130305,-0.104011,0.000000,0.120004,-0.191871,-0.000000
1.390000,-2.295241,0.736529,-1.525345,1.147799,0.285193,-0.152565,0.980730,1.225535,0.591526,1.521555,0.572064,3.409907,6.181994,-14.581550,4.341595,0.131435,-0.105989,0.000000,0.105914,-0.200377,0.000000
1.400000,-2.283714,0.739443,-1.526840,1.157683,0.297475,-0.146479,0.996253,1.230521,0.625837,1.582828,0.424259,3.451352,6.141390,-15.076839,3.829365,0.132422,-0.108053,0.000000,0.091318,-0.208785,-0.000000
1.410000,-2.272087,0.742479,-1.528273,1.167726,0.309799,-0.140047,1.012398,1.234002,0.660530,1.646401,0.271185,3.486218,6.131071,-15.548267,3.274097,0.133259,-0.110203,0.000000,0.075919,-0.217474,-0.000000
1.420000,-2.260359,0.745639,-1.529640,1.177933,0.322150,-0.133267,1.029144,1.235929,0.695553,1.701350,0.113231,3.517970,5.282383,-16.026622,2.938223,0.133938,-0.112437,0.000000,0.059808,-0.225312,-0.000000
1.430000,-2.248528,0.748922,-1.530937,1.188311,0.334512,-0.126135,1.046443,1.236253,0.730863,1.760945,-0.049015,3.542093,6.646632,-16.418792,1.876477,0.134453,-0.114752,0.000000,0.042948,-0.233661,-0.000000
1.440000,-2.236592,0.752329,-1.532161,1.198864,0.346869,-0.118649,1.064383,1.234935,0.766367,1.825576,-0.215332,3.558057,5.844917,-16.853893,1.444024,0.134795,-0.117155,0.000000,0.025336,-0.242557,-0.000000
1.450000,-2.224550,0.755859,-1.533309,1.209600,0.359205,-0.110808,1.082918,1.231932,0.802012,1.881418,-0.385907,3.569727,5.748248,-17.244253,0.751374,0.134957,-0.119643,0.000000,0.007017,-0.250548,0.000000
1.460000,-2.212399,0.759513,-1.534376,1.220525,0.371502,-0.102609,1.101997,1.227215,0.837732,1.933451,-0.557659,3.572956,5.501983,-17.560053,0.019520,0.134934,-0.122210,0.000000,-0.011755,-0.258106,-0.000000
1.470000,-2.200139,0.763289,-1.535360,1.231642,0.383743,-0.094053,1.121647,1.220731,0.873457,1.999163,-0.741231,3.571212,6.813083,-18.706536,-0.500436,0.134716,-0.124860,0.000000,-0.032131,-0.267173,0.000000
1.480000,-2.187766,0.767188,-1.536256,1.242960,0.395911,-0.085140,1.141932,1.212402,0.909124,2.052346,-0.922395,3.560179,3.793379,-17.508524,-1.715168,0.134291,-0.127597,0.000000,-0.052595,-0.274832,-0.000000
1.490000,-2.175279,0.771207,-1.537062,1.254482,0.407986,-0.075871,1.162641,1.202298,0.944627,2.091588,-1.100298,3.539373,4.881267,-18.515991,-2.323001,0.133664,-0.130400,0.000000,-0.073051,-0.280883,0.000000
1.500000,-2.162675,0.775347,-1.537772,1.266214,0.419950,-0.066248,1.183818,1.190353,0.979894,2.142834,-1.288834,3.512534,4.536325,-18.741317,-3.177130,0.132824,-0.133271,0.000000,-0.095028,-0.288216,0.000000
1.510000,-2.149954,0.779606,-1.538385,1.278160,0.431786,-0.056274,1.205435,1.176465,1.014842,2.179039,-1.490854,3.475534,4.071459,-19.238946,-4.068478,0.131756,-0.136208,0.000000,-0.118865,-0.293779,0.000000
1.520000,-2.137111,0.783982,-1.538897,1.290324,0.443473,-0.045953,1.227495,1.160716,1.049387,2.236817,-1.651250,3.432539,6.153208,-15.181289,-4.688914,0.130466,-0.139209,0.000000,-0.138462,-0.301667,-0.000000
1.530000,-2.124146,0.788475,-1.539303,1.302712,0.454995,-0.035288,1.250093,1.143316,1.083454,2.274173,-1.843622,3.378439,1.275975,-23.358445,-6.139730,0.128972,-0.142284,0.000000,-0.161951,-0.307136,0.000000
1.540000,-2.111056,0.793081,-1.539601,1.315327,0.466332,-0.024286,1.272893,1.123710,1.116916,2.289230,-2.070751,3.312788,3.078310,-19.687470,-6.838364,0.127210,-0.145393,0.000000,-0.189701,-0.309916,-0.000000
1.550000,-2.097839,0.797801,-1.539788,1.328171,0.477463,-0.012952,1.295968,1.102078,1.149690,2.324380,-2.257270,3.240278,2.616451,-19.966300,-7.821479,0.125197,-0.148542,0.000000,-0.213283,-0.314796,-0.000000
1.560000,-2.084492,0.802630,-1.539859,1.341247,0.488368,-0.001294,1.319406,1.078573,1.181678,2.364586,-2.441797,3.155453,2.573398,-19.707475,-8.845723,0.122944,-0.151740,0.000000,-0.237030,-0.319999,0.000000
1.570000,-2.071013,0.807567,-1.539813,1.354560,0.499027,0.010679,1.343027,1.053026,1.212789,2.349643,-2.676740,3.066079,-2.790327,-24.568360,-9.322899,0.120431,-0.154964,0.000000,-0.266627,-0.318851,-0.000000
1.580000,-2.057400,0.812610,-1.539645,1.368107,0.509420,0.022958,1.366527,1.025176,1.242951,2.366968,-2.876219,2.962834,6.343352,-15.229691,-11.336955,0.117626,-0.158177,0.000000,-0.292676,-0.320995,-0.000000
1.590000,-2.043650,0.817755,-1.539353,1.381892,0.519526,0.035534,1.390509,0.995656,1.271996,2.420500,-3.035678,2.845212,1.567359,-19.374302,-11.893928,0.114594,-0.161444,0.000000,-0.314571,-0.326884,-0.000000
1.600000,-2.029762,0.822999,-1.538933,1.395918,0.529327,0.048394,1.414715,0.964265,1.299843,2.422051,-3.240314,2.722444,1.529197,-18.823870,-12.954122,0.111312,-0.164732,0.000000,-0.341686,-0.326670,-0.000000
1.610000,-2.015731,0.828340,-1.538384,1.410187,0.538805,0.061526,1.438994,0.930956,1.326398,2.432989,-3.419743,2.586485,1.238307,-18.245284,-14.020198,0.107771,-0.168021,0.000000,-0.366190,-0.327126,-0.000000
1.620000,-2.001557,0.833774,-1.537702,1.424698,0.547940,0.074917,1.463412,0.895793,1.351555,2.452120,-3.616000,2.444052,2.020032,-19.837900,-14.676118,0.103979,-0.171316,0.000000,-0.392772,-0.328233,0.000000
1.630000,-1.987236,0.839298,-1.536885,1.439455,0.556714,0.088553,1.488000,0.858713,1.375233,2.461467,-3.791995,2.288566,-0.171821,-15.316683,-16.425861,0.099924,-0.174616,0.000000,-0.417162,-0.327793,0.000000
1.640000,-1.972767,0.844907,-1.535930,1.454458,0.565109,0.102417,1.512601,0.820037,1.397281,2.460032,-3.945625,2.119842,0.451055,-16.572323,-17.103414,0.095645,-0.177899,0.000000,-0.439033,-0.325653,-0.000000
1.650000,-1.958146,0.850598,-1.534836,1.469707,0.573109,0.116493,1.537234,0.779733,1.417613,2.465554,-4.113390,1.944749,0.080670,-15.809493,-18.123791,0.091136,-0.181162,0.000000,-0.462518,-0.323965,-0.000000
1.660000,-1.943372,0.856368,-1.533599,1.485203,0.580698,0.130763,1.561834,0.737748,1.436138,2.452452,-4.284317,1.758684,-0.522016,-15.419431,-19.105490,0.086392,-0.184394,0.000000,-0.486303,-0.319682,-0.000000
1.670000,-1.928442,0.862211,-1.532220,1.500944,0.587859,0.145209,1.586440,0.694300,1.452753,2.475124,-4.394522,1.562543,2.934804,-9.480236,-20.097951,0.081439,-0.187596,0.000000,-0.502957,-0.319060,0.000000
1.680000,-1.913352,0.868124,-1.530695,1.516932,0.594581,0.159811,1.611217,0.649739,1.467359,2.466620,-4.533943,1.357249,-4.703814,-18.487358,-20.954411,0.076320,-0.190781,0.000000,-0.522765,-0.314405,-0.000000
1.690000,-1.898102,0.874101,-1.529023,1.533167,0.600848,0.174549,1.635641,0.603489,1.479868,2.423875,-4.706189,1.143175,-1.707233,-13.062815,-21.873872,0.070970,-0.193886,0.000000,-0.546131,-0.305350,0.000000
1.700000,-1.882688,0.880139,-1.527203,1.549645,0.606646,0.189401,1.659843,0.555862,1.490192,2.414318,-4.819593,0.920080,-2.335051,-12.491543,-22.717798,0.065427,-0.196919,0.000000,-0.562361,-0.299657,-0.000000
1.710000,-1.867108,0.886232,-1.525235,1.566364,0.611961,0.204345,1.684053,0.506972,1.498248,2.432473,-4.959409,0.689964,-1.947878,-12.051972,-23.496255,0.059709,-0.199905,0.000000,-0.581352,-0.296740,0.000000
1.720000,-1.851360,0.892377,-1.523116,1.583325,0.616781,0.219358,1.707862,0.456967,1.503950,2.302496,-5.029004,0.448474,-16.373965,-5.158667,-24.598936,0.053837,-0.202790,0.000000,-0.591494,-0.276214,-0.000000
1.730000,-1.835441,0.898566,-1.520847,1.600517,0.621098,0.234416,1.730471,0.406257,1.507203,2.266065,-5.131670,0.202240,9.317561,-15.458613,-24.632604,0.047864,-0.205479,0.000000,-0.605168,-0.266126,-0.000000
1.740000,-1.819349,0.904797,-1.518428,1.617936,0.624902,0.249494,1.753589,0.354186,1.507983,2.333247,-5.270847,-0.047919,-3.649231,-9.014744,-25.585569,0.041717,-0.208165,0.000000,-0.622699,-0.267642,-0.000000
1.750000,-1.803082,0.911063,-1.515858,1.635588,0.628179,0.264567,1.776528,0.301133,1.506209,2.258529,-5.339803,-0.307603,-3.588799,-8.076586,-26.145801,0.035447,-0.210765,0.000000,-0.631262,-0.252346,-0.000000
1.760000,-1.786637,0.917359,-1.513137,1.653464,0.630923,0.279610,1.798395,0.247849,1.501826,2.098669,-5.300562,-0.569717,-6.571825,-4.500400,-26.616717,0.029148,-0.213172,0.000000,-0.626453,-0.227021,0.000000
1.770000,-1.770012,0.923679,-1.510266,1.671554,0.633133,0.294595,1.820174,0.193581,1.494772,2.327636,-5.617564,-0.842943,31.173468,-39.045478,-27.677474,0.022738,-0.215498,0.000000,-0.663136,-0.245886,0.000000
1.780000,-1.753205,0.930019,-1.507245,1.689875,0.634784,0.309496,1.843860,0.136543,1.484970,2.277304,-5.664726,-1.115904,-41.899884,30.234242,-26.892684,0.016012,-0.217965,0.000000,-0.667145,-0.232428,-0.000000
1.790000,-1.736213,0.936373,-1.504076,1.708420,0.635872,0.324285,1.864524,0.081435,1.472461,1.918356,-5.414406,-1.387445,-8.487998,-0.215036,-27.747063,0.009532,-0.220010,0.000000,-0.635667,-0.183678,-0.000000
1.800000,-1.719036,0.942735,-1.500760,1.727162,0.636414,0.338936,1.883824,0.026788,1.457186,1.926423,-5.499346,-1.667702,-11.184668,3.166419,-27.949625,0.003129,-0.221820,0.000000,-0.642994,-0.176618,0.000000
1.810000,-1.701670,0.949100,-1.497298,1.746095,0.636406,0.353420,1.902831,-0.028514,1.439121,1.882564,-5.572270,-1.945385,-10.819142,2.787482,-28.049820,-0.003322,-0.223517,0.000000,-0.648211,-0.163611,-0.000000
1.820000,-1.684113,0.955461,-1.493692,1.765214,0.635846,0.367709,1.920413,-0.083001,1.418238,1.588816,-5.255039,-2.232829,-35.002635,40.657743,-28.966443,-0.009641,-0.224971,0.000000,-0.607543,-0.122043,-0.000000
1.830000,-1.666365,0.961815,-1.489944,1.784493,0.634757,0.381775,1.935233,-0.134566,1.394486,1.453940,-5.179012,-2.514807,8.480135,-26.110124,-27.403187,-0.015582,-0.226030,0.000000,-0.594603,-0.098812,0.000000
1.840000,-1.648423,0.968155,-1.486057,1.803920,0.633148,0.395590,1.950193,-0.187642,1.367968,1.498854,-5.373973,-2.789978,-12.449577,7.244996,-28.084479,-0.021653,-0.227027,0.000000,-0.612314,-0.096051,-0.000000
1.850000,-1.630286,0.974476,-1.482034,1.823494,0.631006,0.409125,1.964225,-0.240483,1.338654,1.316421,-5.205799,-3.072315,-11.020921,6.274098,-27.908301,-0.027647,-0.227841,0.000000,-0.587724,-0.067642,0.000000
1.860000,-1.611953,0.980773,-1.477876,1.843203,0.628341,0.422353,1.977847,-0.292571,1.306501,1.438092,-5.221262,-3.358924,-5.607521,4.904967,-27.863080,-0.033499,-0.228529,0.000000,-0.583586,-0.073237,0.000000
1.870000,-1.593421,0.987041,-1.473588,1.863046,0.625157,0.435246,1.989839,-0.343794,1.271603,0.827531,-4.976366,-3.615177,-76.718020,30.222346,-24.867491,-0.039194,-0.228959,0.000000,-0.550178,0.001662,-0.000000
1.880000,-1.574691,0.993275,-1.469172,1.882979,0.621473,0.447777,1.996431,-0.392787,1.234134,0.738811,-4.907510,-3.887351,60.193955,-16.863782,-29.600147,-0.044579,-0.228723,0.000000,-0.536247,0.018360,-0.000000
1.890000,-1.555762,0.999469,-1.464633,1.902991,0.617297,0.459919,2.006848,-0.442701,1.193787,1.225826,-5.032726,-4.176689,-3.010376,5.847991,-26.745210,-0.049999,-0.228835,0.000000,-0.542932,-0.027819,0.000000
1.900000,-1.536631,1.005619,-1.459975,1.923117,0.612621,0.471644,2.017932,-0.492366,1.150731,1.018094,-4.908414,-4.434737,1.401864,5.124563,-26.350349,-0.055320,-0.228951,0.000000,-0.522108,0.001680,-0.000000
1.910000,-1.517299,1.011720,-1.455202,1.943343,0.607455,0.482925,2.026557,-0.540143,1.105153,0.661713,-4.616074,-4.677614,-4.895985,10.402795,-25.405347,-0.060361,-0.228734,0.000000,-0.482892,0.046476,0.000000
1.920000,-1.497764,1.017766,-1.450318,1.963650,0.601819,0.493738,2.036462,-0.588000,1.056952,1.542729,-5.094928,-4.971935,115.133380,-64.412024,-30.341369,-0.065336,-0.228591,0.000000,-0.526875,-0.041742,0.000000
1.930000,-1.478025,1.023754,-1.445329,1.984102,0.595679,0.504054,2.054111,-0.639913,1.005894,1.579599,-5.027671,-5.219014,-109.891341,79.192050,-18.963414,-0.070665,-0.229213,0.000000,-0.510961,-0.038890,-0.000000
1.940000,-1.458081,1.029678,-1.440239,2.004703,0.589042,0.513849,2.064400,-0.686205,0.952771,0.676357,-4.354822,-5.413691,-4.298843,13.261328,-23.091170,-0.075309,-0.228987,0.000000,-0.431364,0.062514,0.000000
1.950000,-1.437931,1.035534,-1.435054,2.025385,0.581961,0.523102,2.072649,-0.730154,0.897414,0.928268,-4.404966,-5.654012,-11.628143,18.674248,-21.840625,-0.079626,-0.228492,0.000000,-0.428808,0.041020,0.000000
1.960000,-1.417573,1.041316,-1.429779,2.046157,0.574441,0.531790,2.081603,-0.773765,0.839790,0.866127,-4.328639,-5.869215,-13.320935,18.750762,-20.778659,-0.083830,-0.228021,0.000000,-0.413193,0.052270,-0.000000
1.970000,-1.397008,1.047021,-1.424420,2.067012,0.566493,0.539891,2.088898,-0.814924,0.780099,0.546990,-3.826561,-6.065652,-38.308669,60.078268,-18.899945,-0.087700,-0.227332,0.000000,-0.352903,0.089654,-0.000000
1.980000,-1.376233,1.052645,-1.418983,2.087924,0.558160,0.547386,2.093060,-0.851308,0.718496,0.356193,-3.580310,-6.255448,0.577555,-11.549899,-19.065769,-0.090999,-0.226279,0.000000,-0.320692,0.112757,0.000000
1.990000,-1.355249,1.058183,-1.413474,2.108872,0.549466,0.554255,2.096612,-0.887663,0.655009,0.313541,-3.622750,-6.438794,-21.327126,24.760095,-17.196068,-0.094233,-0.225131,0.000000,-0.319014,0.119965,-0.000000
2.000000,-1.334055,1.063633,-1.407900,2.129850,0.540414,0.560480,2.098332,-0.922069,0.589792,0.035333,-3.270780,-6.602704,-21.995284,23.905665,-15.983267,-0.097205,-0.223768,0.000000,-0.276792,0.150590,0.000000
2.010000,-1.312652,1.068990,-1.402267,2.150834,0.531033,0.566045,2.098568,-0.953907,0.522936,0.039006,-3.105728,-6.767900,-18.428171,22.656589,-14.956410,-0.099854,-0.222234,0.000000,-0.254085,0.151916,-0.000000
2.020000,-1.291039,1.074252,-1.396581,2.171813,0.521344,0.570934,2.095887,-0.983125,0.454639,-0.711252,-2.693341,-6.882479,-91.563267,46.597894,-9.989557,-0.102188,-0.220392,0.000000,-0.208565,0.228133,0.000000
2.030000,-1.269216,1.079416,-1.390850,2.192726,0.511384,0.575134,2.086339,-1.008439,0.385227,-0.951367,-2.451283,-7.010319,44.828232,1.377656,-15.638056,-0.104092,-0.217854,0.000000,-0.180125,0.251823,-0.000000
2.040000,-1.247185,1.084479,-1.385081,2.213550,0.501177,0.578633,2.079069,-1.032888,0.314364,-0.623466,-2.399325,-7.154006,-19.620690,22.316788,-11.041157,-0.105861,-0.215549,0.000000,-0.169976,0.218833,-0.000000
2.050000,-1.224945,1.089439,-1.379280,2.234303,0.490733,0.581418,2.070814,-1.055429,0.242347,-1.000767,-2.118172,-7.248477,-15.589520,20.638188,-9.894524,-0.107401,-0.213151,0.000000,-0.139068,0.255077,-0.000000
2.060000,-1.202499,1.094293,-1.373455,2.254956,0.480078,0.583477,2.059273,-1.075213,0.169447,-1.327522,-1.829178,-7.327696,-17.791299,21.550564,-8.320603,-0.108640,-0.210443,0.000000,-0.108049,0.285276,-0.000000
2.070000,-1.179847,1.099040,-1.367613,2.275484,0.469235,0.584804,2.046788,-1.093250,0.095653,-1.062747,-1.830732,-7.436663,39.679745,-6.707016,-11.161919,-0.109680,-0.207660,0.000000,-0.104848,0.257632,-0.000000
2.080000,-1.156990,1.103677,-1.361761,2.295901,0.458212,0.585387,2.036495,-1.111092,0.020874,-1.186164,-1.645149,-7.502431,-65.353081,44.298852,-1.916725,-0.110669,-0.205111,0.000000,-0.084544,0.267325,0.000000
2.090000,-1.133929,1.108204,-1.355908,2.316196,0.447027,0.585220,2.021378,-1.125339,-0.054223,-1.742110,-1.251268,-7.521615,-14.507995,19.179259,-4.247117,-0.111299,-0.202122,0.000000,-0.045792,0.317473,0.000000
2.100000,-1.110666,1.112617,-1.350060,2.336322,0.435712,0.584301,2.004051,-1.137299,-0.129688,-1.742626,-1.131758,-7.567591,-16.840350,19.964002,-2.626569,-0.111696,-0.198954,0.000000,-0.032952,0.314010,0.000000
2.110000,-1.087203,1.116917,-1.344224,2.356273,0.424286,0.582625,1.985954,-1.147714,-0.205496,-1.872194,-0.954378,-7.592305,-16.360423,19.299772,-1.275670,-0.111936,-0.195749,0.000000,-0.015300,0.322454,0.000000
2.120000,-1.063541,1.121103,-1.338410,2.376036,0.412765,0.580191,1.966031,-1.156101,-0.281404,-2.136810,-0.711035,-7.583555,-29.481458,25.671883,2.011972,-0.111978,-0.192412,0.000000,0.007688,0.342894,0.000000
2.130000,-1.039683,1.125173,-1.332623,2.395585,0.401172,0.576998,1.943565,-1.162132,-0.357170,-2.313140,-0.518555,-7.573356,-5.556975,12.697464,-0.006743,-0.111801,-0.188882,0.000000,0.025551,0.354635,-0.000000
2.140000,-1.015630,1.129126,-1.326872,2.414904,0.389527,0.573048,1.920153,-1.166690,-0.432880,-2.390955,-0.382750,-7.563296,-17.142626,18.173218,3.036204,-0.111488,-0.185311,0.000000,0.037923,0.356993,0.000000
2.150000,-0.991386,1.132963,-1.321165,2.433983,0.377844,0.568341,1.895199,-1.169522,-0.508312,-2.595213,-0.186909,-7.521377,-16.582457,17.274481,4.325399,-0.111021,-0.181649,0.000000,0.055126,0.370528,0.000000
2.160000,-0.966952,1.136683,-1.315508,2.452802,0.366142,0.562883,1.868427,-1.170550,-0.583291,-2.758824,-0.020239,-7.472392,-16.415425,16.499784,5.635503,-0.110398,-0.177872,0.000000,0.069309,0.380009,0.000000
2.170000,-0.942331,1.140286,-1.309909,2.471346,0.354439,0.556677,1.840006,-1.169917,-0.657703,-2.926011,0.147032,-7.407212,-16.745571,16.507598,7.232390,-0.109635,-0.174002,0.000000,0.083139,0.389455,0.000000
2.180000,-0.917526,1.143772,-1.304377,2.489597,0.342750,0.549731,1.809926,-1.167658,-0.731401,-3.087938,0.300549,-7.331274,-15.627227,14.172886,7.944814,-0.108741,-0.170039,0.000000,0.095381,0.398172,0.000000
2.190000,-0.892540,1.147141,-1.298917,2.507539,0.331090,0.542052,1.778269,-1.163959,-0.804295,-3.243977,0.439148,-7.245123,-15.851279,13.979292,9.444473,-0.107734,-0.165994,0.000000,0.105986,0.406145,0.000000
2.200000,-0.867376,1.150394,-1.293538,2.525157,0.319475,0.533648,1.745034,-1.158873,-0.876250,-3.402558,0.576217,-7.143900,-15.587173,12.986440,10.629364,-0.106622,-0.161868,0.000000,0.116157,0.414101,-0.000000
2.210000,-0.842038,1.153531,-1.288247,2.542435,0.307917,0.524531,1.710227,-1.152503,-0.947144,-3.558504,0.695322,-7.033187,-15.347042,11.860063,11.759062,-0.105417,-0.157666,0.000000,0.124489,0.421679,-0.000000
2.220000,-0.816528,1.156552,-1.283050,2.559356,0.296429,0.514709,1.673892,-1.144921,-1.016856,-3.707115,0.822785,-6.906529,-14.615831,12.624140,13.321088,-0.104129,-0.153391,0.000000,0.133352,0.428395,0.000000
2.230000,-0.790852,1.159459,-1.277955,2.575908,0.285023,0.504198,1.636082,-1.136134,-1.085250,-3.855879,0.926654,-6.772039,-15.141185,8.113645,13.562498,-0.102758,-0.149051,0.000000,0.139943,0.435071,0.000000
2.240000,-0.765012,1.162253,-1.272968,2.592073,0.273709,0.493009,1.596772,-1.126480,-1.152275,-4.004933,1.005247,-6.630469,-14.419762,8.613118,14.991490,-0.101338,-0.144643,0.000000,0.144180,0.441741,0.000000
2.250000,-0.739012,1.164934,-1.268097,2.607838,0.262496,0.481157,1.556014,-1.115989,-1.217807,-4.146301,1.090272,-6.474445,-14.096107,7.381226,15.959134,-0.099872,-0.140174,0.000000,0.148871,0.447627,0.000000
2.260000,-0.712856,1.167503,-1.263347,2.623189,0.251392,0.468658,1.513859,-1.104714,-1.281745,-4.283750,1.163440,-6.311703,-13.702288,6.309709,16.867050,-0.098365,-0.135647,0.000000,0.152466,0.453192,0.000000
2.270000,-0.686549,1.169962,-1.258726,2.638111,0.240404,0.455528,1.470327,-1.092833,-1.343989,-4.423154,1.207792,-6.134628,-13.872820,3.474242,18.264180,-0.096833,-0.131065,0.000000,0.153428,0.458883,-0.000000
2.280000,-0.660095,1.172312,-1.254239,2.652591,0.229536,0.441784,1.425424,-1.080552,-1.404422,-4.554796,1.252114,-5.952372,-12.443540,5.419226,18.171070,-0.095295,-0.126428,0.000000,0.154422,0.463976,-0.000000
2.290000,-0.633499,1.174553,-1.249892,2.666615,0.218794,0.427446,1.379261,-1.067779,-1.463024,-4.678094,1.297704,-5.765756,-12.519124,2.777146,19.424222,-0.093743,-0.121745,0.000000,0.155564,0.468450,0.000000
2.300000,-0.606765,1.176688,-1.245692,2.680172,0.208182,0.412530,1.331853,-1.054707,-1.519690,-4.802541,1.315513,-5.566401,-12.063458,1.705975,20.161110,-0.092194,-0.117017,0.000000,0.154260,0.473063,0.000000
2.310000,-0.579897,1.178717,-1.241643,2.693248,0.197701,0.397059,1.283228,-1.041489,-1.574338,-4.921749,1.325928,-5.362101,-11.631537,0.565328,20.855416,-0.090660,-0.112245,0.000000,0.152384,0.477359,-0.000000
2.320000,-0.552901,1.180643,-1.237752,2.705832,0.187352,0.381051,1.233444,-1.028211,-1.626896,-5.033808,1.328578,-5.147927,-10.918971,-0.213628,21.814094,-0.089148,-0.107433,0.000000,0.149875,0.481145,-0.000000
2.330000,-0.525782,1.182465,-1.234024,2.717913,0.177136,0.364528,1.182561,-1.014964,-1.677283,-5.143044,1.317919,-4.929283,-10.931157,-1.920533,21.903074,-0.087666,-0.102584,0.000000,0.146306,0.484863,0.000000
2.340000,-0.498545,1.184186,-1.230463,2.729480,0.167052,0.347512,1.130592,-1.001898,-1.725470,-5.249565,1.293896,-4.706787,-10.230218,-2.697634,22.749860,-0.086225,-0.097698,0.000000,0.141689,0.488539,0.000000
2.350000,-0.471194,1.185806,-1.227075,2.740522,0.157098,0.330026,1.077596,-0.989107,-1.771387,-5.348829,1.262505,-4.475772,-9.762385,-3.757914,23.287417,-0.084833,-0.092778,0.000000,0.136514,0.491758,0.000000
2.360000,-0.443736,1.187328,-1.223864,2.751029,0.147269,0.312092,1.023624,-0.976697,-1.814972,-5.444978,1.217451,-4.240465,-9.297730,-4.822875,23.795650,-0.083499,-0.087827,0.000000,0.130280,0.494925,-0.000000
2.370000,-0.416176,1.188752,-1.220835,2.760991,0.137562,0.293735,0.968726,-0.964758,-1.856178,-5.533211,1.170075,-3.999721,-8.511660,-5.057458,24.320587,-0.082228,-0.082847,0.000000,0.123949,0.497634,-0.000000
2.380000,-0.388518,1.190080,-1.217991,2.770400,0.127972,0.274977,0.912968,-0.953348,-1.894953,-5.618627,1.107796,-3.754731,-8.575747,-7.403694,24.671040,-0.081024,-0.077841,0.000000,0.116457,0.500341,-0.000000
2.390000,-0.360770,1.191312,-1.215337,2.779248,0.118493,0.255844,0.856361,-0.942656,-1.931260,-5.701397,1.030499,-3.505864,-7.811902,-7.631089,25.124113,-0.079903,-0.072807,0.000000,0.107805,0.503070,0.000000
2.400000,-0.332935,1.192450,-1.212875,2.787525,0.109116,0.236360,0.798969,-0.932736,-1.965055,-5.776250,0.951829,-3.252583,-7.322504,-8.507555,25.499944,-0.078867,-0.067749,0.000000,0.099142,0.505383,0.000000
2.410000,-0.305021,1.193495,-1.210610,2.795225,0.099835,0.216551,0.740851,-0.923636,-1.996299,-5.846339,0.867388,-2.995512,-6.804967,-9.203406,25.853809,-0.077921,-0.062668,0.000000,0.090091,0.507560,0.000000
2.420000,-0.277033,1.194447,-1.208545,2.802340,0.090641,0.196443,0.682050,-0.915478,-2.024958,-5.913354,0.760312,-2.736116,-6.489660,-11.392101,26.074873,-0.077073,-0.057566,0.000000,0.079242,0.509759,-0.000000
2.430000,-0.248976,1.195308,-1.206683,2.808863,0.081522,0.176061,0.622607,-0.908412,-2.051008,-5.973858,0.656753,-2.472973,-5.607042,-9.282845,26.550704,-0.076334,-0.052444,0.000000,0.068778,0.511691,0.000000
2.440000,-0.220857,1.196078,-1.205025,2.814790,0.072469,0.155431,0.562596,-0.902319,-2.074406,-6.027660,0.558529,-2.206283,-5.261452,-11.166404,26.728573,-0.075695,-0.047304,0.000000,0.058837,0.513351,-0.000000
2.450000,-0.192682,1.196757,-1.203575,2.820114,0.063472,0.134582,0.502063,-0.897322,-2.095129,-6.078155,0.440596,-1.938026,-4.728721,-11.593966,26.973140,-0.075164,-0.042147,0.000000,0.047326,0.515037,0.000000
2.460000,-0.164457,1.197347,-1.202334,2.824830,0.054519,0.113538,0.441051,-0.893497,-2.113154,-6.123271,0.323864,-1.666393,-4.209968,-11.974268,27.205426,-0.074747,-0.036974,0.000000,0.035974,0.516576,-0.000000
2.470000,-0.136188,1.197848,-1.201304,2.828933,0.045598,0.092327,0.379621,-0.890875,-2.128462,-6.161574,0.199205,-1.395323,-3.532017,-12.718031,27.144182,-0.074447,-0.031787,0.000000,0.024029,0.517864,-0.000000
2.480000,-0.107881,1.198259,-1.200488,2.832421,0.036697,0.070978,0.317834,-0.889511,-2.141047,-6.195621,0.074523,-1.120655,-3.279810,-12.198731,27.789787,-0.074266,-0.026588,0.000000,0.012113,0.519107,0.000000
2.490000,-0.079541,1.198582,-1.199885,2.835289,0.027804,0.049516,0.255722,-0.889379,-2.150862,-6.225514,-0.049111,-0.842432,-2.616018,-12.744490,27.709889,-0.074204,-0.021377,0.000000,0.000300,0.520322,0.000000
2.500000,-0.051177,1.198815,-1.199498,2.837534,0.018905,0.027970,0.193347,-0.890515,-2.157902,-6.248639,-0.178164,-0.565344,-2.091076,-12.824804,27.845179,-0.074262,-0.016154,0.000000,-0.011933,0.521302,0.000000
2.510000,-0.022793,1.198960,-1.199326,2.839155,0.009989,0.006367,0.130765,-0.892934,-2.162158,-6.266895,-0.305464,-0.285596,-1.560089,-12.820543,27.963487,-0.074442,-0.010922,0.000000,-0.024027,0.522204,0.000000
2.520000,0.005604,1.199015,-1.199370,2.840149,0.001042,-0.015264,0.068027,-0.896639,-2.163622,-6.279840,-0.436141,-0.007414,-1.028635,-13.109622,27.801904,-0.074744,-0.005681,0.000000,-0.036397,0.522995,-0.000000
2.530000,0.034008,1.198980,-1.199631,2.840515,-0.007948,-0.036896,0.005186,-0.901644,-2.162298,-6.287466,-0.563362,0.273153,-0.496729,-12.315652,28.311547,-0.075169,-0.000433,0.000000,-0.048516,0.523675,0.000000
2.540000,0.062412,1.198856,-1.200108,2.840253,-0.016995,-0.058501,-0.057705,-0.907890,-2.158150,-6.289775,-0.686088,0.556046,0.034998,-12.411025,28.128714,-0.075713,0.004821,0.000000,-0.060311,0.524248,-0.000000
2.550000,0.090811,1.198640,-1.200801,2.839361,-0.026110,-0.080050,-0.120592,-0.915372,-2.151186,-6.286768,-0.809677,0.836784,0.566493,-12.100494,28.148388,-0.076376,0.010082,0.000000,-0.072213,0.524715,-0.000000
2.560000,0.119198,1.198333,-1.201709,2.837841,-0.035306,-0.101515,-0.183423,-0.924060,-2.141408,-6.278528,-0.927143,1.119003,1.095894,-11.691859,28.149419,-0.077156,0.015346,0.000000,-0.083680,0.525084,-0.000000
2.570000,0.147566,1.197934,-1.202831,2.835693,-0.044595,-0.122869,-0.246143,-0.933925,-2.128818,-6.264719,-1.046135,1.398381,1.651668,-11.791675,27.859030,-0.078050,0.020614,0.000000,-0.095334,0.525322,-0.000000
2.580000,0.175909,1.197441,-1.204166,2.832919,-0.053989,-0.144082,-0.308700,-0.944951,-2.113435,-6.245793,-1.156381,1.678974,2.132970,-10.236092,28.259064,-0.079060,0.025884,0.000000,-0.106359,0.525471,0.000000
2.590000,0.204222,1.196854,-1.205712,2.829520,-0.063498,-0.165128,-0.371042,-0.957017,-2.095234,-6.221779,-1.256740,1.960687,2.683800,-10.129598,27.939953,-0.080175,0.031156,0.000000,-0.116670,0.525536,0.000000
2.600000,0.232498,1.196171,-1.207468,2.825499,-0.073132,-0.185977,-0.433117,-0.970088,-2.074235,-6.192242,-1.356148,2.238851,3.209240,-9.436174,27.825677,-0.081394,0.036429,0.000000,-0.126993,0.525467,-0.000000
2.610000,0.260730,1.195391,-1.209431,2.820859,-0.082902,-0.206603,-0.494870,-0.984104,-2.050455,-6.157542,-1.445584,2.517053,3.733774,-8.670015,27.684537,-0.082712,0.041700,0.000000,-0.136608,0.525301,-0.000000
2.620000,0.288913,1.194512,-1.211599,2.815603,-0.092817,-0.226977,-0.556250,-0.998992,-2.023910,-6.117542,-1.531450,2.791281,4.262788,-8.269730,27.276419,-0.084126,0.046970,0.000000,-0.146032,0.525010,0.000000
2.630000,0.317040,1.193534,-1.213970,2.809735,-0.102885,-0.247072,-0.617204,-1.014694,-1.994630,-6.072359,-1.606093,3.065008,4.773369,-6.641844,27.466708,-0.085630,0.052237,0.000000,-0.154656,0.524612,0.000000
2.640000,0.345105,1.192454,-1.216540,2.803260,-0.113113,-0.266861,-0.677680,-1.031072,-1.962611,-6.022017,-1.668606,3.338040,5.297904,-6.076682,27.011067,-0.087216,0.057501,0.000000,-0.162405,0.524107,0.000000
2.650000,0.373103,1.191271,-1.219306,2.796183,-0.123508,-0.286316,-0.737627,-1.048051,-1.927888,-5.966436,-1.725532,3.606137,5.814808,-5.075045,26.723669,-0.088877,0.062759,0.000000,-0.169802,0.523462,-0.000000
2.660000,0.401027,1.189983,-1.222265,2.788510,-0.134076,-0.305410,-0.796990,-1.065537,-1.890496,-5.905378,-1.769764,3.871736,6.336260,-4.009175,26.387889,-0.090608,0.068011,0.000000,-0.176268,0.522664,-0.000000
2.670000,0.428871,1.188589,-1.225413,2.780245,-0.144821,-0.324117,-0.855722,-1.083430,-1.850465,-5.840272,-1.807818,4.133751,6.742756,-3.355640,26.008126,-0.092402,0.073255,0.000000,-0.182344,0.521819,0.000000
2.680000,0.456630,1.187086,-1.228746,2.771397,-0.155746,-0.342410,-0.913776,-1.101645,-1.807834,-5.769312,-1.831727,4.391758,7.450421,-1.412052,25.585749,-0.094252,0.078491,0.000000,-0.187351,0.520766,0.000000
2.690000,0.484297,1.185473,-1.232259,2.761972,-0.166854,-0.360265,-0.971088,-1.120013,-1.762645,-5.692453,-1.840753,4.645302,7.861951,-0.627827,25.114682,-0.096145,0.083716,0.000000,-0.191214,0.519486,0.000000
2.700000,0.511868,1.183748,-1.235949,2.751978,-0.178146,-0.377655,-1.027612,-1.138439,-1.714945,-5.611588,-1.842126,4.893890,8.368916,0.598611,24.595440,-0.098074,0.088929,0.000000,-0.194536,0.518129,-0.000000
2.710000,0.539335,1.181910,-1.239811,2.741423,-0.189623,-0.394556,-1.083300,-1.156802,-1.664789,-5.524943,-1.828187,5.136246,8.876465,1.874291,24.010232,-0.100031,0.094128,0.000000,-0.196642,0.516521,0.000000
2.720000,0.566694,1.179955,-1.243839,2.730315,-0.201282,-0.410943,-1.138101,-1.174985,-1.612228,-5.434840,-1.807499,5.375237,9.223519,2.576507,23.640679,-0.102006,0.099311,0.000000,-0.198279,0.514873,-0.000000
2.730000,0.593940,1.177884,-1.248028,2.718664,-0.213121,-0.426792,-1.191976,-1.192894,-1.557312,-5.338807,-1.770092,5.605970,9.984410,4.917018,22.492672,-0.103992,0.104478,0.000000,-0.198533,0.512920,0.000000
2.740000,0.621066,1.175692,-1.252373,2.706479,-0.225138,-0.442081,-1.244857,-1.210327,-1.500140,-5.236802,-1.715388,5.827717,10.334101,5.712459,21.987593,-0.105972,0.109624,0.000000,-0.197322,0.510630,-0.000000
2.750000,0.648067,1.173380,-1.256868,2.693770,-0.237326,-0.456788,-1.296702,-1.227182,-1.440773,-5.131465,-1.653167,6.044351,10.812872,7.043772,21.190191,-0.107937,0.114748,0.000000,-0.195506,0.508252,0.000000
2.760000,0.674939,1.170945,-1.261506,2.680549,-0.249679,-0.470890,-1.347468,-1.243339,-1.379290,-5.020859,-1.576008,6.250583,11.280070,8.357532,20.315992,-0.109877,0.119848,0.000000,-0.192369,0.505549,-0.000000
2.770000,0.701677,1.168386,-1.266283,2.666825,-0.262190,-0.484367,-1.397106,-1.258661,-1.315769,-4.906143,-1.486315,6.452962,11.687155,9.608347,19.889361,-0.111781,0.124920,0.000000,-0.188155,0.502671,-0.000000
2.780000,0.728274,1.165701,-1.271192,2.652610,-0.274849,-0.497199,-1.445575,-1.273020,-1.250275,-4.786613,-1.383278,6.642698,12.217521,10.997113,18.040381,-0.113636,0.129963,0.000000,-0.182679,0.499443,-0.000000
2.790000,0.754727,1.162889,-1.276225,2.637917,-0.287647,-0.509366,-1.492823,-1.286282,-1.182963,-4.662356,-1.267023,6.818870,12.605832,12.220813,17.448624,-0.115430,0.134972,0.000000,-0.175906,0.495830,-0.000000
2.800000,0.781031,1.159948,-1.281377,2.622758,-0.300571,-0.520852,-1.538810,-1.298321,-1.113912,-4.534322,-1.138698,6.989248,13.024594,13.468274,16.354648,-0.117150,0.139945,0.000000,-0.167980,0.491985,0.000000
2.810000,0.807181,1.156877,-1.286640,2.607145,-0.313609,-0.531639,-1.583495,-1.309017,-1.043229,-4.402077,-0.998568,7.145335,13.426466,14.668830,15.186385,-0.118785,0.144879,0.000000,-0.158801,0.487738,0.000000
2.820000,0.833173,1.153675,-1.292007,2.591093,-0.326746,-0.541711,-1.626838,-1.318243,-0.971018,-4.265802,-0.844373,7.295859,13.821221,16.050092,14.587230,-0.120322,0.149768,0.000000,-0.148218,0.483193,-0.000000
2.830000,0.859001,1.150342,-1.297472,2.574613,-0.339968,-0.551055,-1.668799,-1.325872,-0.897368,-4.125803,-0.680093,7.430136,14.175623,16.794506,12.249689,-0.121746,0.154611,0.000000,-0.136432,0.478207,0.000000
2.840000,0.884663,1.146876,-1.303026,2.557721,-0.353258,-0.559655,-1.709342,-1.331815,-0.822475,-3.982258,-0.506352,7.547217,14.534780,18.059593,11.484469,-0.123046,0.159402,0.000000,-0.123446,0.472741,0.000000
2.850000,0.910154,1.143276,-1.308662,2.540431,-0.366598,-0.567500,-1.748432,-1.335955,-0.746443,-3.835211,-0.320055,7.656904,14.867144,19.075887,10.120495,-0.124210,0.164137,0.000000,-0.109040,0.466907,0.000000
2.860000,0.935471,1.139543,-1.314373,2.522758,-0.379971,-0.574580,-1.786035,-1.338190,-0.669399,-3.684910,-0.125470,7.749344,15.180901,20.018483,8.696172,-0.125223,0.168811,0.000000,-0.093451,0.460548,0.000000
2.870000,0.960608,1.135677,-1.320151,2.504716,-0.393356,-0.580885,-1.822121,-1.338419,-0.591477,-3.531744,0.081826,7.833780,15.457234,21.247319,7.858982,-0.126074,0.173419,0.000000,-0.076326,0.453809,0.000000
2.880000,0.985564,1.131676,-1.325988,2.486320,-0.406732,-0.586407,-1.856660,-1.336534,-0.512788,-3.375661,0.295416,7.899562,15.755880,21.452958,5.281275,-0.126746,0.177958,0.000000,-0.058091,0.446479,0.000000
2.890000,1.010334,1.127542,-1.331877,2.467588,-0.420079,-0.591139,-1.889625,-1.332494,-0.433553,-3.216876,0.514325,7.945885,15.988545,22.500054,4.306976,-0.127232,0.182419,0.000000,-0.038786,0.438514,0.000000
2.900000,1.034915,1.123275,-1.337808,2.448533,-0.433375,-0.595077,-1.920991,-1.326209,-0.353896,-3.055899,0.743591,7.982812,16.211294,23.156215,2.746105,-0.127517,0.186798,0.000000,-0.018008,0.430095,-0.000000
2.910000,1.059303,1.118875,-1.343775,2.429173,-0.446596,-0.598216,-1.950737,-1.317614,-0.273963,-2.893061,0.976207,8.000937,16.402931,23.702177,1.150961,-0.127589,0.191089,0.000000,0.003733,0.421050,0.000000
2.920000,1.083497,1.114343,-1.349770,2.409524,-0.459719,-0.600556,-1.978842,-1.306640,-0.193908,-2.727452,1.220558,8.008305,16.664296,24.814505,0.052090,-0.127436,0.195286,0.000000,0.027184,0.411395,0.000000
2.930000,1.107493,1.109681,-1.355784,2.389602,-0.472720,-0.602094,-2.005283,-1.293205,-0.113863,-2.560914,1.465088,7.996306,16.637207,24.065789,-2.462250,-0.127043,0.199382,0.000000,0.051385,0.401105,0.000000
2.940000,1.131288,1.104889,-1.361809,2.369424,-0.485575,-0.602834,-2.030058,-1.277345,-0.034050,-2.393791,1.708418,7.964447,16.833111,24.926679,-3.640260,-0.126406,0.203371,0.000000,0.076229,0.390154,-0.000000
2.950000,1.154881,1.099970,-1.367838,2.349006,-0.498259,-0.602777,-2.053152,-1.259002,0.045392,-2.224773,1.960401,7.921190,16.915002,25.112895,-5.280766,-0.125513,0.207246,0.000000,0.102603,0.378540,-0.000000
2.960000,1.178268,1.094925,-1.373862,2.328366,-0.510747,-0.601928,-2.074555,-1.238146,0.124310,-2.055826,2.210615,7.859642,16.960488,25.192864,-6.914833,-0.124353,0.211000,0.000000,0.129599,0.366276,0.000000
2.970000,1.201447,1.089756,-1.379874,2.307521,-0.523013,-0.600293,-2.094260,-1.214766,0.202540,-1.884827,2.466497,7.783961,17.146081,25.696115,-8.329606,-0.122916,0.214625,0.000000,0.157919,0.353198,0.000000
2.980000,1.224417,1.084466,-1.385865,2.286487,-0.535033,-0.597880,-2.112256,-1.188831,0.279931,-1.714858,2.718515,7.690786,16.839949,24.682061,-10.305983,-0.121193,0.218115,0.000000,0.186676,0.339497,-0.000000
2.990000,1.247176,1.079056,-1.391829,2.265281,-0.546782,-0.594698,-2.128563,-1.160415,0.356297,-1.546345,2.965281,7.580128,16.946394,24.927615,-11.710925,-0.119182,0.221463,0.000000,0.215723,0.325178,-0.000000
3.000000,1.269723,1.073531,-1.397757,2.243921,-0.558233,-0.590758,-2.143177,-1.129513,0.431489,-1.376789,3.214402,7.455712,16.870944,24.606699,-13.278624,-0.116875,0.224662,0.000000,0.245777,0.310039,-0.000000
3.010000,1.292054,1.067893,-1.403642,2.222424,-0.569364,-0.586072,-2.156127,-1.096177,0.505356,-1.213959,3.451338,7.315163,16.663202,24.057351,-14.809902,-0.114269,0.227707,0.000000,0.275386,0.294780,-0.000000
3.020000,1.314171,1.062145,-1.409476,2.200804,-0.580149,-0.580655,-2.167385,-1.060401,0.577743,-1.034665,3.707121,7.159780,18.247417,25.827910,-16.275034,-0.111356,0.230587,0.000000,0.307666,0.277042,0.000000
3.030000,1.336070,1.056291,-1.415252,2.179082,-0.590563,-0.574523,-2.176872,-1.022116,0.648502,-0.868906,3.941224,6.989491,14.871443,20.938013,-17.775577,-0.108121,0.233285,0.000000,0.338484,0.259839,-0.000000
3.040000,1.357752,1.050335,-1.420964,2.157272,-0.600584,-0.567691,-2.184821,-0.981668,0.717485,-0.718200,4.150980,6.804737,16.220025,22.266327,-19.151463,-0.104593,0.235817,0.000000,0.367452,0.243352,-0.000000
3.050000,1.379215,1.044281,-1.426604,2.135391,-0.610189,-0.560179,-2.191170,-0.939025,0.784552,-0.552640,4.375512,6.606517,15.940138,21.363213,-20.497919,-0.100763,0.238169,0.000000,0.398569,0.224497,0.000000
3.060000,1.400460,1.038132,-1.432165,2.113454,-0.619357,-0.552007,-2.195863,-0.894198,0.849580,-0.385032,4.588852,6.397245,15.897999,20.546108,-21.739104,-0.096624,0.240326,0.000000,0.429059,0.204626,-0.000000
3.070000,1.421484,1.031895,-1.437642,2.091479,-0.628066,-0.543195,-2.199009,-0.847337,0.912425,-0.250189,4.779324,6.168336,12.700688,18.260132,-23.649963,-0.092189,0.242292,0.000000,0.457750,0.187176,0.000000
3.080000,1.442289,1.025573,-1.443027,2.069478,-0.636298,-0.533766,-2.200792,-0.798609,0.972927,-0.096792,4.969015,5.932486,18.027310,19.688751,-23.496201,-0.087468,0.244076,0.000000,0.486678,0.167094,0.000000
3.090000,1.462874,1.019171,-1.448315,2.047469,-0.644032,-0.523744,-2.200863,-0.747952,1.031059,0.077282,5.158221,5.690940,15.136501,17.410133,-25.185428,-0.082454,0.245636,0.000000,0.515832,0.144131,0.000000
3.100000,1.483238,1.012694,-1.453500,2.025466,-0.651251,-0.513154,-2.199381,-0.695538,1.086682,0.219859,5.323192,5.432304,15.017547,16.301545,-26.144616,-0.077160,0.246979,0.000000,0.542734,0.123558,0.000000
3.110000,1.503383,1.006147,-1.458576,2.003486,-0.657938,-0.502019,-2.196442,-0.641530,1.139689,0.367130,5.475708,5.167892,14.733641,14.990957,-27.015472,-0.071603,0.248110,0.000000,0.568387,0.101838,-0.000000
3.120000,1.523308,0.999537,-1.463539,1.981542,-0.664077,-0.490369,-2.192023,-0.586003,1.189988,0.517205,5.630165,4.889592,14.983451,15.113970,-28.347791,-0.065790,0.249017,0.000000,0.594378,0.078957,-0.000000
3.130000,1.543014,0.992868,-1.468382,1.959650,-0.669653,-0.478229,-2.186123,-0.529010,1.237470,0.660545,5.761492,4.607158,13.669563,11.118099,-28.115641,-0.059725,0.249693,0.000000,0.617759,0.056236,0.000000
3.140000,1.562502,0.986146,-1.473102,1.937824,-0.674653,-0.465629,-2.178840,-0.470862,1.282124,0.796399,5.868064,4.321854,13.790739,10.972047,-29.215651,-0.053445,0.250145,0.000000,0.638213,0.033835,0.000000
3.150000,1.581771,0.979377,-1.477693,1.916078,-0.679066,-0.452596,-2.170185,-0.411637,1.323865,0.933725,5.974125,4.025570,13.373375,9.451579,-29.741469,-0.046960,0.250367,0.000000,0.658418,0.010578,0.000000
3.160000,1.600823,0.972566,-1.482152,1.894425,-0.682883,-0.439161,-2.160231,-0.351471,1.362633,1.055073,6.055774,3.727579,12.731882,7.835834,-30.157689,-0.040288,0.250363,0.000000,0.675531,-0.011305,-0.000000
3.170000,1.619660,0.965721,-1.486475,1.872878,-0.686093,-0.425354,-2.148956,-0.290497,1.398379,1.205174,6.139595,3.419823,15.497550,7.990825,-31.071323,-0.033448,0.250125,0.000000,0.692486,-0.036974,-0.000000
3.180000,1.638281,0.958847,-1.490658,1.851451,-0.688690,-0.411204,-2.136233,-0.228778,1.431035,1.327442,6.195929,3.112903,8.896210,3.244619,-30.287414,-0.026451,0.249634,0.000000,0.705814,-0.059798,-0.000000
3.190000,1.656689,0.951949,-1.494698,1.830156,-0.690667,-0.396743,-2.122523,-0.166683,1.460646,1.419150,6.223349,2.808191,11.245002,3.181564,-30.948307,-0.019346,0.248941,0.000000,0.715227,-0.079327,0.000000
3.200000,1.674885,0.945035,-1.498592,1.809004,-0.692023,-0.382002,-2.107732,-0.104292,1.487171,1.536986,6.251568,2.496881,10.524447,1.524450,-30.989158,-0.012147,0.248032,0.000000,0.724083,-0.102138,-0.000000
3.210000,1.692870,0.938111,-1.502338,1.788005,-0.692753,-0.367010,-2.091817,-0.041696,1.510606,1.645862,6.265954,2.190597,10.046514,0.082615,-30.884073,-0.004872,0.246902,0.000000,0.730638,-0.123912,0.000000
3.220000,1.710646,0.931182,-1.505932,1.767171,-0.692857,-0.351800,-2.074928,0.020876,1.530937,1.726837,6.241577,1.873694,7.316115,-3.718743,-31.867498,0.002446,0.245565,0.000000,0.731919,-0.142883,-0.000000
3.230000,1.728214,0.924256,-1.509373,1.746509,-0.692336,-0.336402,-2.057242,0.083146,1.548117,1.816703,6.217603,1.566435,10.693628,-1.032857,-29.550176,0.009765,0.244041,0.000000,0.732443,-0.162590,0.000000
3.240000,1.745576,0.917338,-1.512659,1.726030,-0.691194,-0.320847,-2.038550,0.145246,1.562309,1.917086,6.196030,1.270575,8.204137,-4.523362,-30.226578,0.017094,0.242310,0.000000,0.732491,-0.183146,-0.000000
3.250000,1.762735,0.910434,-1.515789,1.705741,-0.689433,-0.305166,-2.019010,0.206923,1.573493,1.990802,6.137841,0.967450,7.714531,-5.865440,-29.766772,0.024395,0.240389,0.000000,0.727406,-0.200784,0.000000
3.260000,1.779692,0.903551,-1.518762,1.685652,-0.687058,-0.289387,-1.998725,0.267981,1.581696,2.065192,6.071323,0.674051,7.152141,-7.267720,-29.227461,0.031637,0.238293,0.000000,0.720556,-0.218103,0.000000
3.270000,1.796449,0.896695,-1.521577,1.665769,-0.684076,-0.273542,-1.977725,0.328317,1.586967,2.133743,5.994135,0.380147,6.569620,-8.321587,-29.222490,0.038800,0.236028,0.000000,0.711648,-0.234607,0.000000
3.280000,1.813008,0.889872,-1.524233,1.646100,-0.680494,-0.257658,-1.956068,0.387812,1.589335,2.196827,5.901706,0.096528,6.047914,-10.161052,-27.479459,0.045862,0.233601,0.000000,0.700209,-0.250005,-0.000000
3.290000,1.829372,0.883087,-1.526730,1.626650,-0.676323,-0.241764,-1.933807,0.446300,1.588938,2.254486,5.794306,-0.175643,5.473150,-11.149191,-27.264534,0.052796,0.231026,0.000000,0.686331,-0.264248,0.000000
3.300000,1.845542,0.876347,-1.529068,1.607425,-0.671572,-0.225888,-1.910998,0.503670,1.585823,2.306396,5.677546,-0.445815,4.921161,-12.352894,-26.439494,0.059583,0.228312,0.000000,0.670667,-0.277532,0.000000
3.310000,1.861521,0.869657,-1.531248,1.588432,-0.666253,-0.210056,-1.887697,0.559823,1.580062,2.352793,5.551641,-0.704812,4.371891,-13.418341,-25.551946,0.066204,0.225470,0.000000,0.653357,-0.289619,0.000000
3.320000,1.877311,0.863024,-1.533270,1.569673,-0.660380,-0.194295,-1.863959,0.614619,1.571741,2.393970,5.403868,-0.958526,3.852092,-15.542496,-24.986237,0.072638,0.222510,0.000000,0.632922,-0.300688,-0.000000
3.330000,1.892915,0.856452,-1.535134,1.551154,-0.653966,-0.178630,-1.839836,0.667895,1.560933,2.429595,5.253251,-1.200258,3.273828,-14.551420,-23.346198,0.078861,0.219444,0.000000,0.611729,-0.310519,0.000000
3.340000,1.908335,0.849946,-1.536843,1.532877,-0.647027,-0.163084,-1.815386,0.719684,1.547780,2.459721,5.101277,-1.429262,2.765171,-16.420066,-22.645216,0.084872,0.216284,0.000000,0.590036,-0.319102,-0.000000
3.350000,1.923573,0.843513,-1.538396,1.514847,-0.639578,-0.147682,-1.790659,0.769846,1.532367,2.484821,4.930080,-1.651355,2.243612,-17.220915,-21.570063,0.090651,0.213042,0.000000,0.565766,-0.326645,0.000000
3.360000,1.938633,0.837156,-1.539797,1.497065,-0.631636,-0.132444,-1.765715,0.818290,1.514794,2.502920,4.757876,-1.861418,1.696887,-17.910403,-20.470241,0.096187,0.209729,0.000000,0.541179,-0.332801,0.000000
3.370000,1.953516,0.830882,-1.541046,1.479533,-0.623218,-0.117393,-1.740592,0.864925,1.495174,2.521732,4.565645,-2.060969,1.758075,-19.842822,-19.403928,0.101465,0.206356,0.000000,0.514133,-0.338508,0.000000
3.380000,1.968224,0.824694,-1.542145,1.462254,-0.614344,-0.102547,-1.715312,0.909615,1.473614,2.531629,4.375556,-2.248753,0.214119,-18.142274,-18.148700,0.106471,0.202930,0.000000,0.487287,-0.342648,-0.000000
3.390000,1.982762,0.818596,-1.543098,1.445227,-0.605032,-0.087927,-1.689993,0.952454,1.450239,2.532330,4.189238,-2.424532,0.241671,-19.798394,-17.036934,0.111213,0.199470,0.000000,0.460889,-0.345208,0.000000
3.400000,1.997130,0.812594,-1.543905,1.428454,-0.595301,-0.073548,-1.664657,0.993330,1.425160,2.533872,3.985647,-2.589183,-0.241523,-20.223278,-15.859730,0.115681,0.195983,0.000000,0.432585,-0.347381,-0.000000
3.410000,2.011331,0.806692,-1.544569,1.411934,-0.585172,-0.059429,-1.639322,1.032156,1.398492,2.532880,3.778581,-2.742517,-0.610738,-20.683819,-14.691593,0.119864,0.192478,0.000000,0.404036,-0.348799,-0.000000
3.420000,2.025369,0.800892,-1.545094,1.395667,-0.574665,-0.045583,-1.614065,1.068928,1.370358,2.515680,3.576741,-2.881949,-2.187796,-20.154666,-13.307279,0.123765,0.188966,0.000000,0.376295,-0.347882,-0.000000
3.430000,2.039246,0.795199,-1.545482,1.379652,-0.563800,-0.032026,-1.588990,1.103657,1.340887,2.502589,3.365599,-3.011034,-0.407076,-22.078214,-12.514516,0.127387,0.185466,0.000000,0.347748,-0.347050,-0.000000
3.440000,2.052963,0.789617,-1.545736,1.363887,-0.552599,-0.018770,-1.563991,1.136205,1.310170,2.494700,3.145121,-3.130003,-1.811444,-21.521075,-11.168176,0.130717,0.181967,0.000000,0.318449,-0.346446,0.000000
3.450000,2.066524,0.784149,-1.545859,1.348371,-0.541083,-0.005826,-1.539157,1.166590,1.278334,2.471894,2.931272,-3.235406,-2.104790,-21.722108,-10.028469,0.133761,0.178485,0.000000,0.290252,-0.343758,-0.000000
3.460000,2.079931,0.778797,-1.545853,1.333103,-0.529275,0.006794,-1.514544,1.194831,1.245487,2.450170,2.717316,-3.332477,-2.403323,-21.750298,-8.949708,0.136523,0.175030,0.000000,0.262383,-0.340929,0.000000
3.470000,2.093187,0.773564,-1.545724,1.318080,-0.517194,0.019081,-1.490177,1.220880,1.211756,2.422352,2.490112,-3.410433,-2.996573,-23.008580,-7.072007,0.139004,0.171607,0.000000,0.233539,-0.336967,0.000000
3.480000,2.106294,0.768453,-1.545473,1.303299,-0.504865,0.031026,-1.466099,1.244667,1.177293,2.393668,2.271448,-3.482955,-2.733073,-20.693214,-7.450331,0.141199,0.168226,0.000000,0.206008,-0.332760,0.000000
3.490000,2.119254,0.763467,-1.545104,1.288757,-0.492308,0.042624,-1.442304,1.266348,1.142109,2.364472,2.062859,-3.550908,-3.266776,-21.692983,-5.714515,0.143129,0.164885,0.000000,0.179941,-0.328373,0.000000
3.500000,2.132070,0.758608,-1.544622,1.274451,-0.479545,0.053867,-1.418831,1.285876,1.106342,2.329750,1.843529,-3.601013,-3.514175,-21.488037,-4.740212,0.144795,0.161594,0.000000,0.153224,-0.323029,0.000000
3.510000,2.144744,0.753877,-1.544028,1.260379,-0.466597,0.064749,-1.395733,1.303250,1.070104,2.288816,1.631934,-3.645251,-3.853183,-21.229478,-3.805277,0.146199,0.158360,0.000000,0.127734,-0.316902,0.000000
3.520000,2.157278,0.749277,-1.543328,1.246536,-0.453487,0.075267,-1.372999,1.318491,1.033493,2.260245,1.415355,-3.674403,-2.652646,-21.684290,-2.329515,0.147349,0.155182,0.000000,0.102257,-0.311896,-0.000000
3.530000,2.169675,0.744808,-1.542524,1.232918,-0.440235,0.085418,-1.350576,1.331587,0.996631,2.219144,1.206676,-3.698230,-5.590066,-20.032543,-2.451272,0.148248,0.152059,0.000000,0.077996,-0.305455,0.000000
3.540000,2.181937,0.740472,-1.541621,1.219522,-0.426862,0.095199,-1.328668,1.342658,0.959541,2.164546,1.006845,-3.717512,-4.525769,-20.326249,-1.109879,0.148913,0.149011,0.000000,0.055023,-0.297517,0.000000
3.550000,2.194066,0.736271,-1.540621,1.206343,-0.413388,0.104609,-1.307231,1.351706,0.922332,2.121885,0.803641,-3.723109,-4.801735,-19.912406,-0.316960,0.149348,0.146037,0.000000,0.032205,-0.290726,0.000000
3.560000,2.206065,0.732205,-1.539530,1.193376,-0.399834,0.113646,-1.286244,1.358733,0.885095,2.075594,0.602034,-3.723119,-4.951167,-19.586768,0.441645,0.149559,0.143133,0.000000,0.009908,-0.283526,-0.000000
3.570000,2.217934,0.728274,-1.538350,1.180617,-0.386220,0.122311,-1.265764,1.363824,0.847905,2.018350,0.419514,-3.713181,-6.010699,-17.706646,1.410249,0.149556,0.140307,0.000000,-0.009935,-0.275072,-0.000000
3.580000,2.229678,0.724481,-1.537085,1.168059,-0.372564,0.130604,-1.245858,1.367099,0.810849,1.965602,0.231321,-3.697759,-4.520089,-19.952677,1.663499,0.149358,0.137567,0.000000,-0.030062,-0.267122,-0.000000
3.590000,2.241296,0.720823,-1.535739,1.155698,-0.358885,0.138528,-1.226431,1.368422,0.773965,1.918241,0.036590,-3.677429,-5.436744,-18.188604,2.526173,0.148953,0.134902,0.000000,-0.050571,-0.259777,0.000000
3.600000,2.252792,0.717303,-1.534315,1.143529,-0.345202,0.146085,-1.207535,1.367908,0.737331,1.861086,-0.139174,-3.648477,-5.504473,-17.759403,3.127519,0.148356,0.132318,0.000000,-0.068717,-0.251360,0.000000
3.610000,2.264168,0.713919,-1.532818,1.131545,-0.331532,0.153276,-1.189194,1.365644,0.701008,1.807108,-0.312459,-3.615394,-5.553342,-17.220570,3.675590,0.147580,0.129817,0.000000,-0.086335,-0.243337,0.000000
3.620000,2.275424,0.710672,-1.531251,1.119743,-0.317895,0.160106,-1.171415,1.361650,0.665056,1.747639,-0.486521,-3.573322,-6.079589,-17.271529,4.544881,0.146630,0.127401,0.000000,-0.103728,-0.234717,-0.000000
3.630000,2.286563,0.707561,-1.529617,1.108115,-0.304305,0.166579,-1.154230,1.355948,0.629549,1.690989,-0.651172,-3.528561,-5.239445,-15.645860,4.394865,0.145510,0.125071,0.000000,-0.119909,-0.226481,-0.000000
3.640000,2.297587,0.704586,-1.527921,1.096656,-0.290781,0.172698,-1.137582,1.348663,0.594490,1.637690,-0.805796,-3.481763,-5.678081,-15.596329,5.147551,0.144236,0.122821,0.000000,-0.134849,-0.218687,-0.000000
3.650000,2.308497,0.701745,-1.526165,1.085362,-0.277337,0.178470,-1.121496,1.339826,0.559942,1.579687,-0.960335,-3.427343,-5.660828,-14.990494,5.541585,0.142813,0.120653,0.000000,-0.149545,-0.210410,-0.000000
3.660000,2.319294,0.699039,-1.524353,1.074225,-0.263989,0.183899,-1.105986,1.329480,0.525951,1.522341,-1.107957,-3.370404,-5.661635,-14.407565,5.903790,0.141248,0.118569,0.000000,-0.163359,-0.202286,-0.000000
3.670000,2.329982,0.696465,-1.522488,1.063240,-0.250752,0.188991,-1.091037,1.317697,0.492551,1.467851,-1.247310,-3.308796,-5.376678,-13.582476,6.349642,0.139550,0.116565,0.000000,-0.176135,-0.194518,0.000000
3.680000,2.340560,0.694023,-1.520574,1.052402,-0.237640,0.193752,-1.076635,1.304548,0.459782,1.411859,-1.382121,-3.244834,-5.824337,-13.382448,6.434961,0.137727,0.114641,0.000000,-0.188322,-0.186673,0.000000
3.690000,2.351030,0.691712,-1.518614,1.041705,-0.224666,0.198189,-1.062807,1.290068,0.427660,1.354279,-1.512495,-3.178952,-5.546239,-12.569484,6.798793,0.135785,0.112797,0.000000,-0.199950,-0.178749,-0.000000
3.700000,2.361394,0.689529,-1.516611,1.031144,-0.211843,0.202308,-1.049536,1.274328,0.396216,1.299744,-1.634533,-3.109504,-5.501809,-11.959483,7.022929,0.133732,0.111031,0.000000,-0.210599,-0.171205,0.000000
3.710000,2.371653,0.687474,-1.514569,1.020713,-0.199183,0.206115,-1.036814,1.257394,0.365474,1.244817,-1.751469,-3.038698,-5.442861,-11.348360,7.210576,0.131575,0.109342,0.000000,-0.220656,-0.163706,-0.000000
3.720000,2.381809,0.685545,-1.512490,1.010406,-0.186699,0.209620,-1.024635,1.239326,0.335454,1.191278,-1.860768,-2.964681,-5.301555,-10.588318,7.512545,0.129322,0.107727,0.000000,-0.229846,-0.156413,0.000000
3.730000,2.391862,0.683740,-1.510377,1.000218,-0.174400,0.212827,-1.012988,1.220195,0.306181,1.138015,-1.964852,-2.890124,-5.350956,-10.231035,7.391757,0.126980,0.106187,0.000000,-0.238469,-0.149236,0.000000
3.740000,2.401814,0.682057,-1.508234,0.990144,-0.162298,0.215746,-1.001874,1.200045,0.277651,1.085055,-2.063840,-2.815416,-5.201292,-9.489453,7.621194,0.124554,0.104718,0.000000,-0.246552,-0.142178,-0.000000
3.750000,2.411665,0.680493,-1.506063,0.980179,-0.150402,0.218383,-0.991281,1.178945,0.249882,1.033695,-2.155312,-2.738439,-5.108728,-8.882832,7.694981,0.122052,0.103320,0.000000,-0.253828,-0.135346,-0.000000
3.760000,2.421418,0.679048,-1.503867,0.970317,-0.138722,0.220746,-0.981200,1.156956,0.222882,0.982551,-2.241513,-2.661369,-5.018168,-8.284001,7.745516,0.119479,0.101991,0.000000,-0.260569,-0.128617,-0.000000
3.770000,2.431072,0.677718,-1.501649,0.960553,-0.127266,0.222843,-0.971618,1.134140,0.196658,0.934282,-2.320327,-2.583325,-4.732318,-7.551922,7.829903,0.116843,0.100728,0.000000,-0.266551,-0.122249,0.000000
3.780000,2.440629,0.676502,-1.499411,0.950883,-0.116042,0.224682,-0.962516,1.110565,0.171215,0.885875,-2.394086,-2.505468,-4.950926,-7.203299,7.737026,0.114150,0.099529,0.000000,-0.272041,-0.115941,0.000000
3.790000,2.450090,0.675396,-1.497157,0.941301,-0.105057,0.226270,-0.953902,1.086274,0.146547,0.837264,-2.462961,-2.428051,-4.671580,-6.500219,7.773083,0.111404,0.098394,0.000000,-0.277063,-0.109685,0.000000
3.800000,2.459455,0.674400,-1.494887,0.931804,-0.094319,0.227615,-0.945759,1.061331,0.122656,0.791631,-2.524738,-2.350321,-4.552420,-5.929052,7.739821,0.108611,0.097320,0.000000,-0.281387,-0.103794,0.000000
3.810000,2.468726,0.673509,-1.492605,0.922385,-0.083833,0.228725,-0.938064,1.035795,0.099540,0.747725,-2.581555,-2.272767,-4.401044,-5.369852,7.698870,0.105777,0.096305,0.000000,-0.285244,-0.098140,-0.000000
3.820000,2.477903,0.672722,-1.490313,0.913041,-0.073604,0.229608,-0.930813,1.009724,0.077193,0.702035,-2.631561,-2.197034,-4.567695,-4.697265,7.512529,0.102908,0.095347,0.000000,-0.288471,-0.092379,0.000000
3.830000,2.486987,0.672036,-1.488014,0.903767,-0.063640,0.230272,-0.924010,0.983179,0.055601,0.659923,-2.676880,-2.121153,-3.848752,-4.370396,7.663349,0.100009,0.094446,0.000000,-0.291261,-0.087031,0.000000
3.840000,2.495979,0.671449,-1.485708,0.894559,-0.053942,0.230723,-0.917600,0.956201,0.034771,0.621671,-2.717711,-2.045171,-3.970851,-3.733046,7.462969,0.097084,0.093596,0.000000,-0.293640,-0.082120,0.000000
3.850000,2.504879,0.670956,-1.483400,0.885414,-0.044517,0.230970,-0.911584,0.928847,0.014689,0.581967,-2.752129,-1.971358,-3.800778,-3.217128,7.365478,0.094139,0.092796,0.000000,-0.295443,-0.077128,0.000000
3.860000,2.513687,0.670557,-1.481090,0.876326,-0.035366,0.231019,-0.905954,0.901173,-0.004658,0.544201,-2.782003,-1.898178,-3.650395,-2.714554,7.254293,0.091177,0.092045,0.000000,-0.296842,-0.072379,-0.000000
3.870000,2.522405,0.670248,-1.478780,0.867293,-0.026494,0.230879,-0.900687,0.873228,-0.023280,0.509901,-2.806047,-1.826440,-3.307879,-2.140331,7.105902,0.088204,0.091341,0.000000,-0.297717,-0.068029,0.000000
3.880000,2.531033,0.670026,-1.476473,0.858311,-0.017903,0.230556,-0.895756,0.845066,-0.041190,0.475979,-2.825774,-1.755791,-3.479447,-1.808656,7.022933,0.085224,0.090679,0.000000,-0.298220,-0.063762,0.000000
3.890000,2.539572,0.669889,-1.474169,0.849377,-0.009594,0.230058,-0.891167,0.816725,-0.058399,0.442312,-2.841379,-1.686293,-3.154176,-1.270304,6.861114,0.082240,0.090061,0.000000,-0.298373,-0.059563,0.000000
3.900000,2.548021,0.669834,-1.471872,0.840487,-0.001569,0.229390,-0.886896,0.788257,-0.074922,0.412054,-2.851602,-1.618469,-2.996570,-0.820919,6.717086,0.079258,0.089483,0.000000,-0.298051,-0.055750,-0.000000
3.910000,2.556382,0.669857,-1.469582,0.831638,0.006171,0.228561,-0.882927,0.759706,-0.090773,0.381995,-2.857790,-1.551932,-2.850645,-0.386623,6.568997,0.076280,0.088942,0.000000,-0.297390,-0.051994,-0.000000
3.920000,2.564654,0.669956,-1.467301,0.822828,0.013625,0.227577,-0.879238,0.731118,-0.105967,0.356536,-2.859087,-1.487294,-2.398912,0.093477,6.377921,0.073312,0.088438,0.000000,-0.296304,-0.048740,0.000000
3.930000,2.572838,0.670128,-1.465031,0.814053,0.020794,0.226444,-0.875799,0.702537,-0.120523,0.330707,-2.856626,-1.423963,-2.771469,0.395240,6.288536,0.070355,0.087965,0.000000,-0.294906,-0.045481,0.000000
3.940000,2.580935,0.670371,-1.462773,0.805311,0.027676,0.225169,-0.872627,0.673997,-0.134451,0.304306,-2.850599,-1.361937,-2.349055,0.839197,6.095946,0.067414,0.087526,0.000000,-0.293214,-0.042197,-0.000000
3.950000,2.588945,0.670681,-1.460528,0.796599,0.034274,0.223757,-0.869695,0.645540,-0.147769,0.282387,-2.840159,-1.301874,-2.193792,1.214608,5.936659,0.064492,0.087117,0.000000,-0.291145,-0.039394,-0.000000
3.960000,2.596867,0.671056,-1.458298,0.787916,0.040588,0.222215,-0.866973,0.617205,-0.160491,0.262347,-2.826387,-1.242752,-2.004633,1.572777,5.786777,0.061592,0.086736,0.000000,-0.288800,-0.036802,0.000000
3.970000,2.604703,0.671492,-1.456084,0.779259,0.046619,0.220549,-0.864457,0.589027,-0.172637,0.240549,-2.808428,-1.187064,-2.169345,1.982136,5.448699,0.058718,0.086381,0.000000,-0.286110,-0.034079,-0.000000
3.980000,2.612452,0.671987,-1.453888,0.770626,0.052369,0.218764,-0.862147,0.561046,-0.184232,0.222854,-2.787521,-1.131722,-1.363529,2.195603,5.623094,0.055871,0.086051,0.000000,-0.283175,-0.031780,0.000000
3.990000,2.620116,0.672538,-1.451709,0.762016,0.057840,0.216866,-0.859984,0.533286,-0.195271,0.209541,-2.763869,-1.076577,-1.485713,2.567076,5.307331,0.053055,0.085742,0.000000,-0.280014,-0.029928,0.000000
4.000000,2.627693,0.673143,-1.449551,0.753426,0.063035,0.214861,-0.857964,0.505781,-0.205777,0.194731,-2.736525,-1.024729,-1.289834,2.864250,5.160909,0.050272,0.085453,0.000000,-0.276551,-0.027966,0.000000
4.010000,2.635184,0.673798,-1.447413,0.744856,0.067957,0.212753,-0.856079,0.478563,-0.215768,0.182654,-2.706579,-0.973689,-1.107154,3.145656,5.014034,0.047524,0.085181,0.000000,-0.272878,-0.026290,0.000000
4.020000,2.642590,0.674501,-1.445296,0.736304,0.072608,0.210547,-0.854304,0.451661,-0.225258,0.172757,-2.673448,-0.924749,-0.890009,3.455448,4.806932,0.044815,0.084925,0.000000,-0.268942,-0.024854,0.000000
4.030000,2.649910,0.675249,-1.443202,0.727770,0.076991,0.208249,-0.852619,0.425102,-0.234266,0.164479,-2.637996,-0.876857,-0.766174,3.631672,4.773023,0.042146,0.084683,0.000000,-0.264822,-0.023595,-0.000000
4.040000,2.657145,0.676040,-1.441131,0.719252,0.081111,0.205863,-0.851009,0.398908,-0.242798,0.157791,-2.600406,-0.829936,-0.553666,3.906591,4.578725,0.039519,0.084453,0.000000,-0.260535,-0.022506,0.000000
4.050000,2.664295,0.676871,-1.439085,0.710749,0.084971,0.203395,-0.849455,0.373103,-0.250872,0.153251,-2.560107,-0.784994,-0.372539,4.127923,4.443403,0.036936,0.084232,0.000000,-0.256026,-0.021651,0.000000
4.060000,2.671360,0.677739,-1.437064,0.702262,0.088574,0.200847,-0.847939,0.347712,-0.258501,0.150309,-2.517874,-0.741027,-0.194235,4.333938,4.313888,0.034399,0.084019,0.000000,-0.251367,-0.020966,0.000000
4.070000,2.678341,0.678641,-1.435068,0.693790,0.091926,0.198226,-0.846441,0.322754,-0.265700,0.149563,-2.473313,-0.699041,0.023409,4.558566,4.119627,0.031910,0.083811,0.000000,-0.246520,-0.020517,0.000000
4.080000,2.685236,0.679576,-1.433099,0.685333,0.095031,0.195535,-0.844943,0.298251,-0.272484,0.150322,-2.427112,-0.657874,0.127342,4.678724,4.115632,0.029469,0.083608,0.000000,-0.241548,-0.020226,-0.000000
4.090000,2.692047,0.680541,-1.431158,0.676892,0.097893,0.192778,-0.843430,0.274216,-0.278859,0.152534,-2.379438,-0.617435,0.336125,4.871246,3.936823,0.027079,0.083406,0.000000,-0.236467,-0.020088,-0.000000
4.100000,2.698774,0.681533,-1.429244,0.668465,0.100517,0.189959,-0.841885,0.250669,-0.284840,0.156853,-2.329882,-0.578818,0.505769,5.020329,3.823111,0.024740,0.083205,0.000000,-0.231236,-0.020173,-0.000000
4.110000,2.705417,0.682551,-1.427359,0.660054,0.102908,0.187082,-0.840288,0.227623,-0.290438,0.162740,-2.279069,-0.540986,0.673308,5.155074,3.714902,0.022455,0.083002,0.000000,-0.225915,-0.020422,0.000000
4.120000,2.711975,0.683591,-1.425503,0.651659,0.105071,0.184151,-0.838624,0.205093,-0.295665,0.170322,-2.226688,-0.504768,0.840839,5.304298,3.557163,0.020223,0.082796,0.000000,-0.220471,-0.020851,-0.000000
4.130000,2.718450,0.684651,-1.423676,0.643282,0.107012,0.181170,-0.836876,0.183092,-0.300535,0.179511,-2.173331,-0.469244,0.996390,5.364615,3.549320,0.018045,0.082584,0.000000,-0.214960,-0.021446,-0.000000
4.140000,2.724841,0.685730,-1.421879,0.634922,0.108735,0.178142,-0.835029,0.161629,-0.305052,0.190268,-2.119146,-0.434331,1.155904,5.484849,3.405870,0.015924,0.082366,0.000000,-0.209395,-0.022201,-0.000000
4.150000,2.731149,0.686825,-1.420113,0.626582,0.110246,0.175070,-0.833066,0.140713,-0.309227,0.202610,-2.063802,-0.400874,1.309216,5.567460,3.314220,0.013858,0.082140,0.000000,-0.203744,-0.023125,-0.000000
4.160000,2.737373,0.687935,-1.418378,0.618261,0.111551,0.171958,-0.830972,0.120355,-0.313071,0.216413,-2.007823,-0.368080,1.457116,5.637585,3.226980,0.011849,0.081903,0.000000,-0.198056,-0.024198,0.000000
4.170000,2.743514,0.689056,-1.416674,0.609963,0.112655,0.168810,-0.828732,0.100560,-0.316593,0.231795,-1.950988,-0.336491,1.612332,5.716582,3.109255,0.009897,0.081655,0.000000,-0.192307,-0.025437,-0.000000
4.180000,2.749572,0.690187,-1.415002,0.601687,0.113564,0.165628,-0.826332,0.081336,-0.319803,0.248513,-1.893757,-0.305506,1.730135,5.727342,3.089076,0.008003,0.081394,0.000000,-0.186542,-0.026814,-0.000000
4.190000,2.755548,0.691326,-1.413362,0.593437,0.114284,0.162415,-0.823758,0.062686,-0.322705,0.266507,-1.836260,-0.275059,1.874186,5.781156,2.982727,0.006166,0.081119,0.000000,-0.180772,-0.028321,0.000000
4.200000,2.761441,0.692472,-1.411754,0.585213,0.114820,0.159174,-0.820997,0.044613,-0.325308,0.285916,-1.778263,-0.245686,2.001382,5.805530,2.910567,0.004387,0.080827,0.000000,-0.174972,-0.029976,-0.000000
4.210000,2.767252,0.693622,-1.410178,0.577017,0.115178,0.155910,-0.818036,0.027121,-0.327620,0.306480,-1.720188,-0.216884,2.122379,5.818781,2.841740,0.002667,0.080519,0.000000,-0.169183,-0.031751,-0.000000
4.220000,2.772981,0.694775,-1.408636,0.568853,0.115364,0.152623,-0.814862,0.010210,-0.329649,0.328453,-1.661820,-0.188922,2.259768,5.842419,2.759719,0.001004,0.080192,0.000000,-0.163382,-0.033673,-0.000000
4.230000,2.778629,0.695929,-1.407126,0.560721,0.115384,0.149318,-0.811463,-0.006116,-0.331401,0.351411,-1.603596,-0.161499,2.330359,5.800392,2.725537,-0.000601,0.079845,0.000000,-0.157612,-0.035697,0.000000
4.240000,2.784196,0.697082,-1.405649,0.552624,0.115243,0.145996,-0.807831,-0.021863,-0.332880,0.375273,-1.545628,-0.134574,2.452618,5.802649,2.651261,-0.002149,0.079477,0.000000,-0.151882,-0.037815,0.000000
4.250000,2.789682,0.698233,-1.404206,0.544565,0.114949,0.142661,-0.803954,-0.037029,-0.334095,0.400351,-1.487666,-0.108389,2.549253,5.777572,2.594579,-0.003639,0.079088,0.000000,-0.146166,-0.040061,-0.000000
4.260000,2.795087,0.699381,-1.402796,0.536546,0.114505,0.139315,-0.799821,-0.051617,-0.335050,0.426315,-1.429993,-0.082670,2.639818,5.745708,2.540776,-0.005072,0.078676,0.000000,-0.140491,-0.042400,-0.000000
4.270000,2.800413,0.700523,-1.401420,0.528570,0.113918,0.135961,-0.795425,-0.065631,-0.335751,0.453100,-1.372869,-0.057647,2.718571,5.687330,2.472747,-0.006449,0.078240,0.000000,-0.134881,-0.044828,0.000000
4.280000,2.805659,0.701659,-1.400077,0.520638,0.113194,0.132601,-0.790756,-0.079075,-0.336204,0.480716,-1.316074,-0.033027,2.803530,5.670746,2.451850,-0.007770,0.077779,0.000000,-0.129314,-0.047344,-0.000000
4.290000,2.810826,0.702786,-1.398768,0.512755,0.112338,0.129237,-0.785808,-0.091953,-0.336412,0.509095,-1.259671,-0.008778,2.868347,5.598944,2.389657,-0.009035,0.077293,0.000000,-0.123796,-0.049940,-0.000000
4.300000,2.815914,0.703905,-1.397492,0.504923,0.111357,0.125873,-0.780572,-0.104271,-0.336382,0.538082,-1.204037,0.014844,2.930123,5.536229,2.343736,-0.010246,0.076780,0.000000,-0.118361,-0.052605,-0.000000
4.310000,2.820924,0.705013,-1.396250,0.497145,0.110255,0.122511,-0.775045,-0.116036,-0.336117,0.567545,-1.149066,0.038017,2.981693,5.465173,2.298020,-0.011403,0.076240,0.000000,-0.112999,-0.055325,0.000000
4.320000,2.825857,0.706110,-1.395042,0.489423,0.109038,0.119152,-0.769218,-0.127255,-0.335622,0.597877,-1.094679,0.060871,3.063524,5.403208,2.266286,-0.012506,0.075673,0.000000,-0.107701,-0.058136,-0.000000
4.330000,2.830713,0.707193,-1.393867,0.481762,0.107712,0.115799,-0.763087,-0.137933,-0.334901,0.628374,-1.041192,0.083208,3.033904,5.293034,2.201038,-0.013557,0.075077,0.000000,-0.102497,-0.060972,0.000000
4.340000,2.835493,0.708263,-1.392726,0.474163,0.106281,0.112454,-0.756651,-0.148082,-0.333960,0.658928,-0.988674,0.105029,3.095498,5.217678,2.169994,-0.014557,0.074453,0.000000,-0.097394,-0.063823,-0.000000
4.350000,2.840197,0.709319,-1.391618,0.466630,0.104752,0.109120,-0.749906,-0.157709,-0.332802,0.690091,-0.936923,0.126549,3.115403,5.123373,2.127908,-0.015505,0.073800,0.000000,-0.092370,-0.066742,-0.000000
4.360000,2.844825,0.710358,-1.390544,0.459166,0.103129,0.105799,-0.742849,-0.166824,-0.331431,0.721171,-0.886201,0.147575,3.125285,5.024255,2.085993,-0.016404,0.073118,0.000000,-0.087450,-0.069662,0.000000
4.370000,2.849380,0.711381,-1.389502,0.451774,0.101417,0.102492,-0.735480,-0.175436,-0.329851,0.752810,-0.836418,0.168348,3.175823,4.927863,2.060428,-0.017255,0.072407,0.000000,-0.082625,-0.072645,0.000000
4.380000,2.853861,0.712386,-1.388494,0.444457,0.099622,0.099203,-0.727794,-0.183556,-0.328065,0.784127,-0.787735,0.188609,3.085518,4.807984,1.991567,-0.018057,0.071665,0.000000,-0.077910,-0.075607,-0.000000
4.390000,2.858269,0.713373,-1.387518,0.437219,0.097747,0.095932,-0.719799,-0.191195,-0.326080,0.815006,-0.740195,0.208348,3.114620,4.703143,1.964568,-0.018813,0.070895,0.000000,-0.073308,-0.078537,-0.000000
4.400000,2.862606,0.714341,-1.386575,0.430062,0.095799,0.092682,-0.711493,-0.198363,-0.323899,0.846172,-0.693713,0.227827,3.091903,4.588867,1.923018,-0.019524,0.070094,0.000000,-0.068811,-0.081503,-0.000000
4.410000,2.866871,0.715289,-1.385664,0.422990,0.093782,0.089455,-0.702877,-0.205072,-0.321525,0.876969,-0.648292,0.246852,3.063227,4.474262,1.881877,-0.020190,0.069264,0.000000,-0.064418,-0.084444,0.000000
4.420000,2.871066,0.716216,-1.384786,0.416006,0.091699,0.086252,-0.693955,-0.211334,-0.318963,0.907384,-0.604427,0.265462,3.021189,4.318424,1.840084,-0.020813,0.068405,0.000000,-0.060178,-0.087358,-0.000000
4.430000,2.875191,0.717123,-1.383939,0.409112,0.089556,0.083076,-0.684731,-0.217164,-0.316218,0.937424,-0.561507,0.283655,2.985611,4.265750,1.798385,-0.021394,0.067517,0.000000,-0.056029,-0.090246,0.000000
4.440000,2.879248,0.718007,-1.383124,0.402312,0.087357,0.079928,-0.675208,-0.222568,-0.313292,0.967013,-0.519525,0.301424,2.928090,4.110187,1.755290,-0.021933,0.066600,0.000000,-0.051970,-0.093101,0.000000
4.450000,2.883238,0.718870,-1.382341,0.395609,0.085106,0.076811,-0.665392,-0.227560,-0.310191,0.995986,-0.479139,0.318762,2.867570,3.987326,1.711812,-0.022434,0.065654,0.000000,-0.048067,-0.095906,0.000000
4.460000,2.887161,0.719709,-1.381588,0.389005,0.082808,0.073725,-0.655291,-0.232154,-0.306918,1.024218,-0.439858,0.335599,2.796713,3.862704,1.666043,-0.022895,0.064681,0.000000,-0.044269,-0.098650,-0.000000
4.470000,2.891018,0.720526,-1.380866,0.382504,0.080465,0.070673,-0.644909,-0.236362,-0.303479,1.052070,-0.401942,0.352176,2.753939,3.726117,1.638925,-0.023319,0.063681,0.000000,-0.040604,-0.101366,0.000000
4.480000,2.894811,0.721318,-1.380174,0.376108,0.078082,0.067656,-0.634253,-0.240197,-0.299877,1.078880,-0.365219,0.368159,2.606084,3.618689,1.557108,-0.023708,0.062654,0.000000,-0.037051,-0.103992,0.000000
4.490000,2.898541,0.722087,-1.379513,0.369820,0.075662,0.064676,-0.623335,-0.243670,-0.296118,1.104544,-0.329685,0.383521,2.544378,3.482151,1.525567,-0.024061,0.061601,0.000000,-0.033612,-0.106518,0.000000
4.500000,2.902208,0.722832,-1.378881,0.363642,0.073209,0.061734,-0.612164,-0.246795,-0.292207,1.129576,-0.295527,0.398574,2.442831,3.355285,1.474811,-0.024380,0.060523,0.000000,-0.030305,-0.108991,-0.000000
4.510000,2.905814,0.723551,-1.378278,0.357577,0.070727,0.058832,-0.600748,-0.249585,-0.288149,1.153486,-0.262566,0.413012,2.335697,3.229019,1.422380,-0.024667,0.059421,0.000000,-0.027112,-0.111366,0.000000
4.520000,2.909360,0.724246,-1.377704,0.351628,0.068219,0.055972,-0.589098,-0.252051,-0.283948,1.176246,-0.231018,0.427107,2.217284,3.088392,1.386863,-0.024923,0.058295,0.000000,-0.024053,-0.113638,-0.000000
4.530000,2.912847,0.724916,-1.377158,0.345796,0.065687,0.053154,-0.577227,-0.254209,-0.279609,1.197853,-0.200636,0.440544,2.102890,2.988319,1.299900,-0.025149,0.057148,0.000000,-0.021105,-0.115808,-0.000000
4.540000,2.916276,0.725560,-1.376641,0.340084,0.063136,0.050380,-0.565145,-0.256068,-0.275140,1.218238,-0.171403,0.453293,1.970962,2.850686,1.259372,-0.025345,0.055979,0.000000,-0.018264,-0.117869,-0.000000
4.550000,2.919649,0.726178,-1.376151,0.334494,0.060567,0.047651,-0.552866,-0.257641,-0.270544,1.237265,-0.143552,0.465642,1.835611,2.727242,1.200780,-0.025514,0.054790,0.000000,-0.015556,-0.119805,0.000000
4.560000,2.922967,0.726771,-1.375687,0.329027,0.057984,0.044969,-0.540404,-0.258942,-0.265829,1.254923,-0.116837,0.477368,1.693616,2.605709,1.141524,-0.025657,0.053582,0.000000,-0.012954,-0.121617,-0.000000
4.570000,2.926230,0.727338,-1.375251,0.323686,0.055389,0.042335,-0.527773,-0.259983,-0.260999,1.271104,-0.091529,0.488443,1.542723,2.466186,1.075721,-0.025774,0.052357,0.000000,-0.010486,-0.123293,-0.000000
4.580000,2.929441,0.727879,-1.374841,0.318472,0.052785,0.039750,-0.514987,-0.260777,-0.256062,1.285780,-0.067295,0.498930,1.391406,2.381155,1.021400,-0.025867,0.051116,0.000000,-0.008119,-0.124830,0.000000
4.590000,2.932600,0.728394,-1.374456,0.313387,0.050174,0.037214,-0.502062,-0.261332,-0.251023,1.298887,-0.044104,0.508814,1.227813,2.247213,0.952586,-0.025937,0.049860,0.000000,-0.005850,-0.126220,0.000000
4.600000,2.935709,0.728882,-1.374096,0.308431,0.047559,0.034730,-0.489015,-0.261663,-0.245888,1.310326,-0.022258,0.517997,1.059926,2.132545,0.886290,-0.025984,0.048591,0.000000,-0.003708,-0.127455,0.000000
4.610000,2.938769,0.729345,-1.373761,0.303607,0.044941,0.032297,-0.475863,-0.261781,-0.240665,1.319851,-0.001431,0.526460,0.881617,2.020796,0.816737,-0.026011,0.047311,0.000000,-0.001662,-0.128508,-0.000000
4.620000,2.941782,0.729781,-1.373450,0.298914,0.042324,0.029916,-0.462621,-0.261697,-0.235360,1.328283,0.018050,0.534426,0.767447,1.887908,0.765586,-0.026018,0.046021,0.000000,0.000255,-0.129460,0.000000
4.630000,2.944748,0.730191,-1.373163,0.294355,0.039708,0.027590,-0.449305,-0.261423,-0.229979,1.334418,0.036591,0.541544,0.457475,1.821034,0.657477,-0.026006,0.044722,0.000000,0.002085,-0.130192,0.000000
4.640000,2.947669,0.730575,-1.372898,0.289928,0.037096,0.025317,-0.435941,-0.260968,-0.224532,1.338151,0.054233,0.547782,0.324932,1.695586,0.600398,-0.025977,0.043417,0.000000,0.003831,-0.130692,-0.000000
4.650000,2.950547,0.730933,-1.372656,0.285636,0.034489,0.023099,-0.422545,-0.260343,-0.219026,1.340585,0.070616,0.553454,0.124830,1.593604,0.523329,-0.025930,0.042107,0.000000,0.005457,-0.131069,0.000000
4.660000,2.953382,0.731265,-1.372436,0.281478,0.031890,0.020937,-0.409137,-0.259558,-0.213466,1.340809,0.086087,0.558268,-0.077798,1.494298,0.444523,-0.025868,0.040795,0.000000,0.006997,-0.131231,0.000000
4.670000,2.956177,0.731571,-1.372237,0.277453,0.029299,0.018830,-0.395736,-0.258625,-0.207862,1.339042,0.100450,0.562389,-0.279137,1.385268,0.374122,-0.025791,0.039482,0.000000,0.008432,-0.131199,0.000000
4.680000,2.958932,0.731851,-1.372059,0.273563,0.026718,0.016780,-0.382363,-0.257552,-0.202221,1.335151,0.113938,0.565633,-0.499845,1.313146,0.274224,-0.025699,0.038171,0.000000,0.009784,-0.130960,0.000000
4.690000,2.961649,0.732105,-1.371901,0.269806,0.024148,0.014786,-0.369040,-0.256349,-0.196553,1.329092,0.126591,0.567976,-0.709482,1.211322,0.199382,-0.025595,0.036863,0.000000,0.011059,-0.130509,-0.000000
4.700000,2.964328,0.732334,-1.371763,0.266182,0.021591,0.012849,-0.355788,-0.255024,-0.190864,1.320922,0.138230,0.569562,-0.927746,1.123657,0.113149,-0.025479,0.035561,0.000000,0.012236,-0.129848,-0.000000
4.710000,2.966973,0.732537,-1.371644,0.262690,0.019048,0.010969,-0.342629,-0.253587,-0.185164,1.310509,0.149093,0.570293,-1.149435,1.039738,0.026573,-0.025351,0.034266,0.000000,0.013340,-0.128965,-0.000000
4.720000,2.969583,0.732715,-1.371544,0.259329,0.016520,0.009145,-0.329585,-0.252046,-0.179462,1.297979,0.158948,0.570031,-1.362837,0.941083,-0.073220,-0.025212,0.032981,0.000000,0.014348,-0.127872,-0.000000
4.730000,2.972160,0.732868,-1.371461,0.256098,0.014007,0.007379,-0.316677,-0.250410,-0.173766,1.283124,0.168120,0.568949,-1.608637,0.894093,-0.143414,-0.025064,0.031709,0.000000,0.015292,-0.126546,-0.000000
4.740000,2.974705,0.732995,-1.371396,0.252995,0.011512,0.005670,-0.303930,-0.248685,-0.168086,1.265914,0.176653,0.567036,-1.827937,0.803665,-0.245419,-0.024906,0.030450,0.000000,0.016175,-0.124984,0.000000
4.750000,2.977220,0.733098,-1.371347,0.250018,0.009034,0.004017,-0.291366,-0.246880,-0.162429,1.246519,0.184285,0.564088,-2.057988,0.732463,-0.338688,-0.024741,0.029209,0.000000,0.016972,-0.123201,-0.000000
4.760000,2.979706,0.733176,-1.371315,0.247167,0.006575,0.002421,-0.279008,-0.245001,-0.156807,1.224791,0.191312,0.560180,-2.289264,0.664783,-0.435004,-0.024567,0.027986,0.000000,0.017712,-0.121182,0.000000
4.770000,2.982164,0.733230,-1.371299,0.244437,0.004134,0.000881,-0.266878,-0.243057,-0.151228,1.200719,0.197511,0.555457,-2.523910,0.583948,-0.517860,-0.024387,0.026785,0.000000,0.018372,-0.118925,0.000000
4.780000,2.984595,0.733259,-1.371298,0.241828,0.001714,-0.000603,-0.255001,-0.241053,-0.145702,1.174336,0.203180,0.549653,-2.752753,0.550801,-0.643262,-0.024200,0.025608,0.000000,0.018982,-0.116432,-0.000000
4.790000,2.987001,0.733264,-1.371311,0.239337,-0.000687,-0.002033,-0.243399,-0.238995,-0.140239,1.145638,0.208366,0.542745,-2.988233,0.478234,-0.730744,-0.024007,0.024457,0.000000,0.019547,-0.113702,0.000000
4.800000,2.989382,0.733245,-1.371338,0.236959,-0.003066,-0.003408,-0.232096,-0.236888,-0.134850,1.114581,0.212829,0.534967,-3.221834,0.423603,-0.832877,-0.023809,0.023334,0.000000,0.020041,-0.110729,0.000000
4.810000,2.991740,0.733203,-1.371379,0.234694,-0.005424,-0.004730,-0.221116,-0.234739,-0.129544,1.081069,0.216842,0.526064,-3.456678,0.371646,-0.937991,-0.023606,0.022242,0.000000,0.020493,-0.107504,-0.000000
4.820000,2.994076,0.733137,-1.371432,0.232536,-0.007761,-0.006000,-0.210481,-0.232554,-0.124331,1.045695,0.220182,0.516272,-3.643050,0.305937,-1.028615,-0.023400,0.021184,0.000000,0.020879,-0.104084,-0.000000
4.830000,2.996391,0.733047,-1.371499,0.230483,-0.010075,-0.007217,-0.200211,-0.230337,-0.119222,1.007686,0.223160,0.505322,-3.959371,0.290358,-1.161765,-0.023189,0.020161,0.000000,0.021232,-0.100393,0.000000
4.840000,2.998686,0.732935,-1.371577,0.228530,-0.012367,-0.008384,-0.190336,-0.228092,-0.114229,0.967021,0.225817,0.493192,-4.147897,0.232397,-1.256511,-0.022975,0.019177,0.000000,0.021554,-0.096426,0.000000
4.850000,3.000962,0.732800,-1.371666,0.226675,-0.014637,-0.009502,-0.180876,-0.225823,-0.109361,0.924523,0.227895,0.480120,-4.376791,0.192789,-1.365922,-0.022758,0.018233,0.000000,0.021820,-0.092267,-0.000000
4.860000,3.003220,0.732643,-1.371766,0.224911,-0.016884,-0.010572,-0.171854,-0.223535,-0.104630,0.879630,0.229634,0.465912,-4.601401,0.155336,-1.475827,-0.022539,0.017332,0.000000,0.022053,-0.087857,0.000000
4.870000,3.005461,0.732463,-1.371877,0.223236,-0.019108,-0.011595,-0.163291,-0.221231,-0.100047,0.832506,0.231011,0.450600,-4.822685,0.120587,-1.586671,-0.022317,0.016476,0.000000,0.022251,-0.083214,-0.000000
4.880000,3.007685,0.732260,-1.371998,0.221644,-0.021308,-0.012574,-0.155211,-0.218916,-0.095622,0.783189,0.232054,0.434176,-5.040094,0.088481,-1.698344,-0.022094,0.015668,0.000000,0.022417,-0.078340,-0.000000
4.890000,3.009894,0.732036,-1.372129,0.220130,-0.023486,-0.013508,-0.147634,-0.216591,-0.091367,0.731719,0.232789,0.416631,-5.253024,0.058977,-1.810689,-0.021869,0.014909,0.000000,0.022553,-0.073240,-0.000000
4.900000,3.012088,0.731791,-1.372268,0.218689,-0.025640,-0.014402,-0.140583,-0.214261,-0.087293,0.678134,0.233241,0.397957,-5.461988,0.031832,-1.923969,-0.021643,0.014203,0.000000,0.022662,-0.067916,-0.000000
4.910000,3.014268,0.731524,-1.372417,0.217317,-0.027771,-0.015255,-0.134079,-0.211927,-0.083411,0.622493,0.233434,0.378149,-5.665257,0.007179,-2.037698,-0.021416,0.013551,0.000000,0.022745,-0.062376,-0.000000
4.920000,3.016434,0.731235,-1.372573,0.216006,-0.029879,-0.016070,-0.128140,-0.209593,-0.079734,0.564848,0.233392,0.357201,-5.862808,-0.015127,-2.151922,-0.021188,0.012956,0.000000,0.022806,-0.056624,-0.000000
4.930000,3.018588,0.730926,-1.372738,0.214752,-0.031963,-0.016850,-0.122788,-0.207260,-0.076271,0.505258,0.233139,0.335109,-6.054142,-0.035164,-2.266520,-0.020960,0.012419,0.000000,0.022846,-0.050667,-0.000000
4.940000,3.020730,0.730596,-1.372910,0.213548,-0.034024,-0.017597,-0.118041,-0.204931,-0.073035,0.443788,0.232696,0.311870,-6.238756,-0.053023,-2.381317,-0.020731,0.011943,0.000000,0.022868,-0.044511,0.000000
4.950000,3.022859,0.730246,-1.373090,0.212389,-0.036062,-0.018312,-0.113918,-0.202607,-0.070038,0.380505,0.232086,0.287477,-6.416347,-0.068655,-2.496776,-0.020502,0.011530,0.000000,0.022874,-0.038164,0.000000
4.960000,3.024978,0.729875,-1.373276,0.211268,-0.038076,-0.018998,-0.110437,-0.200289,-0.067290,0.315486,0.231330,0.261932,-6.586212,-0.082274,-2.612148,-0.020274,0.011180,0.000000,0.022865,-0.031634,0.000000
4.970000,3.027085,0.729484,-1.373470,0.210178,-0.040067,-0.019658,-0.107614,-0.197981,-0.064803,0.248808,0.230448,0.235234,-6.747948,-0.093900,-2.727588,-0.020045,0.010897,0.000000,0.022843,-0.024929,-0.000000
4.980000,3.029181,0.729074,-1.373669,0.209113,-0.042036,-0.020295,-0.105466,-0.195681,-0.062589,0.180556,0.229458,0.207381,-6.901011,-0.103609,-2.843014,-0.019817,0.010682,0.000000,0.022812,-0.018059,0.000000
4.990000,3.031267,0.728644,-1.373875,0.208066,-0.043981,-0.020911,-0.104008,-0.193392,-0.060659,0.110819,0.228381,0.178374,-7.044673,-0.111484,-2.958355,-0.019589,0.010537,0.000000,0.022771,-0.011033,-0.000000
5.000000,3.033343,0.728194,-1.374088,0.207031,-0.045904,-0.021509,-0.103254,-0.191113,-0.059025,0.039697,0.227235,0.148214,-7.177839,-0.117617,-3.073562,-0.019362,0.010462,0.000000,0.022724,-0.003864,-0.000000
