time,k0_0,k0_1,k0_2,k0_3,k0_4,k0_5,k0_6,k0_7,k0_8,k0_9,k0_10,k0_11,k0_12,k1_0,k1_1,k1_2,k1_3,k1_4,k1_5,k1_6,k1_7,k1_8,k1_9,k1_10,k1_11,k1_12,k2_0,k2_1,k2_2,k2_3,k2_4,k2_5,k2_6,k2_7,k2_8,k2_9,k2_10,k2_11,k2_12,k3_0,k3_1,k3_2,k3_3,k3_4,k3_5,k3_6,k3_7,k3_8,k3_9,k3_10,k3_11,k3_12,k4_0,k4_1,k4_2,k4_3,k4_4,k4_5,k4_6,k4_7,k4_8,k4_9,k4_10,k4_11,k4_12,k5_0,k5_1,k5_2,k5_3,k5_4,k5_5,k5_6,k5_7,k5_8,k5_9,k5_10,k5_11,k5_12
0.000000,-2.780989,0.000000,0.000000,-3.265927,0.000000,0.000000,-0.000000,0.000000,-0.000000,0.000000,0.000000,-0.000000,0.000000,0.000000,-2.711273,0.000000,0.000000,-3.196762,0.000000,0.000000,0.000000,0.000000,0.000000,0.000000,0.000000,0.000000,0.000000,0.000000,-0.952250,0.000000,0.000000,-1.369333,0.000000,0.000000,0.000000,0.000000,0.000000,0.000000,0.000000,0.000000,0.000000,0.000000,0.000000,0.000000,0.000000,0.000264,-0.068288,0.000065,-0.000337,-0.066626,0.000007,-0.000015,0.000000,0.000000,0.000000,0.000000,0.000000,0.000000,-0.000261,-0.000064,-0.049161,-0.000238,-0.000006,-0.060435,-0.000001,-0.000000,-0.000000,-0.000000,-0.000000,-0.000000,-0.000000,-0.000158,0.000514,0.000344,-0.117290,0.000001,-0.000001,-0.125709
0.010000,-2.780982,0.000000,0.000000,-3.265926,0.000000,0.000000,0.000000,0.000000,0.000000,0.000000,0.000000,0.000000,0.000000,0.000000,-2.711266,0.000000,0.000000,-3.196761,0.000000,0.000000,0.000000,0.000000,0.000000,0.000000,0.000000,0.000000,0.000000,0.000000,-0.952247,0.000000,0.000000,-1.369332,0.000000,0.000000,0.000000,0.000000,0.000000,0.000000,0.000000,0.000000,0.000000,0.000000,0.000000,0.000000,0.000000,0.000265,-0.068281,0.000067,-0.000334,-0.066626,0.000005,-0.000006,0.000000,0.000000,0.000000,0.000000,0.000000,0.000000,-0.000265,-0.000066,-0.049149,-0.000236,-0.000004,-0.060435,0.000002,0.000000,0.000000,0.000000,0.000000,0.000000,0.000000,-0.000155,0.000503,0.000338,-0.117272,0.000000,-0.000001,-0.125708
0.020000,-2.780975,0.000000,0.000000,-3.265925,0.000000,0.000000,0.000000,0.000000,0.000000,0.000000,0.000000,0.000000,0.000000,0.000000,-2.711259,0.000000,0.000000,-3.196760,0.000000,0.000000,0.000000,0.000000,0.000000,0.000000,0.000000,0.000000,0.000000,0.000000,-0.952245,0.000000,0.000000,-1.369330,0.000000,0.000000,0.000000,0.000000,0.000000,0.000000,0.000000,0.000000,0.000000,0.000000,0.000000,0.000000,0.000000,0.000265,-0.068274,0.000068,-0.000332,-0.066626,0.000003,-0.000000,0.000000,0.000000,0.000000,0.000000,0.000000,0.000000,-0.000267,-0.000066,-0.049138,-0.000235,-0.000003,-0.060434,0.000004,0.000000,0.000000,0.000000,0.000000,0.000000,0.000000,-0.000152,0.000495,0.000333,-0.117254,-0.000000,-0.000001,-0.125708
0.030000,-2.780968,0.000000,0.000000,-3.265924,0.000000,0.000000,0.000000,0.000000,0.000000,0.000000,0.000000,0.000000,0.000000,0.000000,-2.711252,0.000000,0.000000,-3.196759,0.000000,0.000000,0.000000,0.000000,0.000000,0.000000,0.000000,0.000000,0.000000,0.000000,-0.952242,0.000000,0.000000,-1.369329,0.000000,0.000000,0.000000,0.000000,0.000000,0.000000,0.000000,0.000000,0.000000,0.000000,0.000000,0.000000,0.000000,0.000265,-0.068266,0.000068,-0.000330,-0.066626,0.000003,0.000003,0.000000,0.000000,0.000000,0.000000,0.000000,0.000000,-0.000267,-0.000067,-0.049126,-0.000233,-0.000003,-0.060434,0.000005,0.000000,0.000000,0.000000,0.000000,0.000000,0.000000,-0.000150,0.000489,0.000329,-0.117236,-0.000001,-0.000001,-0.125708
0.040000,-2.780961,0.000000,0.000000,-3.265923,0.000000,0.000000,0.000000,0.000000,0.000000,0.000000,0.000000,0.000000,0.000000,0.000000,-2.711245,0.000000,0.000000,-3.196757,0.000000,0.000000,0.000000,0.000000,0.000000,0.000000,0.000000,0.000000,0.000000,0.000000,-0.952240,0.000000,0.000000,-1.369327,0.000000,0.000000,0.000000,0.000000,0.000000,0.000000,0.000000,0.000000,0.000000,0.000000,0.000000,0.000000,0.000000,0.000264,-0.068259,0.000069,-0.000328,-0.066626,0.000002,0.000005,0.000000,0.000000,0.000000,0.000000,0.000000,0.000000,-0.000267,-0.000067,-0.049113,-0.000232,-0.000002,-0.060434,0.000006,0.000000,0.000000,0.000000,0.000000,0.000000,0.000000,-0.000149,0.000485,0.000326,-0.117217,-0.000001,-0.000001,-0.125708
0.050000,-2.780954,0.000000,0.000000,-3.265922,0.000000,0.000000,-0.000000,0.000000,-0.000000,0.000000,0.000000,-0.000000,-0.000000,0.000000,-2.711238,0.000000,0.000000,-3.196756,0.000000,0.000000,0.000000,0.000000,0.000000,0.000000,0.000000,0.000000,0.000000,0.000000,-0.952237,0.000000,0.000000,-1.369326,0.000000,0.000000,0.000000,0.000000,0.000000,0.000000,0.000000,0.000000,0.000000,0.000000,0.000000,0.000000,0.000000,0.000263,-0.068251,0.000068,-0.000327,-0.066626,0.000002,0.000006,0.000000,0.000000,0.000000,0.000000,0.000000,0.000000,-0.000267,-0.000067,-0.049101,-0.000231,-0.000002,-0.060434,0.000006,-0.000000,-0.000000,-0.000000,-0.000000,-0.000000,-0.000000,-0.000148,0.000482,0.000324,-0.117198,-0.000001,-0.000001,-0.125707
0.060000,-2.780946,0.000000,0.000000,-3.265921,0.000000,0.000000,0.000000,0.000000,0.000000,0.000000,0.000000,0.000000,0.000000,0.000000,-2.711231,0.000000,0.000000,-3.196755,0.000000,0.000000,0.000000,0.000000,0.000000,0.000000,0.000000,0.000000,0.000000,0.000000,-0.952234,0.000000,0.000000,-1.369324,0.000000,0.000000,0.000000,0.000000,0.000000,0.000000,0.000000,0.000000,0.000000,0.000000,0.000000,0.000000,0.000000,0.000261,-0.068244,0.000068,-0.000325,-0.066626,0.000002,0.000006,0.000000,0.000000,0.000000,0.000000,0.000000,0.000000,-0.000266,-0.000067,-0.049089,-0.000229,-0.000002,-0.060434,0.000006,0.000000,0.000000,0.000000,0.000000,0.000000,0.000000,-0.000147,0.000479,0.000322,-0.117180,-0.000001,-0.000001,-0.125707
0.070000,-2.780939,0.000000,0.000000,-3.265920,0.000000,0.000000,0.000000,0.000000,0.000000,0.000000,0.000000,0.000000,0.000000,0.000000,-2.711223,0.000000,0.000000,-3.196754,0.000000,0.000000,0.000000,0.000000,0.000000,0.000000,0.000000,0.000000,0.000000,0.000000,-0.952231,0.000000,0.000000,-1.369322,0.000000,0.000000,0.000000,0.000000,0.000000,0.000000,0.000000,0.000000,0.000000,0.000000,0.000000,0.000000,0.000000,0.000260,-0.068236,0.000068,-0.000324,-0.066626,0.000002,0.000006,0.000000,0.000000,0.000000,0.000000,0.000000,0.000000,-0.000265,-0.000066,-0.049076,-0.000228,-0.000002,-0.060434,0.000006,0.000000,0.000000,0.000000,0.000000,0.000000,0.000000,-0.000146,0.000477,0.000320,-0.117161,-0.000001,-0.000001,-0.125707
0.080000,-2.780931,0.000000,0.000000,-3.265919,0.000000,0.000000,0.000000,0.000000,0.000000,0.000000,0.000000,0.000000,0.000000,0.000000,-2.711216,0.000000,0.000000,-3.196753,0.000000,0.000000,0.000000,0.000000,0.000000,0.000000,0.000000,0.000000,0.000000,0.000000,-0.952228,0.000000,0.000000,-1.369321,0.000000,0.000000,0.000000,0.000000,0.000000,0.000000,0.000000,0.000000,0.000000,0.000000,0.000000,0.000000,0.000000,0.000258,-0.068228,0.000068,-0.000323,-0.066625,0.000002,0.000006,0.000000,0.000000,0.000000,0.000000,0.000000,0.000000,-0.000264,-0.000066,-0.049064,-0.000227,-0.000002,-0.060434,0.000006,0.000000,0.000000,0.000000,0.000000,0.000000,0.000000,-0.000146,0.000475,0.000318,-0.117141,-0.000001,-0.000001,-0.125707
0.090000,-2.780923,0.000000,0.000000,-3.265918,0.000000,0.000000,0.000000,0.000000,0.000000,0.000000,0.000000,0.000000,0.000000,0.000000,-2.711208,0.000000,0.000000,-3.196752,0.000000,0.000000,0.000000,0.000000,0.000000,0.000000,0.000000,0.000000,0.000000,0.000000,-0.952225,0.000000,0.000000,-1.369319,0.000000,0.000000,0.000000,0.000000,0.000000,0.000000,0.000000,0.000000,0.000000,0.000000,0.000000,0.000000,0.000000,0.000257,-0.068220,0.000067,-0.000321,-0.066625,0.000002,0.000006,0.000000,0.000000,0.000000,0.000000,0.000000,0.000000,-0.000262,-0.000066,-0.049051,-0.000225,-0.000002,-0.060433,0.000006,0.000000,0.000000,0.000000,0.000000,0.000000,0.000000,-0.000145,0.000474,0.000316,-0.117122,-0.000001,-0.000001,-0.125706
0.100000,-2.780915,0.000000,0.000000,-3.265916,0.000000,0.000000,-0.000000,0.000000,-0.000000,0.000000,0.000000,-0.000000,-0.000000,0.000000,-2.711200,0.000000,0.000000,-3.196750,0.000000,0.000000,0.000000,0.000000,0.000000,0.000000,0.000000,0.000000,0.000000,0.000000,-0.952222,0.000000,0.000000,-1.369317,0.000000,0.000000,0.000000,0.000000,0.000000,0.000000,0.000000,0.000000,0.000000,0.000000,0.000000,0.000000,0.000000,0.000255,-0.068212,0.000067,-0.000320,-0.066625,0.000002,0.000006,0.000000,0.000000,0.000000,0.000000,0.000000,0.000000,-0.000261,-0.000065,-0.049038,-0.000224,-0.000002,-0.060433,0.000006,-0.000000,-0.000000,-0.000000,-0.000000,-0.000000,-0.000000,-0.000144,0.000472,0.000314,-0.117102,-0.000001,-0.000001,-0.125706
0.110000,-2.780907,0.000000,0.000000,-3.265915,0.000000,0.000000,0.000000,0.000000,0.000000,0.000000,0.000000,0.000000,0.000000,0.000000,-2.711192,0.000000,0.000000,-3.196749,0.000000,0.000000,0.000000,0.000000,0.000000,0.000000,0.000000,0.000000,0.000000,0.000000,-0.952219,0.000000,0.000000,-1.369315,0.000000,0.000000,0.000000,0.000000,0.000000,0.000000,0.000000,0.000000,0.000000,0.000000,0.000000,0.000000,0.000000,0.000253,-0.068204,0.000067,-0.000318,-0.066625,0.000002,0.000006,0.000000,0.000000,0.000000,0.000000,0.000000,0.000000,-0.000260,-0.000065,-0.049026,-0.000223,-0.000002,-0.060433,0.000006,0.000000,0.000000,0.000000,0.000000,0.000000,0.000000,-0.000144,0.000470,0.000312,-0.117082,-0.000001,-0.000001,-0.125706
0.120000,-2.780899,0.000000,0.000000,-3.265914,0.000000,0.000000,0.000000,0.000000,0.000000,0.000000,0.000000,0.000000,0.000000,0.000000,-2.711183,0.000000,0.000000,-3.196748,0.000000,0.000000,0.000000,0.000000,0.000000,0.000000,0.000000,0.000000,0.000000,0.000000,-0.952216,0.000000,0.000000,-1.369313,0.000000,0.000000,0.000000,0.000000,0.000000,0.000000,0.000000,0.000000,0.000000,0.000000,0.000000,0.000000,0.000000,0.000252,-0.068196,0.000066,-0.000317,-0.066625,0.000002,0.000006,0.000000,0.000000,0.000000,0.000000,0.000000,0.000000,-0.000259,-0.000065,-0.049013,-0.000221,-0.000002,-0.060433,0.000006,0.000000,0.000000,0.000000,0.000000,0.000000,0.000000,-0.000143,0.000468,0.000310,-0.117062,-0.000001,-0.000001,-0.125706
0.130000,-2.780890,0.000000,0.000000,-3.265913,0.000000,0.000000,0.000000,0.000000,0.000000,0.000000,0.000000,0.000000,0.000000,0.000000,-2.711175,0.000000,0.000000,-3.196747,0.000000,0.000000,0.000000,0.000000,0.000000,0.000000,0.000000,0.000000,0.000000,0.000000,-0.952212,0.000000,0.000000,-1.369312,0.000000,0.000000,0.000000,0.000000,0.000000,0.000000,0.000000,0.000000,0.000000,0.000000,0.000000,0.000000,0.000000,0.000250,-0.068188,0.000066,-0.000316,-0.066625,0.000002,0.000006,0.000000,0.000000,0.000000,0.000000,0.000000,0.000000,-0.000258,-0.000064,-0.049000,-0.000220,-0.000002,-0.060433,0.000006,0.000000,0.000000,0.000000,0.000000,0.000000,0.000000,-0.000142,0.000466,0.000308,-0.117042,-0.000001,-0.000001,-0.125705
0.140000,-2.780881,0.000000,0.000000,-3.265911,0.000000,0.000000,0.000000,0.000000,0.000000,0.000000,0.000000,0.000000,0.000000,0.000000,-2.711166,0.000000,0.000000,-3.196745,0.000000,0.000000,0.000000,0.000000,0.000000,0.000000,0.000000,0.000000,0.000000,0.000000,-0.952209,0.000000,0.000000,-1.369310,0.000000,0.000000,0.000000,0.000000,0.000000,0.000000,0.000000,0.000000,0.000000,0.000000,0.000000,0.000000,0.000000,0.000249,-0.068180,0.000066,-0.000314,-0.066625,0.000002,0.000006,0.000000,0.000000,0.000000,0.000000,0.000000,0.000000,-0.000257,-0.000064,-0.048986,-0.000219,-0.000002,-0.060433,0.000006,0.000000,0.000000,0.000000,0.000000,0.000000,0.000000,-0.000142,0.000464,0.000306,-0.117022,-0.000001,-0.000001,-0.125705
0.150000,-2.780872,0.000000,0.000000,-3.265910,0.000000,0.000000,-0.000000,0.000000,-0.000000,0.000000,0.000000,-0.000000,-0.000000,0.000000,-2.711158,0.000000,0.000000,-3.196744,0.000000,0.000000,0.000000,0.000000,0.000000,0.000000,0.000000,0.000000,0.000000,0.000000,-0.952206,0.000000,0.000000,-1.369308,0.000000,0.000000,0.000000,0.000000,0.000000,0.000000,0.000000,0.000000,0.000000,0.000000,0.000000,0.000000,0.000000,0.000247,-0.068171,0.000065,-0.000313,-0.066625,0.000002,0.000006,0.000000,0.000000,0.000000,0.000000,0.000000,0.000000,-0.000256,-0.000064,-0.048973,-0.000217,-0.000002,-0.060432,0.000006,-0.000000,-0.000000,-0.000000,-0.000000,-0.000000,-0.000000,-0.000141,0.000462,0.000304,-0.117001,-0.000001,-0.000001,-0.125705
0.160000,-2.780863,0.000000,0.000000,-3.265909,0.000000,0.000000,0.000000,0.000000,0.000000,0.000000,0.000000,0.000000,0.000000,0.000000,-2.711149,0.000000,0.000000,-3.196742,0.000000,0.000000,0.000000,0.000000,0.000000,0.000000,0.000000,0.000000,0.000000,0.000000,-0.952202,0.000000,0.000000,-1.369306,0.000000,0.000000,0.000000,0.000000,0.000000,0.000000,0.000000,0.000000,0.000000,0.000000,0.000000,0.000000,0.000000,0.000246,-0.068163,0.000065,-0.000312,-0.066625,0.000002,0.000006,0.000000,0.000000,0.000000,0.000000,0.000000,0.000000,-0.000255,-0.000064,-0.048960,-0.000216,-0.000002,-0.060432,0.000006,0.000000,0.000000,0.000000,0.000000,0.000000,0.000000,-0.000140,0.000460,0.000302,-0.116980,-0.000001,-0.000001,-0.125705
0.170000,-2.780854,0.000000,0.000000,-3.265907,0.000000,0.000000,0.000000,0.000000,0.000000,0.000000,0.000000,0.000000,0.000000,0.000000,-2.711139,0.000000,0.000000,-3.196741,0.000000,0.000000,0.000000,0.000000,0.000000,0.000000,0.000000,0.000000,0.000000,0.000000,-0.952198,0.000000,0.000000,-1.369303,0.000000,0.000000,0.000000,0.000000,0.000000,0.000000,0.000000,0.000000,0.000000,0.000000,0.000000,0.000000,0.000000,0.000245,-0.068154,0.000065,-0.000310,-0.066625,0.000002,0.000006,0.000000,0.000000,0.000000,0.000000,0.000000,0.000000,-0.000254,-0.000063,-0.048946,-0.000215,-0.000002,-0.060432,0.000006,0.000000,0.000000,0.000000,0.000000,0.000000,0.000000,-0.000140,0.000458,0.000300,-0.116960,-0.000001,-0.000001,-0.125704
0.180000,-2.780845,0.000000,0.000000,-3.265906,0.000000,0.000000,0.000000,0.000000,0.000000,0.000000,0.000000,0.000000,0.000000,0.000000,-2.711130,0.000000,0.000000,-3.196740,0.000000,0.000000,0.000000,0.000000,0.000000,0.000000,0.000000,0.000000,0.000000,0.000000,-0.952195,0.000000,0.000000,-1.369301,0.000000,0.000000,0.000000,0.000000,0.000000,0.000000,0.000000,0.000000,0.000000,0.000000,0.000000,0.000000,0.000000,0.000243,-0.068146,0.000064,-0.000309,-0.066624,0.000002,0.000006,0.000000,0.000000,0.000000,0.000000,0.000000,0.000000,-0.000252,-0.000063,-0.048933,-0.000213,-0.000002,-0.060432,0.000006,0.000000,0.000000,0.000000,0.000000,0.000000,0.000000,-0.000139,0.000456,0.000298,-0.116938,-0.000001,-0.000001,-0.125704
0.190000,-2.780835,0.000000,0.000000,-3.265904,0.000000,0.000000,0.000000,0.000000,0.000000,0.000000,0.000000,0.000000,0.000000,0.000000,-2.711121,0.000000,0.000000,-3.196738,0.000000,0.000000,0.000000,0.000000,0.000000,0.000000,0.000000,0.000000,0.000000,0.000000,-0.952191,0.000000,0.000000,-1.369299,0.000000,0.000000,0.000000,0.000000,0.000000,0.000000,0.000000,0.000000,0.000000,0.000000,0.000000,0.000000,0.000000,0.000242,-0.068137,0.000064,-0.000308,-0.066624,0.000002,0.000006,0.000000,0.000000,0.000000,0.000000,0.000000,0.000000,-0.000251,-0.000063,-0.048919,-0.000212,-0.000002,-0.060432,0.000006,0.000000,0.000000,0.000000,0.000000,0.000000,0.000000,-0.000138,0.000454,0.000296,-0.116917,-0.000001,-0.000001,-0.125704
0.200000,-2.780825,0.000000,0.000000,-3.265903,0.000000,0.000000,-0.000000,0.000000,-0.000000,0.000000,0.000000,-0.000000,-0.000000,0.000000,-2.711111,0.000000,0.000000,-3.196737,0.000000,0.000000,0.000000,0.000000,0.000000,0.000000,0.000000,0.000000,0.000000,0.000000,-0.952187,0.000000,0.000000,-1.369297,0.000000,0.000000,0.000000,0.000000,0.000000,0.000000,0.000000,0.000000,0.000000,0.000000,0.000000,0.000000,0.000000,0.000240,-0.068128,0.000064,-0.000307,-0.066624,0.000002,0.000006,0.000000,0.000000,0.000000,0.000000,0.000000,0.000000,-0.000250,-0.000062,-0.048905,-0.000211,-0.000002,-0.060432,0.000006,-0.000000,-0.000000,-0.000000,-0.000000,-0.000000,-0.000000,-0.000138,0.000453,0.000294,-0.116895,-0.000001,-0.000001,-0.125703
0.210000,-2.780815,0.000000,0.000000,-3.265901,0.000000,0.000000,0.000000,0.000000,0.000000,0.000000,0.000000,0.000000,0.000000,0.000000,-2.711101,0.000000,0.000000,-3.196735,0.000000,0.000000,0.000000,0.000000,0.000000,0.000000,0.000000,0.000000,0.000000,0.000000,-0.952183,0.000000,0.000000,-1.369295,0.000000,0.000000,0.000000,0.000000,0.000000,0.000000,0.000000,0.000000,0.000000,0.000000,0.000000,0.000000,0.000000,0.000239,-0.068119,0.000063,-0.000305,-0.066624,0.000002,0.000006,0.000000,0.000000,0.000000,0.000000,0.000000,0.000000,-0.000249,-0.000062,-0.048891,-0.000210,-0.000002,-0.060431,0.000006,0.000000,0.000000,0.000000,0.000000,0.000000,0.000000,-0.000137,0.000451,0.000292,-0.116874,-0.000001,-0.000001,-0.125703
0.220000,-2.780805,0.000000,0.000000,-3.265900,0.000000,0.000000,0.000000,0.000000,0.000000,0.000000,0.000000,0.000000,0.000000,0.000000,-2.711091,0.000000,0.000000,-3.196733,0.000000,0.000000,0.000000,0.000000,0.000000,0.000000,0.000000,0.000000,0.000000,0.000000,-0.952179,0.000000,0.000000,-1.369292,0.000000,0.000000,0.000000,0.000000,0.000000,0.000000,0.000000,0.000000,0.000000,0.000000,0.000000,0.000000,0.000000,0.000237,-0.068110,0.000063,-0.000304,-0.066624,0.000002,0.000006,0.000000,0.000000,0.000000,0.000000,0.000000,0.000000,-0.000248,-0.000062,-0.048877,-0.000208,-0.000002,-0.060431,0.000006,0.000000,0.000000,0.000000,0.000000,0.000000,0.000000,-0.000136,0.000449,0.000291,-0.116852,-0.000001,-0.000001,-0.125703
0.230000,-2.780795,0.000000,0.000000,-3.265898,0.000000,0.000000,0.000000,0.000000,0.000000,0.000000,0.000000,0.000000,0.000000,0.000000,-2.711080,0.000000,0.000000,-3.196732,0.000000,0.000000,0.000000,0.000000,0.000000,0.000000,0.000000,0.000000,0.000000,0.000000,-0.952175,0.000000,0.000000,-1.369290,0.000000,0.000000,0.000000,0.000000,0.000000,0.000000,0.000000,0.000000,0.000000,0.000000,0.000000,0.000000,0.000000,0.000236,-0.068101,0.000063,-0.000303,-0.066624,0.000002,0.000006,0.000000,0.000000,0.000000,0.000000,0.000000,0.000000,-0.000247,-0.000061,-0.048863,-0.000207,-0.000002,-0.060431,0.000006,0.000000,0.000000,0.000000,0.000000,0.000000,0.000000,-0.000136,0.000447,0.000289,-0.116829,-0.000001,-0.000001,-0.125703
0.240000,-2.780784,0.000000,0.000000,-3.265897,0.000000,0.000000,0.000000,0.000000,0.000000,0.000000,0.000000,0.000000,0.000000,0.000000,-2.711070,0.000000,0.000000,-3.196730,0.000000,0.000000,0.000000,0.000000,0.000000,0.000000,0.000000,0.000000,0.000000,0.000000,-0.952170,0.000000,0.000000,-1.369287,0.000000,0.000000,0.000000,0.000000,0.000000,0.000000,0.000000,0.000000,0.000000,0.000000,0.000000,0.000000,0.000000,0.000234,-0.068092,0.000062,-0.000301,-0.066624,0.000002,0.000005,0.000000,0.000000,0.000000,0.000000,0.000000,0.000000,-0.000246,-0.000061,-0.048848,-0.000206,-0.000002,-0.060431,0.000006,0.000000,0.000000,0.000000,0.000000,0.000000,0.000000,-0.000135,0.000445,0.000287,-0.116807,-0.000001,-0.000001,-0.125702
0.250000,-2.780773,0.000000,0.000000,-3.265895,0.000000,0.000000,-0.000000,0.000000,-0.000000,0.000000,0.000000,-0.000000,-0.000000,0.000000,-2.711059,0.000000,0.000000,-3.196729,0.000000,0.000000,0.000000,0.000000,0.000000,0.000000,0.000000,0.000000,0.000000,0.000000,-0.952166,0.000000,0.000000,-1.369285,0.000000,0.000000,0.000000,0.000000,0.000000,0.000000,0.000000,0.000000,0.000000,0.000000,0.000000,0.000000,0.000000,0.000233,-0.068082,0.000062,-0.000300,-0.066624,0.000002,0.000005,0.000000,0.000000,0.000000,0.000000,0.000000,0.000000,-0.000245,-0.000061,-0.048834,-0.000204,-0.000002,-0.060431,0.000006,-0.000000,-0.000000,-0.000000,-0.000000,-0.000000,-0.000000,-0.000134,0.000443,0.000285,-0.116784,-0.000001,-0.000001,-0.125702
0.260000,-2.780762,0.000000,0.000000,-3.265893,0.000000,0.000000,0.000000,0.000000,0.000000,0.000000,0.000000,0.000000,0.000000,0.000000,-2.711048,0.000000,0.000000,-3.196727,0.000000,0.000000,0.000000,0.000000,0.000000,0.000000,0.000000,0.000000,0.000000,0.000000,-0.952162,0.000000,0.000000,-1.369282,0.000000,0.000000,0.000000,0.000000,0.000000,0.000000,0.000000,0.000000,0.000000,0.000000,0.000000,0.000000,0.000000,0.000231,-0.068073,0.000062,-0.000299,-0.066623,0.000002,0.000005,0.000000,0.000000,0.000000,0.000000,0.000000,0.000000,-0.000244,-0.000061,-0.048819,-0.000203,-0.000002,-0.060430,0.000006,0.000000,0.000000,0.000000,0.000000,0.000000,0.000000,-0.000134,0.000442,0.000283,-0.116761,-0.000001,-0.000001,-0.125702
0.270000,-2.780751,0.000000,0.000000,-3.265892,0.000000,0.000000,0.000000,0.000000,0.000000,0.000000,0.000000,0.000000,0.000000,0.000000,-2.711037,0.000000,0.000000,-3.196725,0.000000,0.000000,0.000000,0.000000,0.000000,0.000000,0.000000,0.000000,0.000000,0.000000,-0.952157,0.000000,0.000000,-1.369280,0.000000,0.000000,0.000000,0.000000,0.000000,0.000000,0.000000,0.000000,0.000000,0.000000,0.000000,0.000000,0.000000,0.000230,-0.068063,0.000061,-0.000298,-0.066623,0.000002,0.000005,0.000000,0.000000,0.000000,0.000000,0.000000,0.000000,-0.000243,-0.000060,-0.048805,-0.000202,-0.000002,-0.060430,0.000006,0.000000,0.000000,0.000000,0.000000,0.000000,0.000000,-0.000133,0.000440,0.000281,-0.116738,-0.000001,-0.000001,-0.125701
0.280000,-2.780739,0.000000,0.000000,-3.265890,0.000000,0.000000,0.000000,0.000000,0.000000,0.000000,0.000000,0.000000,0.000000,0.000000,-2.711026,0.000000,0.000000,-3.196723,0.000000,0.000000,0.000000,0.000000,0.000000,0.000000,0.000000,0.000000,0.000000,0.000000,-0.952152,0.000000,0.000000,-1.369277,0.000000,0.000000,0.000000,0.000000,0.000000,0.000000,0.000000,0.000000,0.000000,0.000000,0.000000,0.000000,0.000000,0.000229,-0.068054,0.000061,-0.000296,-0.066623,0.000002,0.000005,0.000000,0.000000,0.000000,0.000000,0.000000,0.000000,-0.000242,-0.000060,-0.048790,-0.000201,-0.000002,-0.060430,0.000005,0.000000,0.000000,0.000000,0.000000,0.000000,0.000000,-0.000132,0.000438,0.000280,-0.116715,-0.000001,-0.000001,-0.125701
0.290000,-2.780727,0.000000,0.000000,-3.265888,0.000000,0.000000,0.000000,0.000000,0.000000,0.000000,0.000000,0.000000,0.000000,0.000000,-2.711014,0.000000,0.000000,-3.196722,0.000000,0.000000,0.000000,0.000000,0.000000,0.000000,0.000000,0.000000,0.000000,0.000000,-0.952148,0.000000,0.000000,-1.369274,0.000000,0.000000,0.000000,0.000000,0.000000,0.000000,0.000000,0.000000,0.000000,0.000000,0.000000,0.000000,0.000000,0.000227,-0.068044,0.000061,-0.000295,-0.066623,0.000002,0.000005,0.000000,0.000000,0.000000,0.000000,0.000000,0.000000,-0.000241,-0.000060,-0.048775,-0.000199,-0.000002,-0.060430,0.000005,0.000000,0.000000,0.000000,0.000000,0.000000,0.000000,-0.000132,0.000436,0.000278,-0.116692,-0.000001,-0.000001,-0.125701
0.300000,-2.780715,0.000000,0.000000,-3.265886,0.000000,0.000000,-0.000000,0.000000,-0.000000,0.000000,0.000000,-0.000000,-0.000000,0.000000,-2.711002,0.000000,0.000000,-3.196720,0.000000,0.000000,0.000000,0.000000,0.000000,0.000000,0.000000,0.000000,0.000000,0.000000,-0.952143,0.000000,0.000000,-1.369271,0.000000,0.000000,0.000000,0.000000,0.000000,0.000000,0.000000,0.000000,0.000000,0.000000,0.000000,0.000000,0.000000,0.000226,-0.068034,0.000061,-0.000294,-0.066623,0.000002,0.000005,0.000000,0.000000,0.000000,0.000000,0.000000,0.000000,-0.000240,-0.000059,-0.048760,-0.000198,-0.000002,-0.060430,0.000005,-0.000000,-0.000000,-0.000000,-0.000000,-0.000000,-0.000000,-0.000131,0.000434,0.000276,-0.116668,-0.000001,-0.000001,-0.125701
0.310000,-2.780703,0.000000,0.000000,-3.265884,0.000000,0.000000,0.000000,0.000000,0.000000,0.000000,0.000000,0.000000,0.000000,0.000000,-2.710990,0.000000,0.000000,-3.196718,0.000000,0.000000,0.000000,0.000000,0.000000,0.000000,0.000000,0.000000,0.000000,0.000000,-0.952138,0.000000,0.000000,-1.369268,0.000000,0.000000,0.000000,0.000000,0.000000,0.000000,0.000000,0.000000,0.000000,0.000000,0.000000,0.000000,0.000000,0.000224,-0.068024,0.000060,-0.000292,-0.066623,0.000002,0.000005,0.000000,0.000000,0.000000,0.000000,0.000000,0.000000,-0.000239,-0.000059,-0.048745,-0.000197,-0.000002,-0.060430,0.000005,0.000000,0.000000,0.000000,0.000000,0.000000,0.000000,-0.000130,0.000432,0.000274,-0.116644,-0.000001,-0.000001,-0.125700
0.320000,-2.780691,0.000000,0.000000,-3.265883,0.000000,0.000000,0.000000,0.000000,0.000000,0.000000,0.000000,0.000000,0.000000,0.000000,-2.710977,0.000000,0.000000,-3.196716,0.000000,0.000000,0.000000,0.000000,0.000000,0.000000,0.000000,0.000000,0.000000,0.000000,-0.952132,0.000000,0.000000,-1.369265,0.000000,0.000000,0.000000,0.000000,0.000000,0.000000,0.000000,0.000000,0.000000,0.000000,0.000000,0.000000,0.000000,0.000223,-0.068014,0.000060,-0.000291,-0.066623,0.000002,0.000005,0.000000,0.000000,0.000000,0.000000,0.000000,0.000000,-0.000238,-0.000059,-0.048729,-0.000196,-0.000002,-0.060429,0.000005,0.000000,0.000000,0.000000,0.000000,0.000000,0.000000,-0.000130,0.000431,0.000272,-0.116620,-0.000001,-0.000001,-0.125700
0.330000,-2.780678,0.000000,0.000000,-3.265881,0.000000,0.000000,0.000000,0.000000,0.000000,0.000000,0.000000,0.000000,0.000000,0.000000,-2.710965,0.000000,0.000000,-3.196714,0.000000,0.000000,0.000000,0.000000,0.000000,0.000000,0.000000,0.000000,0.000000,0.000000,-0.952127,0.000000,0.000000,-1.369262,0.000000,0.000000,0.000000,0.000000,0.000000,0.000000,0.000000,0.000000,0.000000,0.000000,0.000000,0.000000,0.000000,0.000222,-0.068004,0.000060,-0.000290,-0.066623,0.000002,0.000005,0.000000,0.000000,0.000000,0.000000,0.000000,0.000000,-0.000237,-0.000059,-0.048714,-0.000195,-0.000002,-0.060429,0.000005,0.000000,0.000000,0.000000,0.000000,0.000000,0.000000,-0.000129,0.000429,0.000271,-0.116595,-0.000001,-0.000001,-0.125700
0.340000,-2.780665,0.000000,0.000000,-3.265879,0.000000,0.000000,0.000000,0.000000,0.000000,0.000000,0.000000,0.000000,0.000000,0.000000,-2.710952,0.000000,0.000000,-3.196712,0.000000,0.000000,0.000000,0.000000,0.000000,0.000000,0.000000,0.000000,0.000000,0.000000,-0.952122,0.000000,0.000000,-1.369259,0.000000,0.000000,0.000000,0.000000,0.000000,0.000000,0.000000,0.000000,0.000000,0.000000,0.000000,0.000000,0.000000,0.000220,-0.067994,0.000059,-0.000289,-0.066622,0.000001,0.000005,0.000000,0.000000,0.000000,0.000000,0.000000,0.000000,-0.000236,-0.000058,-0.048698,-0.000193,-0.000002,-0.060429,0.000005,0.000000,0.000000,0.000000,0.000000,0.000000,0.000000,-0.000129,0.000427,0.000269,-0.116571,-0.000001,-0.000001,-0.125699
0.350000,-2.780652,0.000000,0.000000,-3.265877,0.000000,0.000000,-0.000000,0.000000,-0.000000,0.000000,0.000000,-0.000000,-0.000000,0.000000,-2.710939,0.000000,0.000000,-3.196710,0.000000,0.000000,0.000000,0.000000,0.000000,0.000000,0.000000,0.000000,0.000000,0.000000,-0.952116,0.000000,0.000000,-1.369256,0.000000,0.000000,0.000000,0.000000,0.000000,0.000000,0.000000,0.000000,0.000000,0.000000,0.000000,0.000000,0.000000,0.000219,-0.067984,0.000059,-0.000288,-0.066622,0.000001,0.000005,0.000000,0.000000,0.000000,0.000000,0.000000,0.000000,-0.000235,-0.000058,-0.048683,-0.000192,-0.000002,-0.060429,0.000005,-0.000000,-0.000000,-0.000000,-0.000000,-0.000000,-0.000000,-0.000128,0.000425,0.000267,-0.116546,-0.000001,-0.000001,-0.125699
0.360000,-2.780638,0.000000,0.000000,-3.265875,0.000000,0.000000,0.000000,0.000000,0.000000,0.000000,0.000000,0.000000,0.000000,0.000000,-2.710925,0.000000,0.000000,-3.196708,0.000000,0.000000,0.000000,0.000000,0.000000,0.000000,0.000000,0.000000,0.000000,0.000000,-0.952111,0.000000,0.000000,-1.369253,0.000000,0.000000,0.000000,0.000000,0.000000,0.000000,0.000000,0.000000,0.000000,0.000000,0.000000,0.000000,0.000000,0.000218,-0.067973,0.000059,-0.000286,-0.066622,0.000001,0.000005,0.000000,0.000000,0.000000,0.000000,0.000000,0.000000,-0.000234,-0.000058,-0.048667,-0.000191,-0.000002,-0.060429,0.000005,0.000000,0.000000,0.000000,0.000000,0.000000,0.000000,-0.000127,0.000424,0.000265,-0.116520,-0.000001,-0.000001,-0.125699
0.370000,-2.780624,0.000000,0.000000,-3.265873,0.000000,0.000000,0.000000,0.000000,0.000000,0.000000,0.000000,0.000000,0.000000,0.000000,-2.710912,0.000000,0.000000,-3.196706,0.000000,0.000000,0.000000,0.000000,0.000000,0.000000,0.000000,0.000000,0.000000,0.000000,-0.952105,0.000000,0.000000,-1.369249,0.000000,0.000000,0.000000,0.000000,0.000000,0.000000,0.000000,0.000000,0.000000,0.000000,0.000000,0.000000,0.000000,0.000216,-0.067962,0.000058,-0.000285,-0.066622,0.000001,0.000005,0.000000,0.000000,0.000000,0.000000,0.000000,0.000000,-0.000233,-0.000058,-0.048651,-0.000190,-0.000002,-0.060428,0.000005,0.000000,0.000000,0.000000,0.000000,0.000000,0.000000,-0.000127,0.000422,0.000264,-0.116495,-0.000001,-0.000001,-0.125698
0.380000,-2.780610,0.000000,0.000000,-3.265870,0.000000,0.000000,0.000000,0.000000,0.000000,0.000000,0.000000,0.000000,0.000000,0.000000,-2.710898,0.000000,0.000000,-3.196704,0.000000,0.000000,0.000000,0.000000,0.000000,0.000000,0.000000,0.000000,0.000000,0.000000,-0.952099,0.000000,0.000000,-1.369246,0.000000,0.000000,0.000000,0.000000,0.000000,0.000000,0.000000,0.000000,0.000000,0.000000,0.000000,0.000000,0.000000,0.000215,-0.067952,0.000058,-0.000284,-0.066622,0.000001,0.000005,0.000000,0.000000,0.000000,0.000000,0.000000,0.000000,-0.000232,-0.000057,-0.048635,-0.000189,-0.000002,-0.060428,0.000005,0.000000,0.000000,0.000000,0.000000,0.000000,0.000000,-0.000126,0.000420,0.000262,-0.116469,-0.000001,-0.000001,-0.125698
0.390000,-2.780596,0.000000,0.000000,-3.265868,0.000000,0.000000,0.000000,0.000000,0.000000,0.000000,0.000000,0.000000,0.000000,0.000000,-2.710884,0.000000,0.000000,-3.196701,0.000000,0.000000,0.000000,0.000000,0.000000,0.000000,0.000000,0.000000,0.000000,0.000000,-0.952093,0.000000,0.000000,-1.369243,0.000000,0.000000,0.000000,0.000000,0.000000,0.000000,0.000000,0.000000,0.000000,0.000000,0.000000,0.000000,0.000000,0.000214,-0.067941,0.000058,-0.000283,-0.066622,0.000001,0.000005,0.000000,0.000000,0.000000,0.000000,0.000000,0.000000,-0.000231,-0.000057,-0.048619,-0.000187,-0.000002,-0.060428,0.000005,0.000000,0.000000,0.000000,0.000000,0.000000,0.000000,-0.000126,0.000418,0.000260,-0.116444,-0.000001,-0.000001,-0.125698
0.400000,-2.780581,0.000000,0.000000,-3.265866,0.000000,0.000000,-0.000000,0.000000,-0.000000,0.000000,0.000000,-0.000000,-0.000000,0.000000,-2.710869,0.000000,0.000000,-3.196699,0.000000,0.000000,0.000000,0.000000,0.000000,0.000000,0.000000,0.000000,0.000000,0.000000,-0.952087,0.000000,0.000000,-1.369239,0.000000,0.000000,0.000000,0.000000,0.000000,0.000000,0.000000,0.000000,0.000000,0.000000,0.000000,0.000000,0.000000,0.000212,-0.067930,0.000058,-0.000282,-0.066622,0.000001,0.000005,0.000000,0.000000,0.000000,0.000000,0.000000,0.000000,-0.000230,-0.000057,-0.048602,-0.000186,-0.000002,-0.060428,0.000005,-0.000000,-0.000000,-0.000000,-0.000000,-0.000000,-0.000000,-0.000125,0.000417,0.000258,-0.116417,-0.000001,-0.000001,-0.125697
0.410000,-2.780566,0.000000,0.000000,-3.265864,0.000000,0.000000,0.000000,0.000000,0.000000,0.000000,0.000000,0.000000,0.000000,0.000000,-2.710854,0.000000,0.000000,-3.196697,0.000000,0.000000,0.000000,0.000000,0.000000,0.000000,0.000000,0.000000,0.000000,0.000000,-0.952080,0.000000,0.000000,-1.369235,0.000000,0.000000,0.000000,0.000000,0.000000,0.000000,0.000000,0.000000,0.000000,0.000000,0.000000,0.000000,0.000000,0.000211,-0.067919,0.000057,-0.000280,-0.066622,0.000001,0.000005,0.000000,0.000000,0.000000,0.000000,0.000000,0.000000,-0.000229,-0.000056,-0.048586,-0.000185,-0.000002,-0.060428,0.000005,0.000000,0.000000,0.000000,0.000000,0.000000,0.000000,-0.000124,0.000415,0.000257,-0.116391,-0.000001,-0.000001,-0.125697
0.420000,-2.780551,0.000000,0.000000,-3.265862,0.000000,0.000000,0.000000,0.000000,0.000000,0.000000,0.000000,0.000000,0.000000,0.000000,-2.710839,0.000000,0.000000,-3.196694,0.000000,0.000000,0.000000,0.000000,0.000000,0.000000,0.000000,0.000000,0.000000,0.000000,-0.952074,0.000000,0.000000,-1.369232,0.000000,0.000000,0.000000,0.000000,0.000000,0.000000,0.000000,0.000000,0.000000,0.000000,0.000000,0.000000,0.000000,0.000210,-0.067908,0.000057,-0.000279,-0.066621,0.000001,0.000005,0.000000,0.000000,0.000000,0.000000,0.000000,0.000000,-0.000228,-0.000056,-0.048569,-0.000184,-0.000002,-0.060427,0.000005,0.000000,0.000000,0.000000,0.000000,0.000000,0.000000,-0.000124,0.000413,0.000255,-0.116364,-0.000001,-0.000001,-0.125697
0.430000,-2.780535,0.000000,0.000000,-3.265859,0.000000,0.000000,0.000000,0.000000,0.000000,0.000000,0.000000,0.000000,0.000000,0.000000,-2.710824,0.000000,0.000000,-3.196692,0.000000,0.000000,0.000000,0.000000,0.000000,0.000000,0.000000,0.000000,0.000000,0.000000,-0.952067,0.000000,0.000000,-1.369228,0.000000,0.000000,0.000000,0.000000,0.000000,0.000000,0.000000,0.000000,0.000000,0.000000,0.000000,0.000000,0.000000,0.000208,-0.067897,0.000057,-0.000278,-0.066621,0.000001,0.000005,0.000000,0.000000,0.000000,0.000000,0.000000,0.000000,-0.000227,-0.000056,-0.048553,-0.000183,-0.000002,-0.060427,0.000005,0.000000,0.000000,0.000000,0.000000,0.000000,0.000000,-0.000123,0.000412,0.000253,-0.116338,-0.000001,-0.000001,-0.125696
0.440000,-2.780519,0.000000,0.000000,-3.265857,0.000000,0.000000,0.000000,0.000000,0.000000,0.000000,0.000000,0.000000,0.000000,0.000000,-2.710808,0.000000,0.000000,-3.196690,0.000000,0.000000,0.000000,0.000000,0.000000,0.000000,0.000000,0.000000,0.000000,0.000000,-0.952060,0.000000,0.000000,-1.369224,0.000000,0.000000,0.000000,0.000000,0.000000,0.000000,0.000000,0.000000,0.000000,0.000000,0.000000,0.000000,0.000000,0.000207,-0.067885,0.000056,-0.000277,-0.066621,0.000001,0.000005,0.000000,0.000000,0.000000,0.000000,0.000000,0.000000,-0.000226,-0.000056,-0.048536,-0.000182,-0.000002,-0.060427,0.000005,0.000000,0.000000,0.000000,0.000000,0.000000,0.000000,-0.000123,0.000410,0.000252,-0.116310,-0.000001,-0.000001,-0.125696
0.450000,-2.780503,0.000000,0.000000,-3.265854,0.000000,0.000000,-0.000000,0.000000,-0.000000,0.000000,0.000000,-0.000000,-0.000000,0.000000,-2.710792,0.000000,0.000000,-3.196687,0.000000,0.000000,0.000000,0.000000,0.000000,0.000000,0.000000,0.000000,0.000000,0.000000,-0.952053,0.000000,0.000000,-1.369220,0.000000,0.000000,0.000000,0.000000,0.000000,0.000000,0.000000,0.000000,0.000000,0.000000,0.000000,0.000000,0.000000,0.000206,-0.067874,0.000056,-0.000276,-0.066621,0.000001,0.000005,0.000000,0.000000,0.000000,0.000000,0.000000,0.000000,-0.000225,-0.000055,-0.048519,-0.000181,-0.000002,-0.060427,0.000005,-0.000000,-0.000000,-0.000000,-0.000000,-0.000000,-0.000000,-0.000122,0.000408,0.000250,-0.116283,-0.000001,-0.000001,-0.125696
0.460000,-2.780487,0.000000,0.000000,-3.265852,0.000000,0.000000,0.000000,0.000000,0.000000,0.000000,0.000000,0.000000,0.000000,0.000000,-2.710776,0.000000,0.000000,-3.196685,0.000000,0.000000,0.000000,0.000000,0.000000,0.000000,0.000000,0.000000,0.000000,0.000000,-0.952046,0.000000,0.000000,-1.369216,0.000000,0.000000,0.000000,0.000000,0.000000,0.000000,0.000000,0.000000,0.000000,0.000000,0.000000,0.000000,0.000000,0.000204,-0.067862,0.000056,-0.000274,-0.066621,0.000001,0.000005,0.000000,0.000000,0.000000,0.000000,0.000000,0.000000,-0.000224,-0.000055,-0.048501,-0.000179,-0.000002,-0.060426,0.000005,0.000000,0.000000,0.000000,0.000000,0.000000,0.000000,-0.000121,0.000407,0.000248,-0.116255,-0.000001,-0.000001,-0.125695
0.470000,-2.780470,0.000000,0.000000,-3.265849,0.000000,0.000000,0.000000,0.000000,0.000000,0.000000,0.000000,0.000000,0.000000,0.000000,-2.710759,0.000000,0.000000,-3.196682,0.000000,0.000000,0.000000,0.000000,0.000000,0.000000,0.000000,0.000000,0.000000,0.000000,-0.952039,0.000000,0.000000,-1.369212,0.000000,0.000000,0.000000,0.000000,0.000000,0.000000,0.000000,0.000000,0.000000,0.000000,0.000000,0.000000,0.000000,0.000203,-0.067850,0.000056,-0.000273,-0.066621,0.000001,0.000005,0.000000,0.000000,0.000000,0.000000,0.000000,0.000000,-0.000223,-0.000055,-0.048484,-0.000178,-0.000002,-0.060426,0.000005,0.000000,0.000000,0.000000,0.000000,0.000000,0.000000,-0.000121,0.000405,0.000247,-0.116228,-0.000001,-0.000001,-0.125695
0.480000,-2.780453,0.000000,0.000000,-3.265847,0.000000,0.000000,0.000000,0.000000,0.000000,0.000000,0.000000,0.000000,0.000000,0.000000,-2.710742,0.000000,0.000000,-3.196679,0.000000,0.000000,0.000000,0.000000,0.000000,0.000000,0.000000,0.000000,0.000000,0.000000,-0.952031,0.000000,0.000000,-1.369207,0.000000,0.000000,0.000000,0.000000,0.000000,0.000000,0.000000,0.000000,0.000000,0.000000,0.000000,0.000000,0.000000,0.000202,-0.067839,0.000055,-0.000272,-0.066621,0.000001,0.000005,0.000000,0.000000,0.000000,0.000000,0.000000,0.000000,-0.000222,-0.000055,-0.048467,-0.000177,-0.000001,-0.060426,0.000005,0.000000,0.000000,0.000000,0.000000,0.000000,0.000000,-0.000120,0.000403,0.000245,-0.116199,-0.000001,-0.000001,-0.125694
0.490000,-2.780435,0.000000,0.000000,-3.265844,0.000000,0.000000,0.000000,0.000000,0.000000,0.000000,0.000000,0.000000,0.000000,0.000000,-2.710724,0.000000,0.000000,-3.196677,0.000000,0.000000,0.000000,0.000000,0.000000,0.000000,0.000000,0.000000,0.000000,0.000000,-0.952024,0.000000,0.000000,-1.369203,0.000000,0.000000,0.000000,0.000000,0.000000,0.000000,0.000000,0.000000,0.000000,0.000000,0.000000,0.000000,0.000000,0.000201,-0.067827,0.000055,-0.000271,-0.066620,0.000001,0.000005,0.000000,0.000000,0.000000,0.000000,0.000000,0.000000,-0.000221,-0.000054,-0.048449,-0.000176,-0.000001,-0.060426,0.000005,0.000000,0.000000,0.000000,0.000000,0.000000,0.000000,-0.000120,0.000402,0.000243,-0.116171,-0.000001,-0.000001,-0.125694
0.500000,-2.780417,0.000000,0.000000,-3.265841,0.000000,0.000000,-0.000000,0.000000,-0.000000,0.000000,0.000000,-0.000000,-0.000000,0.000000,-2.710707,0.000000,0.000000,-3.196674,0.000000,0.000000,0.000000,0.000000,0.000000,0.000000,0.000000,0.000000,0.000000,0.000000,-0.952016,0.000000,0.000000,-1.369198,0.000000,0.000000,0.000000,0.000000,0.000000,0.000000,0.000000,0.000000,0.000000,0.000000,0.000000,0.000000,0.000000,0.000199,-0.067814,0.000055,-0.000270,-0.066620,0.000001,0.000005,0.000000,0.000000,0.000000,0.000000,0.000000,0.000000,-0.000221,-0.000054,-0.048431,-0.000175,-0.000001,-0.060426,0.000005,-0.000000,-0.000000,-0.000000,-0.000000,-0.000000,-0.000000,-0.000119,0.000400,0.000242,-0.116142,-0.000001,-0.000001,-0.125694
0.510000,-2.780399,0.000000,0.000000,-3.265839,0.000000,0.000000,0.000000,0.000000,0.000000,0.000000,0.000000,0.000000,0.000000,0.000000,-2.710689,0.000000,0.000000,-3.196671,0.000000,0.000000,0.000000,0.000000,0.000000,0.000000,0.000000,0.000000,0.000000,0.000000,-0.952008,0.000000,0.000000,-1.369194,0.000000,0.000000,0.000000,0.000000,0.000000,0.000000,0.000000,0.000000,0.000000,0.000000,0.000000,0.000000,0.000000,0.000198,-0.067802,0.000055,-0.000269,-0.066620,0.000001,0.000005,0.000000,0.000000,0.000000,0.000000,0.000000,0.000000,-0.000220,-0.000054,-0.048413,-0.000174,-0.000001,-0.060425,0.000005,0.000000,0.000000,0.000000,0.000000,0.000000,0.000000,-0.000118,0.000398,0.000240,-0.116113,-0.000001,-0.000001,-0.125693
0.520000,-2.780380,0.000000,0.000000,-3.265836,0.000000,0.000000,0.000000,0.000000,0.000000,0.000000,0.000000,0.000000,0.000000,0.000000,-2.710670,0.000000,0.000000,-3.196668,0.000000,0.000000,0.000000,0.000000,0.000000,0.000000,0.000000,0.000000,0.000000,0.000000,-0.952000,0.000000,0.000000,-1.369189,0.000000,0.000000,0.000000,0.000000,0.000000,0.000000,0.000000,0.000000,0.000000,0.000000,0.000000,0.000000,0.000000,0.000197,-0.067790,0.000054,-0.000268,-0.066620,0.000001,0.000005,0.000000,0.000000,0.000000,0.000000,0.000000,0.000000,-0.000219,-0.000054,-0.048395,-0.000173,-0.000001,-0.060425,0.000005,0.000000,0.000000,0.000000,0.000000,0.000000,0.000000,-0.000118,0.000397,0.000238,-0.116084,-0.000001,-0.000001,-0.125693
0.530000,-2.780361,0.000000,0.000000,-3.265833,0.000000,0.000000,0.000000,0.000000,0.000000,0.000000,0.000000,0.000000,0.000000,0.000000,-2.710651,0.000000,0.000000,-3.196665,0.000000,0.000000,0.000000,0.000000,0.000000,0.000000,0.000000,0.000000,0.000000,0.000000,-0.951991,0.000000,0.000000,-1.369184,0.000000,0.000000,0.000000,0.000000,0.000000,0.000000,0.000000,0.000000,0.000000,0.000000,0.000000,0.000000,0.000000,0.000196,-0.067777,0.000054,-0.000266,-0.066620,0.000001,0.000005,0.000000,0.000000,0.000000,0.000000,0.000000,0.000000,-0.000218,-0.000053,-0.048377,-0.000172,-0.000001,-0.060425,0.000005,0.000000,0.000000,0.000000,0.000000,0.000000,0.000000,-0.000117,0.000395,0.000237,-0.116054,-0.000001,-0.000001,-0.125693
0.540000,-2.780342,0.000000,0.000000,-3.265830,0.000000,0.000000,0.000000,0.000000,0.000000,0.000000,0.000000,0.000000,0.000000,0.000000,-2.710632,0.000000,0.000000,-3.196662,0.000000,0.000000,0.000000,0.000000,0.000000,0.000000,0.000000,0.000000,0.000000,0.000000,-0.951983,0.000000,0.000000,-1.369179,0.000000,0.000000,0.000000,0.000000,0.000000,0.000000,0.000000,0.000000,0.000000,0.000000,0.000000,0.000000,0.000000,0.000194,-0.067765,0.000054,-0.000265,-0.066620,0.000001,0.000005,0.000000,0.000000,0.000000,0.000000,0.000000,0.000000,-0.000217,-0.000053,-0.048359,-0.000170,-0.000001,-0.060425,0.000005,0.000000,0.000000,0.000000,0.000000,0.000000,0.000000,-0.000117,0.000393,0.000235,-0.116025,-0.000001,-0.000001,-0.125692
0.550000,-2.780322,0.000000,0.000000,-3.265827,0.000000,0.000000,-0.000000,0.000000,-0.000000,0.000000,0.000000,-0.000000,-0.000000,0.000000,-2.710612,0.000000,0.000000,-3.196659,0.000000,0.000000,0.000000,0.000000,0.000000,0.000000,0.000000,0.000000,0.000000,0.000000,-0.951974,0.000000,0.000000,-1.369174,0.000000,0.000000,0.000000,0.000000,0.000000,0.000000,0.000000,0.000000,0.000000,0.000000,0.000000,0.000000,0.000000,0.000193,-0.067752,0.000053,-0.000264,-0.066619,0.000001,0.000005,0.000000,0.000000,0.000000,0.000000,0.000000,0.000000,-0.000216,-0.000053,-0.048340,-0.000169,-0.000001,-0.060424,0.000005,-0.000000,-0.000000,-0.000000,-0.000000,-0.000000,-0.000000,-0.000116,0.000392,0.000234,-0.115994,-0.000001,-0.000001,-0.125692
0.560000,-2.780302,0.000000,0.000000,-3.265824,0.000000,0.000000,0.000000,0.000000,0.000000,0.000000,0.000000,0.000000,0.000000,0.000000,-2.710592,0.000000,0.000000,-3.196656,0.000000,0.000000,0.000000,0.000000,0.000000,0.000000,0.000000,0.000000,0.000000,0.000000,-0.951965,0.000000,0.000000,-1.369169,0.000000,0.000000,0.000000,0.000000,0.000000,0.000000,0.000000,0.000000,0.000000,0.000000,0.000000,0.000000,0.000000,0.000192,-0.067739,0.000053,-0.000263,-0.066619,0.000001,0.000005,0.000000,0.000000,0.000000,0.000000,0.000000,0.000000,-0.000215,-0.000053,-0.048322,-0.000168,-0.000001,-0.060424,0.000005,0.000000,0.000000,0.000000,0.000000,0.000000,0.000000,-0.000116,0.000390,0.000232,-0.115964,-0.000001,-0.000001,-0.125691
0.570000,-2.780281,0.000000,0.000000,-3.265821,0.000000,0.000000,0.000000,0.000000,0.000000,0.000000,0.000000,0.000000,0.000000,0.000000,-2.710572,0.000000,0.000000,-3.196653,0.000000,0.000000,0.000000,0.000000,0.000000,0.000000,0.000000,0.000000,0.000000,0.000000,-0.951956,0.000000,0.000000,-1.369164,0.000000,0.000000,0.000000,0.000000,0.000000,0.000000,0.000000,0.000000,0.000000,0.000000,0.000000,0.000000,0.000000,0.000191,-0.067726,0.000053,-0.000262,-0.066619,0.000001,0.000005,0.000000,0.000000,0.000000,0.000000,0.000000,0.000000,-0.000214,-0.000052,-0.048303,-0.000167,-0.000001,-0.060424,0.000005,0.000000,0.000000,0.000000,0.000000,0.000000,0.000000,-0.000115,0.000389,0.000230,-0.115933,-0.000001,-0.000001,-0.125691
0.580000,-2.780260,0.000000,0.000000,-3.265818,0.000000,0.000000,0.000000,0.000000,0.000000,0.000000,0.000000,0.000000,0.000000,0.000000,-2.710551,0.000000,0.000000,-3.196650,0.000000,0.000000,0.000000,0.000000,0.000000,0.000000,0.000000,0.000000,0.000000,0.000000,-0.951946,0.000000,0.000000,-1.369158,0.000000,0.000000,0.000000,0.000000,0.000000,0.000000,0.000000,0.000000,0.000000,0.000000,0.000000,0.000000,0.000000,0.000189,-0.067713,0.000053,-0.000261,-0.066619,0.000001,0.000005,0.000000,0.000000,0.000000,0.000000,0.000000,0.000000,-0.000213,-0.000052,-0.048284,-0.000166,-0.000001,-0.060424,0.000005,0.000000,0.000000,0.000000,0.000000,0.000000,0.000000,-0.000114,0.000387,0.000229,-0.115902,-0.000001,-0.000001,-0.125691
0.590000,-2.780239,0.000000,0.000000,-3.265814,0.000000,0.000000,0.000000,0.000000,0.000000,0.000000,0.000000,0.000000,0.000000,0.000000,-2.710530,0.000000,0.000000,-3.196646,0.000000,0.000000,0.000000,0.000000,0.000000,0.000000,0.000000,0.000000,0.000000,0.000000,-0.951937,0.000000,0.000000,-1.369153,0.000000,0.000000,0.000000,0.000000,0.000000,0.000000,0.000000,0.000000,0.000000,0.000000,0.000000,0.000000,0.000000,0.000188,-0.067699,0.000052,-0.000260,-0.066619,0.000001,0.000005,0.000000,0.000000,0.000000,0.000000,0.000000,0.000000,-0.000212,-0.000052,-0.048265,-0.000165,-0.000001,-0.060423,0.000005,0.000000,0.000000,0.000000,0.000000,0.000000,0.000000,-0.000114,0.000385,0.000227,-0.115871,-0.000001,-0.000001,-0.125690
0.600000,-2.780217,0.000000,0.000000,-3.265811,0.000000,0.000000,-0.000000,0.000000,-0.000000,0.000000,0.000000,-0.000000,-0.000000,0.000000,-2.710508,0.000000,0.000000,-3.196643,0.000000,0.000000,0.000000,0.000000,0.000000,0.000000,0.000000,0.000000,0.000000,0.000000,-0.951927,0.000000,0.000000,-1.369147,0.000000,0.000000,0.000000,0.000000,0.000000,0.000000,0.000000,0.000000,0.000000,0.000000,0.000000,0.000000,0.000000,0.000187,-0.067686,0.000052,-0.000259,-0.066619,0.000001,0.000005,0.000000,0.000000,0.000000,0.000000,0.000000,0.000000,-0.000211,-0.000052,-0.048246,-0.000164,-0.000001,-0.060423,0.000005,-0.000000,-0.000000,-0.000000,-0.000000,-0.000000,-0.000000,-0.000113,0.000384,0.000226,-0.115840,-0.000001,-0.000001,-0.125690
0.610000,-2.780194,0.000000,0.000000,-3.265808,0.000000,0.000000,0.000000,0.000000,0.000000,0.000000,0.000000,0.000000,0.000000,0.000000,-2.710486,0.000000,0.000000,-3.196640,0.000000,0.000000,0.000000,0.000000,0.000000,0.000000,0.000000,0.000000,0.000000,0.000000,-0.951917,0.000000,0.000000,-1.369141,0.000000,0.000000,0.000000,0.000000,0.000000,0.000000,0.000000,0.000000,0.000000,0.000000,0.000000,0.000000,0.000000,0.000186,-0.067672,0.000052,-0.000258,-0.066618,0.000001,0.000005,0.000000,0.000000,0.000000,0.000000,0.000000,0.000000,-0.000211,-0.000051,-0.048226,-0.000163,-0.000001,-0.060423,0.000005,0.000000,0.000000,0.000000,0.000000,0.000000,0.000000,-0.000113,0.000382,0.000224,-0.115808,-0.000001,-0.000001,-0.125689
0.620000,-2.780172,0.000000,0.000000,-3.265804,0.000000,0.000000,0.000000,0.000000,0.000000,0.000000,0.000000,0.000000,0.000000,0.000000,-2.710464,0.000000,0.000000,-3.196636,0.000000,0.000000,0.000000,0.000000,0.000000,0.000000,0.000000,0.000000,0.000000,0.000000,-0.951906,0.000000,0.000000,-1.369136,0.000000,0.000000,0.000000,0.000000,0.000000,0.000000,0.000000,0.000000,0.000000,0.000000,0.000000,0.000000,0.000000,0.000185,-0.067659,0.000052,-0.000256,-0.066618,0.000001,0.000005,0.000000,0.000000,0.000000,0.000000,0.000000,0.000000,-0.000210,-0.000051,-0.048207,-0.000162,-0.000001,-0.060423,0.000005,0.000000,0.000000,0.000000,0.000000,0.000000,0.000000,-0.000112,0.000381,0.000223,-0.115776,-0.000001,-0.000001,-0.125689
0.630000,-2.780148,0.000000,0.000000,-3.265801,0.000000,0.000000,0.000000,0.000000,0.000000,0.000000,0.000000,0.000000,0.000000,0.000000,-2.710441,0.000000,0.000000,-3.196633,0.000000,0.000000,0.000000,0.000000,0.000000,0.000000,0.000000,0.000000,0.000000,0.000000,-0.951896,0.000000,0.000000,-1.369129,0.000000,0.000000,0.000000,0.000000,0.000000,0.000000,0.000000,0.000000,0.000000,0.000000,0.000000,0.000000,0.000000,0.000183,-0.067645,0.000051,-0.000255,-0.066618,0.000001,0.000005,0.000000,0.000000,0.000000,0.000000,0.000000,0.000000,-0.000209,-0.000051,-0.048187,-0.000161,-0.000001,-0.060423,0.000005,0.000000,0.000000,0.000000,0.000000,0.000000,0.000000,-0.000112,0.000379,0.000221,-0.115743,-0.000001,-0.000001,-0.125689
0.640000,-2.780125,0.000000,0.000000,-3.265797,0.000000,0.000000,0.000000,0.000000,0.000000,0.000000,0.000000,0.000000,0.000000,0.000000,-2.710417,0.000000,0.000000,-3.196629,0.000000,0.000000,0.000000,0.000000,0.000000,0.000000,0.000000,0.000000,0.000000,0.000000,-0.951885,0.000000,0.000000,-1.369123,0.000000,0.000000,0.000000,0.000000,0.000000,0.000000,0.000000,0.000000,0.000000,0.000000,0.000000,0.000000,0.000000,0.000182,-0.067631,0.000051,-0.000254,-0.066618,0.000001,0.000005,0.000000,0.000000,0.000000,0.000000,0.000000,0.000000,-0.000208,-0.000051,-0.048167,-0.000160,-0.000001,-0.060422,0.000005,0.000000,0.000000,0.000000,0.000000,0.000000,0.000000,-0.000111,0.000378,0.000219,-0.115710,-0.000001,-0.000001,-0.125688
0.650000,-2.780101,0.000000,0.000000,-3.265794,0.000000,0.000000,-0.000000,0.000000,-0.000000,0.000000,0.000000,-0.000000,-0.000000,0.000000,-2.710393,0.000000,0.000000,-3.196625,0.000000,0.000000,0.000000,0.000000,0.000000,0.000000,0.000000,0.000000,0.000000,0.000000,-0.951874,0.000000,0.000000,-1.369117,0.000000,0.000000,0.000000,0.000000,0.000000,0.000000,0.000000,0.000000,0.000000,0.000000,0.000000,0.000000,0.000000,0.000181,-0.067617,0.000051,-0.000253,-0.066618,0.000001,0.000005,0.000000,0.000000,0.000000,0.000000,0.000000,0.000000,-0.000207,-0.000050,-0.048147,-0.000159,-0.000001,-0.060422,0.000005,-0.000000,-0.000000,-0.000000,-0.000000,-0.000000,-0.000000,-0.000111,0.000376,0.000218,-0.115677,-0.000001,-0.000001,-0.125688
0.660000,-2.780076,0.000000,0.000000,-3.265790,0.000000,0.000000,0.000000,0.000000,0.000000,0.000000,0.000000,0.000000,0.000000,0.000000,-2.710369,0.000000,0.000000,-3.196621,0.000000,0.000000,0.000000,0.000000,0.000000,0.000000,0.000000,0.000000,0.000000,0.000000,-0.951863,0.000000,0.000000,-1.369110,0.000000,0.000000,0.000000,0.000000,0.000000,0.000000,0.000000,0.000000,0.000000,0.000000,0.000000,0.000000,0.000000,0.000180,-0.067602,0.000051,-0.000252,-0.066618,0.000001,0.000005,0.000000,0.000000,0.000000,0.000000,0.000000,0.000000,-0.000206,-0.000050,-0.048127,-0.000158,-0.000001,-0.060422,0.000005,0.000000,0.000000,0.000000,0.000000,0.000000,0.000000,-0.000110,0.000374,0.000216,-0.115644,-0.000001,-0.000001,-0.125687
0.670000,-2.780051,0.000000,0.000000,-3.265786,0.000000,0.000000,0.000000,0.000000,0.000000,0.000000,0.000000,0.000000,0.000000,0.000000,-2.710344,0.000000,0.000000,-3.196618,0.000000,0.000000,0.000000,0.000000,0.000000,0.000000,0.000000,0.000000,0.000000,0.000000,-0.951851,0.000000,0.000000,-1.369104,0.000000,0.000000,0.000000,0.000000,0.000000,0.000000,0.000000,0.000000,0.000000,0.000000,0.000000,0.000000,0.000000,0.000179,-0.067588,0.000050,-0.000251,-0.066617,0.000001,0.000004,0.000000,0.000000,0.000000,0.000000,0.000000,0.000000,-0.000205,-0.000050,-0.048107,-0.000157,-0.000001,-0.060422,0.000005,0.000000,0.000000,0.000000,0.000000,0.000000,0.000000,-0.000109,0.000373,0.000215,-0.115610,-0.000001,-0.000000,-0.125687
0.680000,-2.780025,0.000000,0.000000,-3.265782,0.000000,0.000000,0.000000,0.000000,0.000000,0.000000,0.000000,0.000000,0.000000,0.000000,-2.710318,0.000000,0.000000,-3.196614,0.000000,0.000000,0.000000,0.000000,0.000000,0.000000,0.000000,0.000000,0.000000,0.000000,-0.951839,0.000000,0.000000,-1.369097,0.000000,0.000000,0.000000,0.000000,0.000000,0.000000,0.000000,0.000000,0.000000,0.000000,0.000000,0.000000,0.000000,0.000177,-0.067573,0.000050,-0.000250,-0.066617,0.000001,0.000004,0.000000,0.000000,0.000000,0.000000,0.000000,0.000000,-0.000204,-0.000050,-0.048086,-0.000155,-0.000001,-0.060421,0.000005,0.000000,0.000000,0.000000,0.000000,0.000000,0.000000,-0.000109,0.000371,0.000213,-0.115576,-0.000001,-0.000000,-0.125686
0.690000,-2.779999,0.000000,0.000000,-3.265778,0.000000,0.000000,0.000000,0.000000,0.000000,0.000000,0.000000,0.000000,0.000000,0.000000,-2.710292,0.000000,0.000000,-3.196610,0.000000,0.000000,0.000000,0.000000,0.000000,0.000000,0.000000,0.000000,0.000000,0.000000,-0.951827,0.000000,0.000000,-1.369090,0.000000,0.000000,0.000000,0.000000,0.000000,0.000000,0.000000,0.000000,0.000000,0.000000,0.000000,0.000000,0.000000,0.000176,-0.067558,0.000050,-0.000249,-0.066617,0.000001,0.000004,0.000000,0.000000,0.000000,0.000000,0.000000,0.000000,-0.000204,-0.000049,-0.048065,-0.000154,-0.000001,-0.060421,0.000005,0.000000,0.000000,0.000000,0.000000,0.000000,0.000000,-0.000108,0.000370,0.000212,-0.115542,-0.000001,-0.000000,-0.125686
0.700000,-2.779972,0.000000,0.000000,-3.265774,0.000000,0.000000,-0.000000,0.000000,-0.000000,0.000000,0.000000,-0.000000,-0.000000,0.000000,-2.710266,0.000000,0.000000,-3.196606,0.000000,0.000000,0.000000,0.000000,0.000000,0.000000,0.000000,0.000000,0.000000,0.000000,-0.951815,0.000000,0.000000,-1.369083,0.000000,0.000000,0.000000,0.000000,0.000000,0.000000,0.000000,0.000000,0.000000,0.000000,0.000000,0.000000,0.000000,0.000175,-0.067543,0.000050,-0.000248,-0.066617,0.000001,0.000004,0.000000,0.000000,0.000000,0.000000,0.000000,0.000000,-0.000203,-0.000049,-0.048044,-0.000153,-0.000001,-0.060421,0.000005,-0.000000,-0.000000,-0.000000,-0.000000,-0.000000,-0.000000,-0.000108,0.000368,0.000210,-0.115507,-0.000001,-0.000000,-0.125686
0.710000,-2.779945,0.000000,0.000000,-3.265770,0.000000,0.000000,0.000000,0.000000,0.000000,0.000000,0.000000,0.000000,0.000000,0.000000,-2.710239,0.000000,0.000000,-3.196601,0.000000,0.000000,0.000000,0.000000,0.000000,0.000000,0.000000,0.000000,0.000000,0.000000,-0.951802,0.000000,0.000000,-1.369076,0.000000,0.000000,0.000000,0.000000,0.000000,0.000000,0.000000,0.000000,0.000000,0.000000,0.000000,0.000000,0.000000,0.000174,-0.067528,0.000049,-0.000247,-0.066617,0.000001,0.000004,0.000000,0.000000,0.000000,0.000000,0.000000,0.000000,-0.000202,-0.000049,-0.048023,-0.000152,-0.000001,-0.060420,0.000005,0.000000,0.000000,0.000000,0.000000,0.000000,0.000000,-0.000107,0.000367,0.000209,-0.115472,-0.000001,-0.000000,-0.125685
0.720000,-2.779917,0.000000,0.000000,-3.265766,0.000000,0.000000,0.000000,0.000000,0.000000,0.000000,0.000000,0.000000,0.000000,0.000000,-2.710211,0.000000,0.000000,-3.196597,0.000000,0.000000,0.000000,0.000000,0.000000,0.000000,0.000000,0.000000,0.000000,0.000000,-0.951789,0.000000,0.000000,-1.369068,0.000000,0.000000,0.000000,0.000000,0.000000,0.000000,0.000000,0.000000,0.000000,0.000000,0.000000,0.000000,0.000000,0.000173,-0.067513,0.000049,-0.000246,-0.066616,0.000001,0.000004,0.000000,0.000000,0.000000,0.000000,0.000000,0.000000,-0.000201,-0.000049,-0.048002,-0.000151,-0.000001,-0.060420,0.000004,0.000000,0.000000,0.000000,0.000000,0.000000,0.000000,-0.000107,0.000365,0.000207,-0.115437,-0.000001,-0.000000,-0.125685
0.730000,-2.779889,0.000000,0.000000,-3.265762,0.000000,0.000000,0.000000,0.000000,0.000000,0.000000,0.000000,0.000000,0.000000,0.000000,-2.710183,0.000000,0.000000,-3.196593,0.000000,0.000000,0.000000,0.000000,0.000000,0.000000,0.000000,0.000000,0.000000,0.000000,-0.951776,0.000000,0.000000,-1.369061,0.000000,0.000000,0.000000,0.000000,0.000000,0.000000,0.000000,0.000000,0.000000,0.000000,0.000000,0.000000,0.000000,0.000172,-0.067498,0.000049,-0.000245,-0.066616,0.000001,0.000004,0.000000,0.000000,0.000000,0.000000,0.000000,0.000000,-0.000200,-0.000048,-0.047981,-0.000150,-0.000001,-0.060420,0.000004,0.000000,0.000000,0.000000,0.000000,0.000000,0.000000,-0.000106,0.000364,0.000206,-0.115401,-0.000001,-0.000000,-0.125684
0.740000,-2.779860,0.000000,0.000000,-3.265757,0.000000,0.000000,0.000000,0.000000,0.000000,0.000000,0.000000,0.000000,0.000000,0.000000,-2.710155,0.000000,0.000000,-3.196588,0.000000,0.000000,0.000000,0.000000,0.000000,0.000000,0.000000,0.000000,0.000000,0.000000,-0.951762,0.000000,0.000000,-1.369053,0.000000,0.000000,0.000000,0.000000,0.000000,0.000000,0.000000,0.000000,0.000000,0.000000,0.000000,0.000000,0.000000,0.000171,-0.067482,0.000049,-0.000244,-0.066616,0.000001,0.000004,0.000000,0.000000,0.000000,0.000000,0.000000,0.000000,-0.000199,-0.000048,-0.047959,-0.000149,-0.000001,-0.060420,0.000004,0.000000,0.000000,0.000000,0.000000,0.000000,0.000000,-0.000106,0.000362,0.000205,-0.115365,-0.000001,-0.000000,-0.125684
0.750000,-2.779830,0.000000,0.000000,-3.265753,0.000000,0.000000,-0.000000,0.000000,-0.000000,0.000000,0.000000,-0.000000,-0.000000,0.000000,-2.710125,0.000000,0.000000,-3.196584,0.000000,0.000000,0.000000,0.000000,0.000000,0.000000,0.000000,0.000000,0.000000,0.000000,-0.951748,0.000000,0.000000,-1.369045,0.000000,0.000000,0.000000,0.000000,0.000000,0.000000,0.000000,0.000000,0.000000,0.000000,0.000000,0.000000,0.000000,0.000169,-0.067466,0.000048,-0.000243,-0.066616,0.000001,0.000004,0.000000,0.000000,0.000000,0.000000,0.000000,0.000000,-0.000198,-0.000048,-0.047937,-0.000148,-0.000001,-0.060419,0.000004,-0.000000,-0.000000,-0.000000,-0.000000,-0.000000,-0.000000,-0.000105,0.000361,0.000203,-0.115328,-0.000001,-0.000000,-0.125683
0.760000,-2.779800,0.000000,0.000000,-3.265748,0.000000,0.000000,0.000000,0.000000,0.000000,0.000000,0.000000,0.000000,0.000000,0.000000,-2.710096,0.000000,0.000000,-3.196579,0.000000,0.000000,0.000000,0.000000,0.000000,0.000000,0.000000,0.000000,0.000000,0.000000,-0.951734,0.000000,0.000000,-1.369037,0.000000,0.000000,0.000000,0.000000,0.000000,0.000000,0.000000,0.000000,0.000000,0.000000,0.000000,0.000000,0.000000,0.000168,-0.067451,0.000048,-0.000242,-0.066616,0.000001,0.000004,0.000000,0.000000,0.000000,0.000000,0.000000,0.000000,-0.000198,-0.000048,-0.047915,-0.000147,-0.000001,-0.060419,0.000004,0.000000,0.000000,0.000000,0.000000,0.000000,0.000000,-0.000105,0.000359,0.000202,-0.115292,-0.000001,-0.000000,-0.125683
0.770000,-2.779769,0.000000,0.000000,-3.265744,0.000000,0.000000,0.000000,0.000000,0.000000,0.000000,0.000000,0.000000,0.000000,0.000000,-2.710065,0.000000,0.000000,-3.196574,0.000000,0.000000,0.000000,0.000000,0.000000,0.000000,0.000000,0.000000,0.000000,0.000000,-0.951719,0.000000,0.000000,-1.369029,0.000000,0.000000,0.000000,0.000000,0.000000,0.000000,0.000000,0.000000,0.000000,0.000000,0.000000,0.000000,0.000000,0.000167,-0.067434,0.000048,-0.000241,-0.066615,0.000001,0.000004,0.000000,0.000000,0.000000,0.000000,0.000000,0.000000,-0.000197,-0.000047,-0.047893,-0.000146,-0.000001,-0.060419,0.000004,0.000000,0.000000,0.000000,0.000000,0.000000,0.000000,-0.000104,0.000358,0.000200,-0.115255,-0.000001,-0.000000,-0.125682
0.780000,-2.779738,0.000000,0.000000,-3.265739,0.000000,0.000000,0.000000,0.000000,0.000000,0.000000,0.000000,0.000000,0.000000,0.000000,-2.710034,0.000000,0.000000,-3.196570,0.000000,0.000000,0.000000,0.000000,0.000000,0.000000,0.000000,0.000000,0.000000,0.000000,-0.951704,0.000000,0.000000,-1.369020,0.000000,0.000000,0.000000,0.000000,0.000000,0.000000,0.000000,0.000000,0.000000,0.000000,0.000000,0.000000,0.000000,0.000166,-0.067418,0.000048,-0.000240,-0.066615,0.000001,0.000004,0.000000,0.000000,0.000000,0.000000,0.000000,0.000000,-0.000196,-0.000047,-0.047871,-0.000145,-0.000001,-0.060419,0.000004,0.000000,0.000000,0.000000,0.000000,0.000000,0.000000,-0.000104,0.000356,0.000199,-0.115217,-0.000001,-0.000000,-0.125682
0.790000,-2.779706,0.000000,0.000000,-3.265734,0.000000,0.000000,0.000000,0.000000,0.000000,0.000000,0.000000,0.000000,0.000000,0.000000,-2.710002,0.000000,0.000000,-3.196565,0.000000,0.000000,0.000000,0.000000,0.000000,0.000000,0.000000,0.000000,0.000000,0.000000,-0.951689,0.000000,0.000000,-1.369011,0.000000,0.000000,0.000000,0.000000,0.000000,0.000000,0.000000,0.000000,0.000000,0.000000,0.000000,0.000000,0.000000,0.000165,-0.067402,0.000047,-0.000239,-0.066615,0.000001,0.000004,0.000000,0.000000,0.000000,0.000000,0.000000,0.000000,-0.000195,-0.000047,-0.047849,-0.000144,-0.000001,-0.060418,0.000004,0.000000,0.000000,0.000000,0.000000,0.000000,0.000000,-0.000103,0.000355,0.000197,-0.115180,-0.000001,-0.000000,-0.125681
0.800000,-2.779673,0.000000,0.000000,-3.265729,0.000000,0.000000,-0.000000,0.000000,-0.000000,0.000000,0.000000,-0.000000,-0.000000,0.000000,-2.709970,0.000000,0.000000,-3.196560,0.000000,0.000000,0.000000,0.000000,0.000000,0.000000,0.000000,0.000000,0.000000,0.000000,-0.951673,0.000000,0.000000,-1.369002,0.000000,0.000000,0.000000,0.000000,0.000000,0.000000,0.000000,0.000000,0.000000,0.000000,0.000000,0.000000,0.000000,0.000164,-0.067385,0.000047,-0.000238,-0.066615,0.000001,0.000004,0.000000,0.000000,0.000000,0.000000,0.000000,0.000000,-0.000194,-0.000047,-0.047826,-0.000143,-0.000001,-0.060418,0.000004,-0.000000,-0.000000,-0.000000,-0.000000,-0.000000,-0.000000,-0.000103,0.000354,0.000196,-0.115141,-0.000001,-0.000000,-0.125681
0.810000,-2.779640,0.000000,0.000000,-3.265724,0.000000,0.000000,0.000000,0.000000,0.000000,0.000000,0.000000,0.000000,0.000000,0.000000,-2.709937,0.000000,0.000000,-3.196554,0.000000,0.000000,0.000000,0.000000,0.000000,0.000000,0.000000,0.000000,0.000000,0.000000,-0.951657,0.000000,0.000000,-1.368993,0.000000,0.000000,0.000000,0.000000,0.000000,0.000000,0.000000,0.000000,0.000000,0.000000,0.000000,0.000000,0.000000,0.000163,-0.067369,0.000047,-0.000237,-0.066615,0.000001,0.000004,0.000000,0.000000,0.000000,0.000000,0.000000,0.000000,-0.000193,-0.000047,-0.047803,-0.000142,-0.000001,-0.060418,0.000004,0.000000,0.000000,0.000000,0.000000,0.000000,0.000000,-0.000102,0.000352,0.000195,-0.115103,-0.000001,-0.000000,-0.125680
0.820000,-2.779606,0.000000,0.000000,-3.265719,0.000000,0.000000,0.000000,0.000000,0.000000,0.000000,0.000000,0.000000,0.000000,0.000000,-2.709903,0.000000,0.000000,-3.196549,0.000000,0.000000,0.000000,0.000000,0.000000,0.000000,0.000000,0.000000,0.000000,0.000000,-0.951641,0.000000,0.000000,-1.368984,0.000000,0.000000,0.000000,0.000000,0.000000,0.000000,0.000000,0.000000,0.000000,0.000000,0.000000,0.000000,0.000000,0.000162,-0.067352,0.000047,-0.000236,-0.066614,0.000001,0.000004,0.000000,0.000000,0.000000,0.000000,0.000000,0.000000,-0.000193,-0.000046,-0.047780,-0.000141,-0.000001,-0.060417,0.000004,0.000000,0.000000,0.000000,0.000000,0.000000,0.000000,-0.000102,0.000351,0.000193,-0.115064,-0.000001,-0.000000,-0.125680
0.830000,-2.779571,0.000000,0.000000,-3.265714,0.000000,0.000000,0.000000,0.000000,0.000000,0.000000,0.000000,0.000000,0.000000,0.000000,-2.709869,0.000000,0.000000,-3.196544,0.000000,0.000000,0.000000,0.000000,0.000000,0.000000,0.000000,0.000000,0.000000,0.000000,-0.951624,0.000000,0.000000,-1.368974,0.000000,0.000000,0.000000,0.000000,0.000000,0.000000,0.000000,0.000000,0.000000,0.000000,0.000000,0.000000,0.000000,0.000161,-0.067335,0.000046,-0.000235,-0.066614,0.000001,0.000004,0.000000,0.000000,0.000000,0.000000,0.000000,0.000000,-0.000192,-0.000046,-0.047757,-0.000140,-0.000001,-0.060417,0.000004,0.000000,0.000000,0.000000,0.000000,0.000000,0.000000,-0.000101,0.000349,0.000192,-0.115025,-0.000001,-0.000000,-0.125679
0.840000,-2.779536,0.000000,0.000000,-3.265709,0.000000,0.000000,0.000000,0.000000,0.000000,0.000000,0.000000,0.000000,0.000000,0.000000,-2.709834,0.000000,0.000000,-3.196539,0.000000,0.000000,0.000000,0.000000,0.000000,0.000000,0.000000,0.000000,0.000000,0.000000,-0.951607,0.000000,0.000000,-1.368965,0.000000,0.000000,0.000000,0.000000,0.000000,0.000000,0.000000,0.000000,0.000000,0.000000,0.000000,0.000000,0.000000,0.000159,-0.067317,0.000046,-0.000234,-0.066614,0.000001,0.000004,0.000000,0.000000,0.000000,0.000000,0.000000,0.000000,-0.000191,-0.000046,-0.047734,-0.000139,-0.000001,-0.060417,0.000004,0.000000,0.000000,0.000000,0.000000,0.000000,0.000000,-0.000101,0.000348,0.000190,-0.114985,-0.000001,-0.000000,-0.125679
0.850000,-2.779499,0.000000,0.000000,-3.265703,0.000000,0.000000,-0.000000,0.000000,-0.000000,0.000000,0.000000,-0.000000,-0.000000,0.000000,-2.709798,0.000000,0.000000,-3.196533,0.000000,0.000000,0.000000,0.000000,0.000000,0.000000,0.000000,0.000000,0.000000,0.000000,-0.951589,0.000000,0.000000,-1.368955,0.000000,0.000000,0.000000,0.000000,0.000000,0.000000,0.000000,0.000000,0.000000,0.000000,0.000000,0.000000,0.000000,0.000158,-0.067300,0.000046,-0.000233,-0.066614,0.000001,0.000004,0.000000,0.000000,0.000000,0.000000,0.000000,0.000000,-0.000190,-0.000046,-0.047710,-0.000138,-0.000001,-0.060417,0.000004,-0.000000,-0.000000,-0.000000,-0.000000,-0.000000,-0.000000,-0.000100,0.000346,0.000189,-0.114945,-0.000001,-0.000000,-0.125678
0.860000,-2.779463,0.000000,0.000000,-3.265698,0.000000,0.000000,0.000000,0.000000,0.000000,0.000000,0.000000,0.000000,0.000000,0.000000,-2.709762,0.000000,0.000000,-3.196527,0.000000,0.000000,0.000000,0.000000,0.000000,0.000000,0.000000,0.000000,0.000000,0.000000,-0.951572,0.000000,0.000000,-1.368945,0.000000,0.000000,0.000000,0.000000,0.000000,0.000000,0.000000,0.000000,0.000000,0.000000,0.000000,0.000000,0.000000,0.000157,-0.067282,0.000046,-0.000232,-0.066614,0.000001,0.000004,0.000000,0.000000,0.000000,0.000000,0.000000,0.000000,-0.000189,-0.000045,-0.047686,-0.000138,-0.000001,-0.060416,0.000004,0.000000,0.000000,0.000000,0.000000,0.000000,0.000000,-0.000100,0.000345,0.000188,-0.114905,-0.000001,-0.000000,-0.125678
0.870000,-2.779425,0.000000,0.000000,-3.265692,0.000000,0.000000,0.000000,0.000000,0.000000,0.000000,0.000000,0.000000,0.000000,0.000000,-2.709724,0.000000,0.000000,-3.196522,0.000000,0.000000,0.000000,0.000000,0.000000,0.000000,0.000000,0.000000,0.000000,0.000000,-0.951553,0.000000,0.000000,-1.368934,0.000000,0.000000,0.000000,0.000000,0.000000,0.000000,0.000000,0.000000,0.000000,0.000000,0.000000,0.000000,0.000000,0.000156,-0.067264,0.000045,-0.000231,-0.066613,0.000001,0.000004,0.000000,0.000000,0.000000,0.000000,0.000000,0.000000,-0.000189,-0.000045,-0.047662,-0.000137,-0.000001,-0.060416,0.000004,0.000000,0.000000,0.000000,0.000000,0.000000,0.000000,-0.000099,0.000344,0.000186,-0.114864,-0.000001,-0.000000,-0.125677
0.880000,-2.779387,0.000000,0.000000,-3.265686,0.000000,0.000000,0.000000,0.000000,0.000000,0.000000,0.000000,0.000000,0.000000,0.000000,-2.709687,0.000000,0.000000,-3.196516,0.000000,0.000000,0.000000,0.000000,0.000000,0.000000,0.000000,0.000000,0.000000,0.000000,-0.951534,0.000000,0.000000,-1.368923,0.000000,0.000000,0.000000,0.000000,0.000000,0.000000,0.000000,0.000000,0.000000,0.000000,0.000000,0.000000,0.000000,0.000155,-0.067246,0.000045,-0.000230,-0.066613,0.000001,0.000004,0.000000,0.000000,0.000000,0.000000,0.000000,0.000000,-0.000188,-0.000045,-0.047638,-0.000136,-0.000001,-0.060416,0.000004,0.000000,0.000000,0.000000,0.000000,0.000000,0.000000,-0.000099,0.000342,0.000185,-0.114823,-0.000001,-0.000000,-0.125677
0.890000,-2.779348,0.000000,0.000000,-3.265680,0.000000,0.000000,0.000000,0.000000,0.000000,0.000000,0.000000,0.000000,0.000000,0.000000,-2.709648,0.000000,0.000000,-3.196510,0.000000,0.000000,0.000000,0.000000,0.000000,0.000000,0.000000,0.000000,0.000000,0.000000,-0.951515,0.000000,0.000000,-1.368913,0.000000,0.000000,0.000000,0.000000,0.000000,0.000000,0.000000,0.000000,0.000000,0.000000,0.000000,0.000000,0.000000,0.000154,-0.067228,0.000045,-0.000229,-0.066613,0.000001,0.000004,0.000000,0.000000,0.000000,0.000000,0.000000,0.000000,-0.000187,-0.000045,-0.047614,-0.000135,-0.000001,-0.060415,0.000004,0.000000,0.000000,0.000000,0.000000,0.000000,0.000000,-0.000098,0.000341,0.000184,-0.114782,-0.000001,-0.000000,-0.125676
0.900000,-2.779308,0.000000,0.000000,-3.265674,0.000000,0.000000,-0.000000,0.000000,-0.000000,0.000000,0.000000,-0.000000,-0.000000,0.000000,-2.709608,0.000000,0.000000,-3.196504,0.000000,0.000000,0.000000,0.000000,0.000000,0.000000,0.000000,0.000000,0.000000,0.000000,-0.951496,0.000000,0.000000,-1.368901,0.000000,0.000000,0.000000,0.000000,0.000000,0.000000,0.000000,0.000000,0.000000,0.000000,0.000000,0.000000,0.000000,0.000153,-0.067210,0.000045,-0.000228,-0.066613,0.000001,0.000004,0.000000,0.000000,0.000000,0.000000,0.000000,0.000000,-0.000186,-0.000045,-0.047589,-0.000134,-0.000001,-0.060415,0.000004,-0.000000,-0.000000,-0.000000,-0.000000,-0.000000,-0.000000,-0.000098,0.000339,0.000182,-0.114740,-0.000001,-0.000000,-0.125676
0.910000,-2.779267,0.000000,0.000000,-3.265668,0.000000,0.000000,0.000000,0.000000,0.000000,0.000000,0.000000,0.000000,0.000000,0.000000,-2.709568,0.000000,0.000000,-3.196497,0.000000,0.000000,0.000000,0.000000,0.000000,0.000000,0.000000,0.000000,0.000000,0.000000,-0.951475,0.000000,0.000000,-1.368890,0.000000,0.000000,0.000000,0.000000,0.000000,0.000000,0.000000,0.000000,0.000000,0.000000,0.000000,0.000000,0.000000,0.000152,-0.067191,0.000044,-0.000227,-0.066612,0.000001,0.000004,0.000000,0.000000,0.000000,0.000000,0.000000,0.000000,-0.000185,-0.000044,-0.047564,-0.000133,-0.000001,-0.060415,0.000004,0.000000,0.000000,0.000000,0.000000,0.000000,0.000000,-0.000097,0.000338,0.000181,-0.114698,-0.000001,-0.000000,-0.125675
0.920000,-2.779225,0.000000,0.000000,-3.265662,0.000000,0.000000,0.000000,0.000000,0.000000,0.000000,0.000000,0.000000,0.000000,0.000000,-2.709527,0.000000,0.000000,-3.196491,0.000000,0.000000,0.000000,0.000000,0.000000,0.000000,0.000000,0.000000,0.000000,0.000000,-0.951455,0.000000,0.000000,-1.368878,0.000000,0.000000,0.000000,0.000000,0.000000,0.000000,0.000000,0.000000,0.000000,0.000000,0.000000,0.000000,0.000000,0.000151,-0.067172,0.000044,-0.000226,-0.066612,0.000001,0.000004,0.000000,0.000000,0.000000,0.000000,0.000000,0.000000,-0.000185,-0.000044,-0.047539,-0.000132,-0.000001,-0.060414,0.000004,0.000000,0.000000,0.000000,0.000000,0.000000,0.000000,-0.000097,0.000337,0.000179,-0.114655,-0.000001,-0.000000,-0.125675
0.930000,-2.779183,0.000000,0.000000,-3.265655,0.000000,0.000000,0.000000,0.000000,0.000000,0.000000,0.000000,0.000000,0.000000,0.000000,-2.709485,0.000000,0.000000,-3.196484,0.000000,0.000000,0.000000,0.000000,0.000000,0.000000,0.000000,0.000000,0.000000,0.000000,-0.951434,0.000000,0.000000,-1.368866,0.000000,0.000000,0.000000,0.000000,0.000000,0.000000,0.000000,0.000000,0.000000,0.000000,0.000000,0.000000,0.000000,0.000150,-0.067153,0.000044,-0.000225,-0.066612,0.000001,0.000004,0.000000,0.000000,0.000000,0.000000,0.000000,0.000000,-0.000184,-0.000044,-0.047514,-0.000131,-0.000001,-0.060414,0.000004,0.000000,0.000000,0.000000,0.000000,0.000000,0.000000,-0.000096,0.000335,0.000178,-0.114612,-0.000001,-0.000000,-0.125674
0.940000,-2.779140,0.000000,0.000000,-3.265649,0.000000,0.000000,0.000000,0.000000,0.000000,0.000000,0.000000,0.000000,0.000000,0.000000,-2.709442,0.000000,0.000000,-3.196478,0.000000,0.000000,0.000000,0.000000,0.000000,0.000000,0.000000,0.000000,0.000000,0.000000,-0.951412,0.000000,0.000000,-1.368854,0.000000,0.000000,0.000000,0.000000,0.000000,0.000000,0.000000,0.000000,0.000000,0.000000,0.000000,0.000000,0.000000,0.000149,-0.067134,0.000044,-0.000224,-0.066612,0.000001,0.000004,0.000000,0.000000,0.000000,0.000000,0.000000,0.000000,-0.000183,-0.000044,-0.047489,-0.000130,-0.000001,-0.060414,0.000004,0.000000,0.000000,0.000000,0.000000,0.000000,0.000000,-0.000096,0.000334,0.000177,-0.114569,-0.000001,-0.000000,-0.125673
0.950000,-2.779096,0.000000,0.000000,-3.265642,0.000000,0.000000,-0.000000,0.000000,-0.000000,0.000000,0.000000,-0.000000,-0.000000,0.000000,-2.709398,0.000000,0.000000,-3.196471,0.000000,0.000000,0.000000,0.000000,0.000000,0.000000,0.000000,0.000000,0.000000,0.000000,-0.951390,0.000000,0.000000,-1.368842,0.000000,0.000000,0.000000,0.000000,0.000000,0.000000,0.000000,0.000000,0.000000,0.000000,0.000000,0.000000,0.000000,0.000148,-0.067115,0.000044,-0.000223,-0.066611,0.000001,0.000004,0.000000,0.000000,0.000000,0.000000,0.000000,0.000000,-0.000182,-0.000043,-0.047463,-0.000129,-0.000001,-0.060413,0.000004,-0.000000,-0.000000,-0.000000,-0.000000,-0.000000,-0.000000,-0.000095,0.000332,0.000176,-0.114525,-0.000001,-0.000000,-0.125673
0.960000,-2.779051,0.000000,0.000000,-3.265636,0.000000,0.000000,0.000000,0.000000,0.000000,0.000000,0.000000,0.000000,0.000000,0.000000,-2.709354,0.000000,0.000000,-3.196464,0.000000,0.000000,0.000000,0.000000,0.000000,0.000000,0.000000,0.000000,0.000000,0.000000,-0.951368,0.000000,0.000000,-1.368829,0.000000,0.000000,0.000000,0.000000,0.000000,0.000000,0.000000,0.000000,0.000000,0.000000,0.000000,0.000000,0.000000,0.000147,-0.067095,0.000043,-0.000222,-0.066611,0.000001,0.000004,0.000000,0.000000,0.000000,0.000000,0.000000,0.000000,-0.000182,-0.000043,-0.047438,-0.000128,-0.000001,-0.060413,0.000004,0.000000,0.000000,0.000000,0.000000,0.000000,0.000000,-0.000095,0.000331,0.000174,-0.114480,-0.000001,-0.000000,-0.125672
0.970000,-2.779005,0.000000,0.000000,-3.265629,0.000000,0.000000,0.000000,0.000000,0.000000,0.000000,0.000000,0.000000,0.000000,0.000000,-2.709308,0.000000,0.000000,-3.196457,0.000000,0.000000,0.000000,0.000000,0.000000,0.000000,0.000000,0.000000,0.000000,0.000000,-0.951345,0.000000,0.000000,-1.368816,0.000000,0.000000,0.000000,0.000000,0.000000,0.000000,0.000000,0.000000,0.000000,0.000000,0.000000,0.000000,0.000000,0.000146,-0.067076,0.000043,-0.000221,-0.066611,0.000001,0.000004,0.000000,0.000000,0.000000,0.000000,0.000000,0.000000,-0.000181,-0.000043,-0.047412,-0.000127,-0.000001,-0.060413,0.000004,0.000000,0.000000,0.000000,0.000000,0.000000,0.000000,-0.000094,0.000330,0.000173,-0.114436,-0.000001,-0.000000,-0.125672
0.980000,-2.778958,0.000000,0.000000,-3.265622,0.000000,0.000000,0.000000,0.000000,0.000000,0.000000,0.000000,0.000000,0.000000,0.000000,-2.709262,0.000000,0.000000,-3.196450,0.000000,0.000000,0.000000,0.000000,0.000000,0.000000,0.000000,0.000000,0.000000,0.000000,-0.951321,0.000000,0.000000,-1.368802,0.000000,0.000000,0.000000,0.000000,0.000000,0.000000,0.000000,0.000000,0.000000,0.000000,0.000000,0.000000,0.000000,0.000145,-0.067056,0.000043,-0.000220,-0.066611,0.000001,0.000004,0.000000,0.000000,0.000000,0.000000,0.000000,0.000000,-0.000180,-0.000043,-0.047385,-0.000126,-0.000001,-0.060412,0.000004,0.000000,0.000000,0.000000,0.000000,0.000000,0.000000,-0.000094,0.000328,0.000172,-0.114391,-0.000001,-0.000000,-0.125671
0.990000,-2.778910,0.000000,0.000000,-3.265614,0.000000,0.000000,0.000000,0.000000,0.000000,0.000000,0.000000,0.000000,0.000000,0.000000,-2.709215,0.000000,0.000000,-3.196442,0.000000,0.000000,0.000000,0.000000,0.000000,0.000000,0.000000,0.000000,0.000000,0.000000,-0.951297,0.000000,0.000000,-1.368789,0.000000,0.000000,0.000000,0.000000,0.000000,0.000000,0.000000,0.000000,0.000000,0.000000,0.000000,0.000000,0.000000,0.000144,-0.067035,0.000043,-0.000219,-0.066610,0.000001,0.000004,0.000000,0.000000,0.000000,0.000000,0.000000,0.000000,-0.000179,-0.000043,-0.047359,-0.000125,-0.000001,-0.060412,0.000004,0.000000,0.000000,0.000000,0.000000,0.000000,0.000000,-0.000093,0.000327,0.000170,-0.114345,-0.000001,-0.000000,-0.125671
1.000000,-2.778861,0.000000,0.000000,-3.265607,0.000000,0.000000,-0.000000,0.000000,-0.000000,0.000000,0.000000,-0.000000,-0.000000,0.000000,-2.709167,0.000000,0.000000,-3.196435,0.000000,0.000000,0.000000,0.000000,0.000000,0.000000,0.000000,0.000000,0.000000,0.000000,-0.951272,0.000000,0.000000,-1.368775,0.000000,0.000000,0.000000,0.000000,0.000000,0.000000,0.000000,0.000000,0.000000,0.000000,0.000000,0.000000,0.000000,0.000143,-0.067015,0.000042,-0.000219,-0.066610,0.000001,0.000004,0.000000,0.000000,0.000000,0.000000,0.000000,0.000000,-0.000179,-0.000042,-0.047332,-0.000124,-0.000001,-0.060412,0.000004,-0.000000,-0.000000,-0.000000,-0.000000,-0.000000,-0.000000,-0.000093,0.000326,0.000169,-0.114299,-0.000001,-0.000000,-0.125670
1.010000,-2.778812,0.000000,0.000000,-3.265600,0.000000,0.000000,0.000000,0.000000,0.000000,0.000000,0.000000,0.000000,0.000000,0.000000,-2.709117,0.000000,0.000000,-3.196427,0.000000,0.000000,0.000000,0.000000,0.000000,0.000000,0.000000,0.000000,0.000000,0.000000,-0.951247,0.000000,0.000000,-1.368760,0.000000,0.000000,0.000000,0.000000,0.000000,0.000000,0.000000,0.000000,0.000000,0.000000,0.000000,0.000000,0.000000,0.000142,-0.066994,0.000042,-0.000218,-0.066610,0.000001,0.000004,0.000000,0.000000,0.000000,0.000000,0.000000,0.000000,-0.000178,-0.000042,-0.047306,-0.000124,-0.000001,-0.060411,0.000004,0.000000,0.000000,0.000000,0.000000,0.000000,0.000000,-0.000092,0.000324,0.000168,-0.114253,-0.000001,-0.000000,-0.125669
1.020000,-2.778761,0.000000,0.000000,-3.265592,0.000000,0.000000,0.000000,0.000000,0.000000,0.000000,0.000000,0.000000,0.000000,0.000000,-2.709067,0.000000,0.000000,-3.196420,0.000000,0.000000,0.000000,0.000000,0.000000,0.000000,0.000000,0.000000,0.000000,0.000000,-0.951221,0.000000,0.000000,-1.368746,0.000000,0.000000,0.000000,0.000000,0.000000,0.000000,0.000000,0.000000,0.000000,0.000000,0.000000,0.000000,0.000000,0.000141,-0.066974,0.000042,-0.000217,-0.066610,0.000001,0.000004,0.000000,0.000000,0.000000,0.000000,0.000000,0.000000,-0.000177,-0.000042,-0.047279,-0.000123,-0.000001,-0.060411,0.000004,0.000000,0.000000,0.000000,0.000000,0.000000,0.000000,-0.000092,0.000323,0.000166,-0.114206,-0.000001,-0.000000,-0.125669
1.030000,-2.778709,0.000000,0.000000,-3.265584,0.000000,0.000000,0.000000,0.000000,0.000000,0.000000,0.000000,0.000000,0.000000,0.000000,-2.709016,0.000000,0.000000,-3.196412,0.000000,0.000000,0.000000,0.000000,0.000000,0.000000,0.000000,0.000000,0.000000,0.000000,-0.951195,0.000000,0.000000,-1.368731,0.000000,0.000000,0.000000,0.000000,0.000000,0.000000,0.000000,0.000000,0.000000,0.000000,0.000000,0.000000,0.000000,0.000140,-0.066953,0.000042,-0.000216,-0.066609,0.000001,0.000004,0.000000,0.000000,0.000000,0.000000,0.000000,0.000000,-0.000176,-0.000042,-0.047251,-0.000122,-0.000001,-0.060411,0.000004,0.000000,0.000000,0.000000,0.000000,0.000000,0.000000,-0.000092,0.000322,0.000165,-0.114159,-0.000001,-0.000000,-0.125668
1.040000,-2.778656,0.000000,0.000000,-3.265576,0.000000,0.000000,0.000000,0.000000,0.000000,0.000000,0.000000,0.000000,0.000000,0.000000,-2.708964,0.000000,0.000000,-3.196404,0.000000,0.000000,0.000000,0.000000,0.000000,0.000000,0.000000,0.000000,0.000000,0.000000,-0.951168,0.000000,0.000000,-1.368716,0.000000,0.000000,0.000000,0.000000,0.000000,0.000000,0.000000,0.000000,0.000000,0.000000,0.000000,0.000000,0.000000,0.000139,-0.066931,0.000042,-0.000215,-0.066609,0.000001,0.000004,0.000000,0.000000,0.000000,0.000000,0.000000,0.000000,-0.000176,-0.000042,-0.047224,-0.000121,-0.000001,-0.060410,0.000004,0.000000,0.000000,0.000000,0.000000,0.000000,0.000000,-0.000091,0.000320,0.000164,-0.114111,-0.000001,-0.000000,-0.125668
1.050000,-2.778602,0.000000,0.000000,-3.265568,0.000000,0.000000,-0.000000,0.000000,-0.000000,0.000000,0.000000,-0.000000,-0.000000,0.000000,-2.708910,0.000000,0.000000,-3.196395,0.000000,0.000000,0.000000,0.000000,0.000000,0.000000,0.000000,0.000000,0.000000,0.000000,-0.951140,0.000000,0.000000,-1.368700,0.000000,0.000000,0.000000,0.000000,0.000000,0.000000,0.000000,0.000000,0.000000,0.000000,0.000000,0.000000,0.000000,0.000138,-0.066910,0.000041,-0.000214,-0.066609,0.000001,0.000004,0.000000,0.000000,0.000000,0.000000,0.000000,0.000000,-0.000175,-0.000041,-0.047196,-0.000120,-0.000001,-0.060410,0.000004,-0.000000,-0.000000,-0.000000,-0.000000,-0.000000,-0.000000,-0.000091,0.000319,0.000163,-0.114063,-0.000001,-0.000000,-0.125667
1.060000,-2.778548,0.000000,0.000000,-3.265560,0.000000,0.000000,0.000000,0.000000,0.000000,0.000000,0.000000,0.000000,0.000000,0.000000,-2.708856,0.000000,0.000000,-3.196387,0.000000,0.000000,0.000000,0.000000,0.000000,0.000000,0.000000,0.000000,0.000000,0.000000,-0.951112,0.000000,0.000000,-1.368684,0.000000,0.000000,0.000000,0.000000,0.000000,0.000000,0.000000,0.000000,0.000000,0.000000,0.000000,0.000000,0.000000,0.000137,-0.066888,0.000041,-0.000213,-0.066609,0.000001,0.000004,0.000000,0.000000,0.000000,0.000000,0.000000,0.000000,-0.000174,-0.000041,-0.047168,-0.000119,-0.000001,-0.060410,0.000004,0.000000,0.000000,0.000000,0.000000,0.000000,0.000000,-0.000090,0.000318,0.000161,-0.114014,-0.000001,-0.000000,-0.125666
1.070000,-2.778491,0.000000,0.000000,-3.265551,0.000000,0.000000,0.000000,0.000000,0.000000,0.000000,0.000000,0.000000,0.000000,0.000000,-2.708800,0.000000,0.000000,-3.196378,0.000000,0.000000,0.000000,0.000000,0.000000,0.000000,0.000000,0.000000,0.000000,0.000000,-0.951083,0.000000,0.000000,-1.368668,0.000000,0.000000,0.000000,0.000000,0.000000,0.000000,0.000000,0.000000,0.000000,0.000000,0.000000,0.000000,0.000000,0.000136,-0.066866,0.000041,-0.000212,-0.066608,0.000001,0.000004,0.000000,0.000000,0.000000,0.000000,0.000000,0.000000,-0.000173,-0.000041,-0.047140,-0.000118,-0.000001,-0.060409,0.000004,0.000000,0.000000,0.000000,0.000000,0.000000,0.000000,-0.000090,0.000317,0.000160,-0.113965,-0.000001,-0.000000,-0.125666
1.080000,-2.778434,0.000000,0.000000,-3.265543,0.000000,0.000000,0.000000,0.000000,0.000000,0.000000,0.000000,0.000000,0.000000,0.000000,-2.708744,0.000000,0.000000,-3.196369,0.000000,0.000000,0.000000,0.000000,0.000000,0.000000,0.000000,0.000000,0.000000,0.000000,-0.951053,0.000000,0.000000,-1.368651,0.000000,0.000000,0.000000,0.000000,0.000000,0.000000,0.000000,0.000000,0.000000,0.000000,0.000000,0.000000,0.000000,0.000135,-0.066844,0.000041,-0.000211,-0.066608,0.000001,0.000004,0.000000,0.000000,0.000000,0.000000,0.000000,0.000000,-0.000173,-0.000041,-0.047112,-0.000117,-0.000001,-0.060409,0.000004,0.000000,0.000000,0.000000,0.000000,0.000000,0.000000,-0.000089,0.000315,0.000159,-0.113916,-0.000001,-0.000000,-0.125665
1.090000,-2.778376,0.000000,0.000000,-3.265534,0.000000,0.000000,0.000000,0.000000,0.000000,0.000000,0.000000,0.000000,0.000000,0.000000,-2.708686,0.000000,0.000000,-3.196360,0.000000,0.000000,0.000000,0.000000,0.000000,0.000000,0.000000,0.000000,0.000000,0.000000,-0.951023,0.000000,0.000000,-1.368634,0.000000,0.000000,0.000000,0.000000,0.000000,0.000000,0.000000,0.000000,0.000000,0.000000,0.000000,0.000000,0.000000,0.000134,-0.066822,0.000040,-0.000210,-0.066608,0.000001,0.000004,0.000000,0.000000,0.000000,0.000000,0.000000,0.000000,-0.000172,-0.000041,-0.047083,-0.000116,-0.000001,-0.060409,0.000004,0.000000,0.000000,0.000000,0.000000,0.000000,0.000000,-0.000089,0.000314,0.000158,-0.113866,-0.000001,-0.000000,-0.125664
1.100000,-2.778316,0.000000,0.000000,-3.265525,0.000000,0.000000,-0.000000,0.000000,-0.000000,0.000000,0.000000,-0.000000,-0.000000,0.000000,-2.708627,0.000000,0.000000,-3.196351,0.000000,0.000000,0.000000,0.000000,0.000000,0.000000,0.000000,0.000000,0.000000,0.000000,-0.950992,0.000000,0.000000,-1.368616,0.000000,0.000000,0.000000,0.000000,0.000000,0.000000,0.000000,0.000000,0.000000,0.000000,0.000000,0.000000,0.000000,0.000133,-0.066799,0.000040,-0.000210,-0.066607,0.000001,0.000004,0.000000,0.000000,0.000000,0.000000,0.000000,0.000000,-0.000171,-0.000040,-0.047054,-0.000116,-0.000001,-0.060408,0.000004,-0.000000,-0.000000,-0.000000,-0.000000,-0.000000,-0.000000,-0.000088,0.000313,0.000157,-0.113815,-0.000001,-0.000000,-0.125664
1.110000,-2.778256,0.000000,0.000000,-3.265516,0.000000,0.000000,0.000000,0.000000,0.000000,0.000000,0.000000,0.000000,0.000000,0.000000,-2.708567,0.000000,0.000000,-3.196342,0.000000,0.000000,0.000000,0.000000,0.000000,0.000000,0.000000,0.000000,0.000000,0.000000,-0.950960,0.000000,0.000000,-1.368599,0.000000,0.000000,0.000000,0.000000,0.000000,0.000000,0.000000,0.000000,0.000000,0.000000,0.000000,0.000000,0.000000,0.000132,-0.066776,0.000040,-0.000209,-0.066607,0.000001,0.000004,0.000000,0.000000,0.000000,0.000000,0.000000,0.000000,-0.000170,-0.000040,-0.047025,-0.000115,-0.000001,-0.060408,0.000004,0.000000,0.000000,0.000000,0.000000,0.000000,0.000000,-0.000088,0.000311,0.000155,-0.113764,-0.000001,-0.000000,-0.125663
1.120000,-2.778194,0.000000,0.000000,-3.265506,0.000000,0.000000,0.000000,0.000000,0.000000,0.000000,0.000000,0.000000,0.000000,0.000000,-2.708505,0.000000,0.000000,-3.196332,0.000000,0.000000,0.000000,0.000000,0.000000,0.000000,0.000000,0.000000,0.000000,0.000000,-0.950928,0.000000,0.000000,-1.368580,0.000000,0.000000,0.000000,0.000000,0.000000,0.000000,0.000000,0.000000,0.000000,0.000000,0.000000,0.000000,0.000000,0.000131,-0.066753,0.000040,-0.000208,-0.066607,0.000001,0.000004,0.000000,0.000000,0.000000,0.000000,0.000000,0.000000,-0.000170,-0.000040,-0.046996,-0.000114,-0.000001,-0.060408,0.000004,0.000000,0.000000,0.000000,0.000000,0.000000,0.000000,-0.000087,0.000310,0.000154,-0.113713,-0.000001,-0.000000,-0.125662
1.130000,-2.778130,0.000000,0.000000,-3.265497,0.000000,0.000000,0.000000,0.000000,0.000000,0.000000,0.000000,0.000000,0.000000,0.000000,-2.708443,0.000000,0.000000,-3.196323,0.000000,0.000000,0.000000,0.000000,0.000000,0.000000,0.000000,0.000000,0.000000,0.000000,-0.950895,0.000000,0.000000,-1.368562,0.000000,0.000000,0.000000,0.000000,0.000000,0.000000,0.000000,0.000000,0.000000,0.000000,0.000000,0.000000,0.000000,0.000130,-0.066730,0.000040,-0.000207,-0.066607,0.000001,0.000004,0.000000,0.000000,0.000000,0.000000,0.000000,0.000000,-0.000169,-0.000040,-0.046967,-0.000113,-0.000001,-0.060407,0.000004,0.000000,0.000000,0.000000,0.000000,0.000000,0.000000,-0.000087,0.000309,0.000153,-0.113661,-0.000001,-0.000000,-0.125662
1.140000,-2.778066,0.000000,0.000000,-3.265487,0.000000,0.000000,0.000000,0.000000,0.000000,0.000000,0.000000,0.000000,0.000000,0.000000,-2.708379,0.000000,0.000000,-3.196313,0.000000,0.000000,0.000000,0.000000,0.000000,0.000000,0.000000,0.000000,0.000000,0.000000,-0.950861,0.000000,0.000000,-1.368542,0.000000,0.000000,0.000000,0.000000,0.000000,0.000000,0.000000,0.000000,0.000000,0.000000,0.000000,0.000000,0.000000,0.000129,-0.066706,0.000039,-0.000206,-0.066606,0.000001,0.000004,0.000000,0.000000,0.000000,0.000000,0.000000,0.000000,-0.000168,-0.000040,-0.046937,-0.000112,-0.000001,-0.060407,0.000004,0.000000,0.000000,0.000000,0.000000,0.000000,0.000000,-0.000087,0.000308,0.000152,-0.113609,-0.000001,-0.000000,-0.125661
1.150000,-2.778000,0.000000,0.000000,-3.265477,0.000000,0.000000,-0.000000,0.000000,-0.000000,0.000000,0.000000,-0.000000,-0.000000,0.000000,-2.708314,0.000000,0.000000,-3.196303,0.000000,0.000000,0.000000,0.000000,0.000000,0.000000,0.000000,0.000000,0.000000,0.000000,-0.950826,0.000000,0.000000,-1.368523,0.000000,0.000000,0.000000,0.000000,0.000000,0.000000,0.000000,0.000000,0.000000,0.000000,0.000000,0.000000,0.000000,0.000128,-0.066683,0.000039,-0.000205,-0.066606,0.000001,0.000004,0.000000,0.000000,0.000000,0.000000,0.000000,0.000000,-0.000168,-0.000039,-0.046907,-0.000111,-0.000001,-0.060406,0.000004,-0.000000,-0.000000,-0.000000,-0.000000,-0.000000,-0.000000,-0.000086,0.000306,0.000151,-0.113556,-0.000001,-0.000000,-0.125660
1.160000,-2.777933,0.000000,0.000000,-3.265467,0.000000,0.000000,0.000000,0.000000,0.000000,0.000000,0.000000,0.000000,0.000000,0.000000,-2.708247,0.000000,0.000000,-3.196292,0.000000,0.000000,0.000000,0.000000,0.000000,0.000000,0.000000,0.000000,0.000000,0.000000,-0.950791,0.000000,0.000000,-1.368503,0.000000,0.000000,0.000000,0.000000,0.000000,0.000000,0.000000,0.000000,0.000000,0.000000,0.000000,0.000000,0.000000,0.000127,-0.066659,0.000039,-0.000204,-0.066606,0.000001,0.000004,0.000000,0.000000,0.000000,0.000000,0.000000,0.000000,-0.000167,-0.000039,-0.046877,-0.000110,-0.000001,-0.060406,0.000004,0.000000,0.000000,0.000000,0.000000,0.000000,0.000000,-0.000086,0.000305,0.000149,-0.113502,-0.000001,-0.000000,-0.125660
1.170000,-2.777864,0.000000,0.000000,-3.265457,0.000000,0.000000,0.000000,0.000000,0.000000,0.000000,0.000000,0.000000,0.000000,0.000000,-2.708179,0.000000,0.000000,-3.196282,0.000000,0.000000,0.000000,0.000000,0.000000,0.000000,0.000000,0.000000,0.000000,0.000000,-0.950754,0.000000,0.000000,-1.368483,0.000000,0.000000,0.000000,0.000000,0.000000,0.000000,0.000000,0.000000,0.000000,0.000000,0.000000,0.000000,0.000000,0.000126,-0.066634,0.000039,-0.000204,-0.066605,0.000001,0.000004,0.000000,0.000000,0.000000,0.000000,0.000000,0.000000,-0.000166,-0.000039,-0.046846,-0.000110,-0.000001,-0.060406,0.000004,0.000000,0.000000,0.000000,0.000000,0.000000,0.000000,-0.000085,0.000304,0.000148,-0.113449,-0.000001,-0.000000,-0.125659
1.180000,-2.777794,0.000000,0.000000,-3.265446,0.000000,0.000000,0.000000,0.000000,0.000000,0.000000,0.000000,0.000000,0.000000,0.000000,-2.708110,0.000000,0.000000,-3.196271,0.000000,0.000000,0.000000,0.000000,0.000000,0.000000,0.000000,0.000000,0.000000,0.000000,-0.950717,0.000000,0.000000,-1.368462,0.000000,0.000000,0.000000,0.000000,0.000000,0.000000,0.000000,0.000000,0.000000,0.000000,0.000000,0.000000,0.000000,0.000125,-0.066610,0.000039,-0.000203,-0.066605,0.000001,0.000004,0.000000,0.000000,0.000000,0.000000,0.000000,0.000000,-0.000165,-0.000039,-0.046815,-0.000109,-0.000001,-0.060405,0.000004,0.000000,0.000000,0.000000,0.000000,0.000000,0.000000,-0.000085,0.000303,0.000147,-0.113394,-0.000001,-0.000000,-0.125658
1.190000,-2.777723,0.000000,0.000000,-3.265436,0.000000,0.000000,0.000000,0.000000,0.000000,0.000000,0.000000,0.000000,0.000000,0.000000,-2.708040,0.000000,0.000000,-3.196260,0.000000,0.000000,0.000000,0.000000,0.000000,0.000000,0.000000,0.000000,0.000000,0.000000,-0.950679,0.000000,0.000000,-1.368440,0.000000,0.000000,0.000000,0.000000,0.000000,0.000000,0.000000,0.000000,0.000000,0.000000,0.000000,0.000000,0.000000,0.000124,-0.066585,0.000038,-0.000202,-0.066605,0.000001,0.000003,0.000000,0.000000,0.000000,0.000000,0.000000,0.000000,-0.000165,-0.000039,-0.046785,-0.000108,-0.000001,-0.060405,0.000004,0.000000,0.000000,0.000000,0.000000,0.000000,0.000000,-0.000084,0.000301,0.000146,-0.113339,-0.000001,-0.000000,-0.125658
1.200000,-2.777650,0.000000,0.000000,-3.265425,0.000000,0.000000,-0.000000,0.000000,-0.000000,0.000000,0.000000,-0.000000,-0.000000,0.000000,-2.707968,0.000000,0.000000,-3.196249,0.000000,0.000000,0.000000,0.000000,0.000000,0.000000,0.000000,0.000000,0.000000,0.000000,-0.950640,0.000000,0.000000,-1.368418,0.000000,0.000000,0.000000,0.000000,0.000000,0.000000,0.000000,0.000000,0.000000,0.000000,0.000000,0.000000,0.000000,0.000123,-0.066560,0.000038,-0.000201,-0.066604,0.000001,0.000003,0.000000,0.000000,0.000000,0.000000,0.000000,0.000000,-0.000164,-0.000038,-0.046753,-0.000107,-0.000001,-0.060404,0.000004,-0.000000,-0.000000,-0.000000,-0.000000,-0.000000,-0.000000,-0.000084,0.000300,0.000145,-0.113284,-0.000001,-0.000000,-0.125657
1.210000,-2.777576,0.000000,0.000000,-3.265413,0.000000,0.000000,0.000000,0.000000,0.000000,0.000000,0.000000,0.000000,0.000000,0.000000,-2.707894,0.000000,0.000000,-3.196238,0.000000,0.000000,0.000000,0.000000,0.000000,0.000000,0.000000,0.000000,0.000000,0.000000,-0.950601,0.000000,0.000000,-1.368396,0.000000,0.000000,0.000000,0.000000,0.000000,0.000000,0.000000,0.000000,0.000000,0.000000,0.000000,0.000000,0.000000,0.000122,-0.066535,0.000038,-0.000200,-0.066604,0.000001,0.000003,0.000000,0.000000,0.000000,0.000000,0.000000,0.000000,-0.000163,-0.000038,-0.046722,-0.000106,-0.000001,-0.060404,0.000004,0.000000,0.000000,0.000000,0.000000,0.000000,0.000000,-0.000083,0.000299,0.000144,-0.113228,-0.000001,-0.000000,-0.125656
1.220000,-2.777500,0.000000,0.000000,-3.265402,0.000000,0.000000,0.000000,0.000000,0.000000,0.000000,0.000000,0.000000,0.000000,0.000000,-2.707819,0.000000,0.000000,-3.196226,0.000000,0.000000,0.000000,0.000000,0.000000,0.000000,0.000000,0.000000,0.000000,0.000000,-0.950560,0.000000,0.000000,-1.368373,0.000000,0.000000,0.000000,0.000000,0.000000,0.000000,0.000000,0.000000,0.000000,0.000000,0.000000,0.000000,0.000000,0.000121,-0.066509,0.000038,-0.000199,-0.066604,0.000001,0.000003,0.000000,0.000000,0.000000,0.000000,0.000000,0.000000,-0.000163,-0.000038,-0.046690,-0.000105,-0.000001,-0.060404,0.000004,0.000000,0.000000,0.000000,0.000000,0.000000,0.000000,-0.000083,0.000298,0.000142,-0.113172,-0.000001,-0.000000,-0.125656
1.230000,-2.777423,0.000000,0.000000,-3.265390,0.000000,0.000000,0.000000,0.000000,0.000000,0.000000,0.000000,0.000000,0.000000,0.000000,-2.707743,0.000000,0.000000,-3.196214,0.000000,0.000000,0.000000,0.000000,0.000000,0.000000,0.000000,0.000000,0.000000,0.000000,-0.950519,0.000000,0.000000,-1.368350,0.000000,0.000000,0.000000,0.000000,0.000000,0.000000,0.000000,0.000000,0.000000,0.000000,0.000000,0.000000,0.000000,0.000121,-0.066483,0.000038,-0.000198,-0.066603,0.000001,0.000003,0.000000,0.000000,0.000000,0.000000,0.000000,0.000000,-0.000162,-0.000038,-0.046658,-0.000105,-0.000001,-0.060403,0.000004,0.000000,0.000000,0.000000,0.000000,0.000000,0.000000,-0.000083,0.000297,0.000141,-0.113115,-0.000001,-0.000000,-0.125655
1.240000,-2.777344,0.000000,0.000000,-3.265379,0.000000,0.000000,0.000000,0.000000,0.000000,0.000000,0.000000,0.000000,0.000000,0.000000,-2.707665,0.000000,0.000000,-3.196202,0.000000,0.000000,0.000000,0.000000,0.000000,0.000000,0.000000,0.000000,0.000000,0.000000,-0.950476,0.000000,0.000000,-1.368326,0.000000,0.000000,0.000000,0.000000,0.000000,0.000000,0.000000,0.000000,0.000000,0.000000,0.000000,0.000000,0.000000,0.000120,-0.066457,0.000037,-0.000198,-0.066603,0.000001,0.000003,0.000000,0.000000,0.000000,0.000000,0.000000,0.000000,-0.000161,-0.000038,-0.046626,-0.000104,-0.000001,-0.060403,0.000004,0.000000,0.000000,0.000000,0.000000,0.000000,0.000000,-0.000082,0.000295,0.000140,-0.113058,-0.000001,-0.000000,-0.125654
1.250000,-2.777264,0.000000,0.000000,-3.265366,0.000000,0.000000,-0.000000,0.000000,-0.000000,0.000000,0.000000,-0.000000,-0.000000,0.000000,-2.707585,0.000000,0.000000,-3.196190,0.000000,0.000000,0.000000,0.000000,0.000000,0.000000,0.000000,0.000000,0.000000,0.000000,-0.950433,0.000000,0.000000,-1.368302,0.000000,0.000000,0.000000,0.000000,0.000000,0.000000,0.000000,0.000000,0.000000,0.000000,0.000000,0.000000,0.000000,0.000119,-0.066431,0.000037,-0.000197,-0.066603,0.000001,0.000003,0.000000,0.000000,0.000000,0.000000,0.000000,0.000000,-0.000161,-0.000037,-0.046594,-0.000103,-0.000001,-0.060402,0.000004,-0.000000,-0.000000,-0.000000,-0.000000,-0.000000,-0.000000,-0.000082,0.000294,0.000139,-0.113000,-0.000001,-0.000000,-0.125653
1.260000,-2.777182,0.000000,0.000000,-3.265354,0.000000,0.000000,0.000000,0.000000,0.000000,0.000000,0.000000,0.000000,0.000000,0.000000,-2.707504,0.000000,0.000000,-3.196177,0.000000,0.000000,0.000000,0.000000,0.000000,0.000000,0.000000,0.000000,0.000000,0.000000,-0.950388,0.000000,0.000000,-1.368277,0.000000,0.000000,0.000000,0.000000,0.000000,0.000000,0.000000,0.000000,0.000000,0.000000,0.000000,0.000000,0.000000,0.000118,-0.066404,0.000037,-0.000196,-0.066602,0.000001,0.000003,0.000000,0.000000,0.000000,0.000000,0.000000,0.000000,-0.000160,-0.000037,-0.046561,-0.000102,-0.000001,-0.060402,0.000004,0.000000,0.000000,0.000000,0.000000,0.000000,0.000000,-0.000081,0.000293,0.000138,-0.112941,-0.000001,-0.000000,-0.125653
1.270000,-2.777098,0.000000,0.000000,-3.265341,0.000000,0.000000,0.000000,0.000000,0.000000,0.000000,0.000000,0.000000,0.000000,0.000000,-2.707421,0.000000,0.000000,-3.196164,0.000000,0.000000,0.000000,0.000000,0.000000,0.000000,0.000000,0.000000,0.000000,0.000000,-0.950343,0.000000,0.000000,-1.368251,0.000000,0.000000,0.000000,0.000000,0.000000,0.000000,0.000000,0.000000,0.000000,0.000000,0.000000,0.000000,0.000000,0.000117,-0.066377,0.000037,-0.000195,-0.066602,0.000001,0.000003,0.000000,0.000000,0.000000,0.000000,0.000000,0.000000,-0.000159,-0.000037,-0.046528,-0.000101,-0.000001,-0.060402,0.000004,0.000000,0.000000,0.000000,0.000000,0.000000,0.000000,-0.000081,0.000292,0.000137,-0.112882,-0.000001,-0.000000,-0.125652
1.280000,-2.777013,0.000000,0.000000,-3.265329,0.000000,0.000000,0.000000,0.000000,0.000000,0.000000,0.000000,0.000000,0.000000,0.000000,-2.707337,0.000000,0.000000,-3.196151,0.000000,0.000000,0.000000,0.000000,0.000000,0.000000,0.000000,0.000000,0.000000,0.000000,-0.950296,0.000000,0.000000,-1.368225,0.000000,0.000000,0.000000,0.000000,0.000000,0.000000,0.000000,0.000000,0.000000,0.000000,0.000000,0.000000,0.000000,0.000116,-0.066350,0.000037,-0.000194,-0.066602,0.000001,0.000003,0.000000,0.000000,0.000000,0.000000,0.000000,0.000000,-0.000159,-0.000037,-0.046495,-0.000100,-0.000001,-0.060401,0.000004,0.000000,0.000000,0.000000,0.000000,0.000000,0.000000,-0.000080,0.000291,0.000136,-0.112822,-0.000001,-0.000000,-0.125651
1.290000,-2.776926,0.000000,0.000000,-3.265316,0.000000,0.000000,0.000000,0.000000,0.000000,0.000000,0.000000,0.000000,0.000000,0.000000,-2.707251,0.000000,0.000000,-3.196138,0.000000,0.000000,0.000000,0.000000,0.000000,0.000000,0.000000,0.000000,0.000000,0.000000,-0.950249,0.000000,0.000000,-1.368199,0.000000,0.000000,0.000000,0.000000,0.000000,0.000000,0.000000,0.000000,0.000000,0.000000,0.000000,0.000000,0.000000,0.000115,-0.066322,0.000036,-0.000194,-0.066601,0.000001,0.000003,0.000000,0.000000,0.000000,0.000000,0.000000,0.000000,-0.000158,-0.000037,-0.046461,-0.000100,-0.000001,-0.060401,0.000004,0.000000,0.000000,0.000000,0.000000,0.000000,0.000000,-0.000080,0.000289,0.000135,-0.112762,-0.000001,-0.000000,-0.125650
1.300000,-2.776837,0.000000,0.000000,-3.265302,0.000000,0.000000,-0.000000,0.000000,-0.000000,0.000000,0.000000,-0.000000,-0.000000,0.000000,-2.707163,0.000000,0.000000,-3.196124,0.000000,0.000000,0.000000,0.000000,0.000000,0.000000,0.000000,0.000000,0.000000,0.000000,-0.950200,0.000000,0.000000,-1.368172,0.000000,0.000000,0.000000,0.000000,0.000000,0.000000,0.000000,0.000000,0.000000,0.000000,0.000000,0.000000,0.000000,0.000114,-0.066295,0.000036,-0.000193,-0.066601,0.000001,0.000003,0.000000,0.000000,0.000000,0.000000,0.000000,0.000000,-0.000157,-0.000036,-0.046427,-0.000099,-0.000001,-0.060400,0.000004,-0.000000,-0.000000,-0.000000,-0.000000,-0.000000,-0.000000,-0.000080,0.000288,0.000134,-0.112702,-0.000001,-0.000000,-0.125649
1.310000,-2.776746,0.000000,0.000000,-3.265288,0.000000,0.000000,0.000000,0.000000,0.000000,0.000000,0.000000,0.000000,0.000000,0.000000,-2.707073,0.000000,0.000000,-3.196110,0.000000,0.000000,0.000000,0.000000,0.000000,0.000000,0.000000,0.000000,0.000000,0.000000,-0.950151,0.000000,0.000000,-1.368144,0.000000,0.000000,0.000000,0.000000,0.000000,0.000000,0.000000,0.000000,0.000000,0.000000,0.000000,0.000000,0.000000,0.000113,-0.066267,0.000036,-0.000192,-0.066601,0.000001,0.000003,0.000000,0.000000,0.000000,0.000000,0.000000,0.000000,-0.000157,-0.000036,-0.046393,-0.000098,-0.000001,-0.060400,0.000003,0.000000,0.000000,0.000000,0.000000,0.000000,0.000000,-0.000079,0.000287,0.000132,-0.112640,-0.000001,-0.000000,-0.125649
1.320000,-2.776654,0.000000,0.000000,-3.265275,0.000000,0.000000,0.000000,0.000000,0.000000,0.000000,0.000000,0.000000,0.000000,0.000000,-2.706981,0.000000,0.000000,-3.196096,0.000000,0.000000,0.000000,0.000000,0.000000,0.000000,0.000000,0.000000,0.000000,0.000000,-0.950100,0.000000,0.000000,-1.368115,0.000000,0.000000,0.000000,0.000000,0.000000,0.000000,0.000000,0.000000,0.000000,0.000000,0.000000,0.000000,0.000000,0.000112,-0.066238,0.000036,-0.000191,-0.066600,0.000001,0.000003,0.000000,0.000000,0.000000,0.000000,0.000000,0.000000,-0.000156,-0.000036,-0.046359,-0.000097,-0.000001,-0.060400,0.000003,0.000000,0.000000,0.000000,0.000000,0.000000,0.000000,-0.000079,0.000286,0.000131,-0.112579,-0.000001,-0.000000,-0.125648
1.330000,-2.776560,0.000000,0.000000,-3.265260,0.000000,0.000000,0.000000,0.000000,0.000000,0.000000,0.000000,0.000000,0.000000,0.000000,-2.706888,0.000000,0.000000,-3.196082,0.000000,0.000000,0.000000,0.000000,0.000000,0.000000,0.000000,0.000000,0.000000,0.000000,-0.950048,0.000000,0.000000,-1.368086,0.000000,0.000000,0.000000,0.000000,0.000000,0.000000,0.000000,0.000000,0.000000,0.000000,0.000000,0.000000,0.000000,0.000112,-0.066210,0.000036,-0.000190,-0.066600,0.000001,0.000003,0.000000,0.000000,0.000000,0.000000,0.000000,0.000000,-0.000155,-0.000036,-0.046325,-0.000096,-0.000001,-0.060399,0.000003,0.000000,0.000000,0.000000,0.000000,0.000000,0.000000,-0.000078,0.000285,0.000130,-0.112516,-0.000001,-0.000000,-0.125647
1.340000,-2.776463,0.000000,0.000000,-3.265246,0.000000,0.000000,0.000000,0.000000,0.000000,0.000000,0.000000,0.000000,0.000000,0.000000,-2.706793,0.000000,0.000000,-3.196067,0.000000,0.000000,0.000000,0.000000,0.000000,0.000000,0.000000,0.000000,0.000000,0.000000,-0.949995,0.000000,0.000000,-1.368056,0.000000,0.000000,0.000000,0.000000,0.000000,0.000000,0.000000,0.000000,0.000000,0.000000,0.000000,0.000000,0.000000,0.000111,-0.066181,0.000035,-0.000190,-0.066600,0.000001,0.000003,0.000000,0.000000,0.000000,0.000000,0.000000,0.000000,-0.000155,-0.000036,-0.046290,-0.000096,-0.000001,-0.060399,0.000003,0.000000,0.000000,0.000000,0.000000,0.000000,0.000000,-0.000078,0.000284,0.000129,-0.112453,-0.000001,-0.000000,-0.125646
1.350000,-2.776365,0.000000,0.000000,-3.265231,0.000000,0.000000,-0.000000,0.000000,-0.000000,0.000000,0.000000,-0.000000,-0.000000,0.000000,-2.706696,0.000000,0.000000,-3.196052,0.000000,0.000000,0.000000,0.000000,0.000000,0.000000,0.000000,0.000000,0.000000,0.000000,-0.949940,0.000000,0.000000,-1.368026,0.000000,0.000000,0.000000,0.000000,0.000000,0.000000,0.000000,0.000000,0.000000,0.000000,0.000000,0.000000,0.000000,0.000110,-0.066152,0.000035,-0.000189,-0.066599,0.000001,0.000003,0.000000,0.000000,0.000000,0.000000,0.000000,0.000000,-0.000154,-0.000036,-0.046255,-0.000095,-0.000001,-0.060398,0.000003,-0.000000,-0.000000,-0.000000,-0.000000,-0.000000,-0.000000,-0.000078,0.000282,0.000128,-0.112390,-0.000001,-0.000000,-0.125645
1.360000,-2.776265,0.000000,0.000000,-3.265216,0.000000,0.000000,0.000000,0.000000,0.000000,0.000000,0.000000,0.000000,0.000000,0.000000,-2.706596,0.000000,0.000000,-3.196036,0.000000,0.000000,0.000000,0.000000,0.000000,0.000000,0.000000,0.000000,0.000000,0.000000,-0.949885,0.000000,0.000000,-1.367995,0.000000,0.000000,0.000000,0.000000,0.000000,0.000000,0.000000,0.000000,0.000000,0.000000,0.000000,0.000000,0.000000,0.000109,-0.066122,0.000035,-0.000188,-0.066599,0.000001,0.000003,0.000000,0.000000,0.000000,0.000000,0.000000,0.000000,-0.000153,-0.000035,-0.046219,-0.000094,-0.000001,-0.060398,0.000003,0.000000,0.000000,0.000000,0.000000,0.000000,0.000000,-0.000077,0.000281,0.000127,-0.112326,-0.000001,-0.000000,-0.125645
1.370000,-2.776163,0.000000,0.000000,-3.265201,0.000000,0.000000,0.000000,0.000000,0.000000,0.000000,0.000000,0.000000,0.000000,0.000000,-2.706495,0.000000,0.000000,-3.196021,0.000000,0.000000,0.000000,0.000000,0.000000,0.000000,0.000000,0.000000,0.000000,0.000000,-0.949828,0.000000,0.000000,-1.367963,0.000000,0.000000,0.000000,0.000000,0.000000,0.000000,0.000000,0.000000,0.000000,0.000000,0.000000,0.000000,0.000000,0.000108,-0.066092,0.000035,-0.000187,-0.066599,0.000001,0.000003,0.000000,0.000000,0.000000,0.000000,0.000000,0.000000,-0.000153,-0.000035,-0.046184,-0.000093,-0.000001,-0.060397,0.000003,0.000000,0.000000,0.000000,0.000000,0.000000,0.000000,-0.000077,0.000280,0.000126,-0.112261,-0.000001,-0.000000,-0.125644
1.380000,-2.776058,0.000000,0.000000,-3.265185,0.000000,0.000000,0.000000,0.000000,0.000000,0.000000,0.000000,0.000000,0.000000,0.000000,-2.706392,0.000000,0.000000,-3.196005,0.000000,0.000000,0.000000,0.000000,0.000000,0.000000,0.000000,0.000000,0.000000,0.000000,-0.949770,0.000000,0.000000,-1.367931,0.000000,0.000000,0.000000,0.000000,0.000000,0.000000,0.000000,0.000000,0.000000,0.000000,0.000000,0.000000,0.000000,0.000107,-0.066062,0.000035,-0.000186,-0.066598,0.000001,0.000003,0.000000,0.000000,0.000000,0.000000,0.000000,0.000000,-0.000152,-0.000035,-0.046148,-0.000092,-0.000001,-0.060397,0.000003,0.000000,0.000000,0.000000,0.000000,0.000000,0.000000,-0.000076,0.000279,0.000125,-0.112196,-0.000001,-0.000000,-0.125643
1.390000,-2.775952,0.000000,0.000000,-3.265169,0.000000,0.000000,0.000000,0.000000,0.000000,0.000000,0.000000,0.000000,0.000000,0.000000,-2.706287,0.000000,0.000000,-3.195988,0.000000,0.000000,0.000000,0.000000,0.000000,0.000000,0.000000,0.000000,0.000000,0.000000,-0.949710,0.000000,0.000000,-1.367898,0.000000,0.000000,0.000000,0.000000,0.000000,0.000000,0.000000,0.000000,0.000000,0.000000,0.000000,0.000000,0.000000,0.000106,-0.066032,0.000034,-0.000186,-0.066598,0.000001,0.000003,0.000000,0.000000,0.000000,0.000000,0.000000,0.000000,-0.000151,-0.000035,-0.046111,-0.000092,-0.000001,-0.060396,0.000003,0.000000,0.000000,0.000000,0.000000,0.000000,0.000000,-0.000076,0.000278,0.000124,-0.112130,-0.000001,-0.000000,-0.125642
1.400000,-2.775844,0.000000,0.000000,-3.265153,0.000000,0.000000,-0.000000,0.000000,-0.000000,0.000000,0.000000,-0.000000,-0.000000,0.000000,-2.706179,0.000000,0.000000,-3.195972,0.000000,0.000000,0.000000,0.000000,0.000000,0.000000,0.000000,0.000000,0.000000,0.000000,-0.949650,0.000000,0.000000,-1.367864,0.000000,0.000000,0.000000,0.000000,0.000000,0.000000,0.000000,0.000000,0.000000,0.000000,0.000000,0.000000,0.000000,0.000106,-0.066001,0.000034,-0.000185,-0.066597,0.000001,0.000003,0.000000,0.000000,0.000000,0.000000,0.000000,0.000000,-0.000151,-0.000035,-0.046075,-0.000091,-0.000001,-0.060396,0.000003,-0.000000,-0.000000,-0.000000,-0.000000,-0.000000,-0.000000,-0.000076,0.000277,0.000123,-0.112063,-0.000001,-0.000000,-0.125641
1.410000,-2.775733,0.000000,0.000000,-3.265136,0.000000,0.000000,0.000000,0.000000,0.000000,0.000000,0.000000,0.000000,0.000000,0.000000,-2.706070,0.000000,0.000000,-3.195955,0.000000,0.000000,0.000000,0.000000,0.000000,0.000000,0.000000,0.000000,0.000000,0.000000,-0.949588,0.000000,0.000000,-1.367829,0.000000,0.000000,0.000000,0.000000,0.000000,0.000000,0.000000,0.000000,0.000000,0.000000,0.000000,0.000000,0.000000,0.000105,-0.065970,0.000034,-0.000184,-0.066597,0.000001,0.000003,0.000000,0.000000,0.000000,0.000000,0.000000,0.000000,-0.000150,-0.000034,-0.046038,-0.000090,-0.000001,-0.060395,0.000003,0.000000,0.000000,0.000000,0.000000,0.000000,0.000000,-0.000075,0.000276,0.000122,-0.111996,-0.000001,-0.000000,-0.125640
1.420000,-2.775620,0.000000,0.000000,-3.265119,0.000000,0.000000,0.000000,0.000000,0.000000,0.000000,0.000000,0.000000,0.000000,0.000000,-2.705958,0.000000,0.000000,-3.195937,0.000000,0.000000,0.000000,0.000000,0.000000,0.000000,0.000000,0.000000,0.000000,0.000000,-0.949524,0.000000,0.000000,-1.367794,0.000000,0.000000,0.000000,0.000000,0.000000,0.000000,0.000000,0.000000,0.000000,0.000000,0.000000,0.000000,0.000000,0.000104,-0.065939,0.000034,-0.000183,-0.066597,0.000001,0.000003,0.000000,0.000000,0.000000,0.000000,0.000000,0.000000,-0.000149,-0.000034,-0.046001,-0.000089,-0.000001,-0.060395,0.000003,0.000000,0.000000,0.000000,0.000000,0.000000,0.000000,-0.000075,0.000274,0.000121,-0.111928,-0.000001,-0.000000,-0.125640
1.430000,-2.775505,0.000000,0.000000,-3.265101,0.000000,0.000000,0.000000,0.000000,0.000000,0.000000,0.000000,0.000000,0.000000,0.000000,-2.705844,0.000000,0.000000,-3.195920,0.000000,0.000000,0.000000,0.000000,0.000000,0.000000,0.000000,0.000000,0.000000,0.000000,-0.949459,0.000000,0.000000,-1.367758,0.000000,0.000000,0.000000,0.000000,0.000000,0.000000,0.000000,0.000000,0.000000,0.000000,0.000000,0.000000,0.000000,0.000103,-0.065907,0.000034,-0.000183,-0.066596,0.000001,0.000003,0.000000,0.000000,0.000000,0.000000,0.000000,0.000000,-0.000149,-0.000034,-0.045964,-0.000089,-0.000001,-0.060395,0.000003,0.000000,0.000000,0.000000,0.000000,0.000000,0.000000,-0.000074,0.000273,0.000120,-0.111860,-0.000001,-0.000000,-0.125639
1.440000,-2.775387,0.000000,0.000000,-3.265084,0.000000,0.000000,0.000000,0.000000,0.000000,0.000000,0.000000,0.000000,0.000000,0.000000,-2.705728,0.000000,0.000000,-3.195902,0.000000,0.000000,0.000000,0.000000,0.000000,0.000000,0.000000,0.000000,0.000000,0.000000,-0.949393,0.000000,0.000000,-1.367721,0.000000,0.000000,0.000000,0.000000,0.000000,0.000000,0.000000,0.000000,0.000000,0.000000,0.000000,0.000000,0.000000,0.000102,-0.065875,0.000033,-0.000182,-0.066596,0.000001,0.000003,0.000000,0.000000,0.000000,0.000000,0.000000,0.000000,-0.000148,-0.000034,-0.045926,-0.000088,-0.000001,-0.060394,0.000003,0.000000,0.000000,0.000000,0.000000,0.000000,0.000000,-0.000074,0.000272,0.000119,-0.111791,-0.000001,-0.000000,-0.125638
1.450000,-2.775267,0.000000,0.000000,-3.265066,0.000000,0.000000,-0.000000,0.000000,-0.000000,0.000000,0.000000,-0.000000,-0.000000,0.000000,-2.705609,0.000000,0.000000,-3.195883,0.000000,0.000000,0.000000,0.000000,0.000000,0.000000,0.000000,0.000000,0.000000,0.000000,-0.949325,0.000000,0.000000,-1.367683,0.000000,0.000000,0.000000,0.000000,0.000000,0.000000,0.000000,0.000000,0.000000,0.000000,0.000000,0.000000,0.000000,0.000101,-0.065843,0.000033,-0.000181,-0.066595,0.000001,0.000003,0.000000,0.000000,0.000000,0.000000,0.000000,0.000000,-0.000147,-0.000034,-0.045888,-0.000087,-0.000001,-0.060394,0.000003,-0.000000,-0.000000,-0.000000,-0.000000,-0.000000,-0.000000,-0.000074,0.000271,0.000118,-0.111721,-0.000001,-0.000000,-0.125637
1.460000,-2.775145,0.000000,0.000000,-3.265047,0.000000,0.000000,0.000000,0.000000,0.000000,0.000000,0.000000,0.000000,0.000000,0.000000,-2.705488,0.000000,0.000000,-3.195864,0.000000,0.000000,0.000000,0.000000,0.000000,0.000000,0.000000,0.000000,0.000000,0.000000,-0.949256,0.000000,0.000000,-1.367644,0.000000,0.000000,0.000000,0.000000,0.000000,0.000000,0.000000,0.000000,0.000000,0.000000,0.000000,0.000000,0.000000,0.000101,-0.065810,0.000033,-0.000180,-0.066595,0.000001,0.000003,0.000000,0.000000,0.000000,0.000000,0.000000,0.000000,-0.000147,-0.000034,-0.045850,-0.000086,-0.000001,-0.060393,0.000003,0.000000,0.000000,0.000000,0.000000,0.000000,0.000000,-0.000073,0.000270,0.000117,-0.111651,-0.000001,-0.000000,-0.125636
1.470000,-2.775020,0.000000,0.000000,-3.265028,0.000000,0.000000,0.000000,0.000000,0.000000,0.000000,0.000000,0.000000,0.000000,0.000000,-2.705364,0.000000,0.000000,-3.195845,0.000000,0.000000,0.000000,0.000000,0.000000,0.000000,0.000000,0.000000,0.000000,0.000000,-0.949185,0.000000,0.000000,-1.367605,0.000000,0.000000,0.000000,0.000000,0.000000,0.000000,0.000000,0.000000,0.000000,0.000000,0.000000,0.000000,0.000000,0.000100,-0.065777,0.000033,-0.000180,-0.066595,0.000001,0.000003,0.000000,0.000000,0.000000,0.000000,0.000000,0.000000,-0.000146,-0.000033,-0.045811,-0.000086,-0.000001,-0.060393,0.000003,0.000000,0.000000,0.000000,0.000000,0.000000,0.000000,-0.000073,0.000269,0.000116,-0.111580,-0.000001,-0.000000,-0.125635
1.480000,-2.774893,0.000000,0.000000,-3.265009,0.000000,0.000000,0.000000,0.000000,0.000000,0.000000,0.000000,0.000000,0.000000,0.000000,-2.705238,0.000000,0.000000,-3.195826,0.000000,0.000000,0.000000,0.000000,0.000000,0.000000,0.000000,0.000000,0.000000,0.000000,-0.949112,0.000000,0.000000,-1.367564,0.000000,0.000000,0.000000,0.000000,0.000000,0.000000,0.000000,0.000000,0.000000,0.000000,0.000000,0.000000,0.000000,0.000099,-0.065743,0.000033,-0.000179,-0.066594,0.000001,0.000003,0.000000,0.000000,0.000000,0.000000,0.000000,0.000000,-0.000146,-0.000033,-0.045772,-0.000085,-0.000001,-0.060392,0.000003,0.000000,0.000000,0.000000,0.000000,0.000000,0.000000,-0.000072,0.000268,0.000115,-0.111509,-0.000001,-0.000000,-0.125634
1.490000,-2.774763,0.000000,0.000000,-3.264990,0.000000,0.000000,0.000000,0.000000,0.000000,0.000000,0.000000,0.000000,0.000000,0.000000,-2.705110,0.000000,0.000000,-3.195806,0.000000,0.000000,0.000000,0.000000,0.000000,0.000000,0.000000,0.000000,0.000000,0.000000,-0.949038,0.000000,0.000000,-1.367523,0.000000,0.000000,0.000000,0.000000,0.000000,0.000000,0.000000,0.000000,0.000000,0.000000,0.000000,0.000000,0.000000,0.000098,-0.065710,0.000033,-0.000178,-0.066594,0.000001,0.000003,0.000000,0.000000,0.000000,0.000000,0.000000,0.000000,-0.000145,-0.000033,-0.045733,-0.000084,-0.000001,-0.060392,0.000003,0.000000,0.000000,0.000000,0.000000,0.000000,0.000000,-0.000072,0.000267,0.000114,-0.111436,-0.000001,-0.000000,-0.125633
1.500000,-2.774630,0.000000,0.000000,-3.264970,0.000000,0.000000,-0.000000,0.000000,-0.000000,0.000000,0.000000,-0.000000,-0.000000,0.000000,-2.704978,0.000000,0.000000,-3.195785,0.000000,0.000000,0.000000,0.000000,0.000000,0.000000,0.000000,0.000000,0.000000,0.000000,-0.948962,0.000000,0.000000,-1.367481,0.000000,0.000000,0.000000,0.000000,0.000000,0.000000,0.000000,0.000000,0.000000,0.000000,0.000000,0.000000,0.000000,0.000097,-0.065676,0.000032,-0.000177,-0.066593,0.000001,0.000003,0.000000,0.000000,0.000000,0.000000,0.000000,0.000000,-0.000144,-0.000033,-0.045694,-0.000083,-0.000001,-0.060391,0.000003,-0.000000,-0.000000,-0.000000,-0.000000,-0.000000,-0.000000,-0.000072,0.000266,0.000113,-0.111363,-0.000001,-0.000000,-0.125632
1.510000,-2.774495,0.000000,0.000000,-3.264949,0.000000,0.000000,0.000000,0.000000,0.000000,0.000000,0.000000,0.000000,0.000000,0.000000,-2.704845,0.000000,0.000000,-3.195765,0.000000,0.000000,0.000000,0.000000,0.000000,0.000000,0.000000,0.000000,0.000000,0.000000,-0.948884,0.000000,0.000000,-1.367438,0.000000,0.000000,0.000000,0.000000,0.000000,0.000000,0.000000,0.000000,0.000000,0.000000,0.000000,0.000000,0.000000,0.000096,-0.065641,0.000032,-0.000177,-0.066593,0.000001,0.000003,0.000000,0.000000,0.000000,0.000000,0.000000,0.000000,-0.000144,-0.000033,-0.045654,-0.000082,-0.000001,-0.060391,0.000003,0.000000,0.000000,0.000000,0.000000,0.000000,0.000000,-0.000071,0.000265,0.000112,-0.111290,-0.000001,-0.000000,-0.125631
1.520000,-2.774357,0.000000,0.000000,-3.264929,0.000000,0.000000,0.000000,0.000000,0.000000,0.000000,0.000000,0.000000,0.000000,0.000000,-2.704708,0.000000,0.000000,-3.195743,0.000000,0.000000,0.000000,0.000000,0.000000,0.000000,0.000000,0.000000,0.000000,0.000000,-0.948805,0.000000,0.000000,-1.367394,0.000000,0.000000,0.000000,0.000000,0.000000,0.000000,0.000000,0.000000,0.000000,0.000000,0.000000,0.000000,0.000000,0.000096,-0.065607,0.000032,-0.000176,-0.066592,0.000001,0.000003,0.000000,0.000000,0.000000,0.000000,0.000000,0.000000,-0.000143,-0.000033,-0.045614,-0.000082,-0.000001,-0.060390,0.000003,0.000000,0.000000,0.000000,0.000000,0.000000,0.000000,-0.000071,0.000263,0.000111,-0.111216,-0.000001,-0.000000,-0.125630
1.530000,-2.774216,0.000000,0.000000,-3.264907,0.000000,0.000000,0.000000,0.000000,0.000000,0.000000,0.000000,0.000000,0.000000,0.000000,-2.704569,0.000000,0.000000,-3.195722,0.000000,0.000000,0.000000,0.000000,0.000000,0.000000,0.000000,0.000000,0.000000,0.000000,-0.948724,0.000000,0.000000,-1.367349,0.000000,0.000000,0.000000,0.000000,0.000000,0.000000,0.000000,0.000000,0.000000,0.000000,0.000000,0.000000,0.000000,0.000095,-0.065572,0.000032,-0.000175,-0.066592,0.000001,0.000003,0.000000,0.000000,0.000000,0.000000,0.000000,0.000000,-0.000142,-0.000032,-0.045574,-0.000081,-0.000001,-0.060390,0.000003,0.000000,0.000000,0.000000,0.000000,0.000000,0.000000,-0.000070,0.000262,0.000110,-0.111141,-0.000001,-0.000000,-0.125629
1.540000,-2.774073,0.000000,0.000000,-3.264886,0.000000,0.000000,0.000000,0.000000,0.000000,0.000000,0.000000,0.000000,0.000000,0.000000,-2.704427,0.000000,0.000000,-3.195700,0.000000,0.000000,0.000000,0.000000,0.000000,0.000000,0.000000,0.000000,0.000000,0.000000,-0.948641,0.000000,0.000000,-1.367303,0.000000,0.000000,0.000000,0.000000,0.000000,0.000000,0.000000,0.000000,0.000000,0.000000,0.000000,0.000000,0.000000,0.000094,-0.065536,0.000032,-0.000174,-0.066592,0.000001,0.000003,0.000000,0.000000,0.000000,0.000000,0.000000,0.000000,-0.000142,-0.000032,-0.045533,-0.000080,-0.000001,-0.060389,0.000003,0.000000,0.000000,0.000000,0.000000,0.000000,0.000000,-0.000070,0.000261,0.000109,-0.111065,-0.000001,-0.000000,-0.125628
1.550000,-2.773926,0.000000,0.000000,-3.264864,0.000000,0.000000,-0.000000,0.000000,-0.000000,0.000000,0.000000,-0.000000,-0.000000,0.000000,-2.704282,0.000000,0.000000,-3.195677,0.000000,0.000000,0.000000,0.000000,0.000000,0.000000,0.000000,0.000000,0.000000,0.000000,-0.948557,0.000000,0.000000,-1.367256,0.000000,0.000000,0.000000,0.000000,0.000000,0.000000,0.000000,0.000000,0.000000,0.000000,0.000000,0.000000,0.000000,0.000093,-0.065500,0.000032,-0.000174,-0.066591,0.000001,0.000003,0.000000,0.000000,0.000000,0.000000,0.000000,0.000000,-0.000141,-0.000032,-0.045492,-0.000079,-0.000001,-0.060389,0.000003,-0.000000,-0.000000,-0.000000,-0.000000,-0.000000,-0.000000,-0.000070,0.000260,0.000108,-0.110989,-0.000001,-0.000000,-0.125627
1.560000,-2.773777,0.000000,0.000000,-3.264841,0.000000,0.000000,0.000000,0.000000,0.000000,0.000000,0.000000,0.000000,0.000000,0.000000,-2.704134,0.000000,0.000000,-3.195654,0.000000,0.000000,0.000000,0.000000,0.000000,0.000000,0.000000,0.000000,0.000000,0.000000,-0.948470,0.000000,0.000000,-1.367208,0.000000,0.000000,0.000000,0.000000,0.000000,0.000000,0.000000,0.000000,0.000000,0.000000,0.000000,0.000000,0.000000,0.000092,-0.065464,0.000031,-0.000173,-0.066591,0.000001,0.000003,0.000000,0.000000,0.000000,0.000000,0.000000,0.000000,-0.000141,-0.000032,-0.045451,-0.000079,-0.000001,-0.060388,0.000003,0.000000,0.000000,0.000000,0.000000,0.000000,0.000000,-0.000069,0.000259,0.000107,-0.110912,-0.000001,-0.000000,-0.125626
1.570000,-2.773624,0.000000,0.000000,-3.264818,0.000000,0.000000,0.000000,0.000000,0.000000,0.000000,0.000000,0.000000,0.000000,0.000000,-2.703983,0.000000,0.000000,-3.195631,0.000000,0.000000,0.000000,0.000000,0.000000,0.000000,0.000000,0.000000,0.000000,0.000000,-0.948382,0.000000,0.000000,-1.367159,0.000000,0.000000,0.000000,0.000000,0.000000,0.000000,0.000000,0.000000,0.000000,0.000000,0.000000,0.000000,0.000000,0.000092,-0.065428,0.000031,-0.000172,-0.066590,0.000001,0.000003,0.000000,0.000000,0.000000,0.000000,0.000000,0.000000,-0.000140,-0.000032,-0.045409,-0.000078,-0.000001,-0.060388,0.000003,0.000000,0.000000,0.000000,0.000000,0.000000,0.000000,-0.000069,0.000258,0.000106,-0.110835,-0.000001,-0.000000,-0.125625
1.580000,-2.773469,0.000000,0.000000,-3.264795,0.000000,0.000000,0.000000,0.000000,0.000000,0.000000,0.000000,0.000000,0.000000,0.000000,-2.703829,0.000000,0.000000,-3.195607,0.000000,0.000000,0.000000,0.000000,0.000000,0.000000,0.000000,0.000000,0.000000,0.000000,-0.948291,0.000000,0.000000,-1.367109,0.000000,0.000000,0.000000,0.000000,0.000000,0.000000,0.000000,0.000000,0.000000,0.000000,0.000000,0.000000,0.000000,0.000091,-0.065391,0.000031,-0.000172,-0.066590,0.000001,0.000003,0.000000,0.000000,0.000000,0.000000,0.000000,0.000000,-0.000139,-0.000032,-0.045367,-0.000077,-0.000001,-0.060387,0.000003,0.000000,0.000000,0.000000,0.000000,0.000000,0.000000,-0.000069,0.000257,0.000105,-0.110756,-0.000001,-0.000000,-0.125624
1.590000,-2.773310,0.000000,0.000000,-3.264771,0.000000,0.000000,0.000000,0.000000,0.000000,0.000000,0.000000,0.000000,0.000000,0.000000,-2.703672,0.000000,0.000000,-3.195583,0.000000,0.000000,0.000000,0.000000,0.000000,0.000000,0.000000,0.000000,0.000000,0.000000,-0.948199,0.000000,0.000000,-1.367058,0.000000,0.000000,0.000000,0.000000,0.000000,0.000000,0.000000,0.000000,0.000000,0.000000,0.000000,0.000000,0.000000,0.000090,-0.065354,0.000031,-0.000171,-0.066589,0.000001,0.000003,0.000000,0.000000,0.000000,0.000000,0.000000,0.000000,-0.000139,-0.000032,-0.045325,-0.000077,-0.000001,-0.060386,0.000003,0.000000,0.000000,0.000000,0.000000,0.000000,0.000000,-0.000068,0.000256,0.000104,-0.110677,-0.000000,-0.000000,-0.125623
1.600000,-2.773148,0.000000,0.000000,-3.264747,0.000000,0.000000,-0.000000,0.000000,-0.000000,0.000000,0.000000,-0.000000,-0.000000,0.000000,-2.703512,0.000000,0.000000,-3.195558,0.000000,0.000000,0.000000,0.000000,0.000000,0.000000,0.000000,0.000000,0.000000,0.000000,-0.948104,0.000000,0.000000,-1.367005,0.000000,0.000000,0.000000,0.000000,0.000000,0.000000,0.000000,0.000000,0.000000,0.000000,0.000000,0.000000,0.000000,0.000089,-0.065316,0.000031,-0.000170,-0.066589,0.000001,0.000003,0.000000,0.000000,0.000000,0.000000,0.000000,0.000000,-0.000138,-0.000031,-0.045282,-0.000076,-0.000001,-0.060386,0.000003,-0.000000,-0.000000,-0.000000,-0.000000,-0.000000,-0.000000,-0.000068,0.000255,0.000103,-0.110597,-0.000000,-0.000000,-0.125622
1.610000,-2.772983,0.000000,0.000000,-3.264722,0.000000,0.000000,0.000000,0.000000,0.000000,0.000000,0.000000,0.000000,0.000000,0.000000,-2.703349,0.000000,0.000000,-3.195533,0.000000,0.000000,0.000000,0.000000,0.000000,0.000000,0.000000,0.000000,0.000000,0.000000,-0.948008,0.000000,0.000000,-1.366952,0.000000,0.000000,0.000000,0.000000,0.000000,0.000000,0.000000,0.000000,0.000000,0.000000,0.000000,0.000000,0.000000,0.000088,-0.065278,0.000031,-0.000170,-0.066588,0.000001,0.000003,0.000000,0.000000,0.000000,0.000000,0.000000,0.000000,-0.000138,-0.000031,-0.045239,-0.000075,-0.000001,-0.060385,0.000003,0.000000,0.000000,0.000000,0.000000,0.000000,0.000000,-0.000068,0.000254,0.000102,-0.110517,-0.000000,-0.000000,-0.125621
1.620000,-2.772815,0.000000,0.000000,-3.264696,0.000000,0.000000,0.000000,0.000000,0.000000,0.000000,0.000000,0.000000,0.000000,0.000000,-2.703182,0.000000,0.000000,-3.195507,0.000000,0.000000,0.000000,0.000000,0.000000,0.000000,0.000000,0.000000,0.000000,0.000000,-0.947909,0.000000,0.000000,-1.366897,0.000000,0.000000,0.000000,0.000000,0.000000,0.000000,0.000000,0.000000,0.000000,0.000000,0.000000,0.000000,0.000000,0.000088,-0.065240,0.000031,-0.000169,-0.066588,0.000001,0.000003,0.000000,0.000000,0.000000,0.000000,0.000000,0.000000,-0.000137,-0.000031,-0.045196,-0.000074,-0.000001,-0.060385,0.000003,0.000000,0.000000,0.000000,0.000000,0.000000,0.000000,-0.000067,0.000253,0.000101,-0.110436,-0.000000,-0.000000,-0.125620
1.630000,-2.772643,0.000000,0.000000,-3.264670,0.000000,0.000000,0.000000,0.000000,0.000000,0.000000,0.000000,0.000000,0.000000,0.000000,-2.703012,0.000000,0.000000,-3.195480,0.000000,0.000000,0.000000,0.000000,0.000000,0.000000,0.000000,0.000000,0.000000,0.000000,-0.947808,0.000000,0.000000,-1.366842,0.000000,0.000000,0.000000,0.000000,0.000000,0.000000,0.000000,0.000000,0.000000,0.000000,0.000000,0.000000,0.000000,0.000087,-0.065201,0.000030,-0.000168,-0.066587,0.000001,0.000003,0.000000,0.000000,0.000000,0.000000,0.000000,0.000000,-0.000136,-0.000031,-0.045152,-0.000074,-0.000001,-0.060384,0.000003,0.000000,0.000000,0.000000,0.000000,0.000000,0.000000,-0.000067,0.000252,0.000101,-0.110354,-0.000000,-0.000000,-0.125619
1.640000,-2.772468,0.000000,0.000000,-3.264644,0.000000,0.000000,0.000000,0.000000,0.000000,0.000000,0.000000,0.000000,0.000000,0.000000,-2.702838,0.000000,0.000000,-3.195453,0.000000,0.000000,0.000000,0.000000,0.000000,0.000000,0.000000,0.000000,0.000000,0.000000,-0.947705,0.000000,0.000000,-1.366785,0.000000,0.000000,0.000000,0.000000,0.000000,0.000000,0.000000,0.000000,0.000000,0.000000,0.000000,0.000000,0.000000,0.000086,-0.065162,0.000030,-0.000167,-0.066587,0.000001,0.000003,0.000000,0.000000,0.000000,0.000000,0.000000,0.000000,-0.000136,-0.000031,-0.045108,-0.000073,-0.000001,-0.060384,0.000003,0.000000,0.000000,0.000000,0.000000,0.000000,0.000000,-0.000067,0.000251,0.000100,-0.110271,-0.000000,-0.000000,-0.125618
1.650000,-2.772289,0.000000,0.000000,-3.264617,0.000000,0.000000,-0.000000,0.000000,-0.000000,0.000000,0.000000,-0.000000,-0.000000,0.000000,-2.702661,0.000000,0.000000,-3.195426,0.000000,0.000000,0.000000,0.000000,0.000000,0.000000,0.000000,0.000000,0.000000,0.000000,-0.947599,0.000000,0.000000,-1.366726,0.000000,0.000000,0.000000,0.000000,0.000000,0.000000,0.000000,0.000000,0.000000,0.000000,0.000000,0.000000,0.000000,0.000085,-0.065122,0.000030,-0.000167,-0.066586,0.000001,0.000003,0.000000,0.000000,0.000000,0.000000,0.000000,0.000000,-0.000135,-0.000031,-0.045064,-0.000072,-0.000001,-0.060383,0.000003,-0.000000,-0.000000,-0.000000,-0.000000,-0.000000,-0.000000,-0.000066,0.000250,0.000099,-0.110187,-0.000000,-0.000000,-0.125617
1.660000,-2.772107,0.000000,0.000000,-3.264590,0.000000,0.000000,0.000000,0.000000,0.000000,0.000000,0.000000,0.000000,0.000000,0.000000,-2.702481,0.000000,0.000000,-3.195398,0.000000,0.000000,0.000000,0.000000,0.000000,0.000000,0.000000,0.000000,0.000000,0.000000,-0.947491,0.000000,0.000000,-1.366667,0.000000,0.000000,0.000000,0.000000,0.000000,0.000000,0.000000,0.000000,0.000000,0.000000,0.000000,0.000000,0.000000,0.000085,-0.065082,0.000030,-0.000166,-0.066586,0.000001,0.000003,0.000000,0.000000,0.000000,0.000000,0.000000,0.000000,-0.000135,-0.000031,-0.045020,-0.000072,-0.000001,-0.060383,0.000003,0.000000,0.000000,0.000000,0.000000,0.000000,0.000000,-0.000066,0.000249,0.000098,-0.110103,-0.000000,-0.000000,-0.125616
1.670000,-2.771920,0.000000,0.000000,-3.264562,0.000000,0.000000,0.000000,0.000000,0.000000,0.000000,0.000000,0.000000,0.000000,0.000000,-2.702297,0.000000,0.000000,-3.195369,0.000000,0.000000,0.000000,0.000000,0.000000,0.000000,0.000000,0.000000,0.000000,0.000000,-0.947381,0.000000,0.000000,-1.366606,0.000000,0.000000,0.000000,0.000000,0.000000,0.000000,0.000000,0.000000,0.000000,0.000000,0.000000,0.000000,0.000000,0.000084,-0.065042,0.000030,-0.000165,-0.066585,0.000001,0.000003,0.000000,0.000000,0.000000,0.000000,0.000000,0.000000,-0.000134,-0.000030,-0.044975,-0.000071,-0.000001,-0.060382,0.000003,0.000000,0.000000,0.000000,0.000000,0.000000,0.000000,-0.000066,0.000248,0.000097,-0.110018,-0.000000,-0.000000,-0.125615
1.680000,-2.771730,0.000000,0.000000,-3.264533,0.000000,0.000000,0.000000,0.000000,0.000000,0.000000,0.000000,0.000000,0.000000,0.000000,-2.702109,0.000000,0.000000,-3.195340,0.000000,0.000000,0.000000,0.000000,0.000000,0.000000,0.000000,0.000000,0.000000,0.000000,-0.947269,0.000000,0.000000,-1.366544,0.000000,0.000000,0.000000,0.000000,0.000000,0.000000,0.000000,0.000000,0.000000,0.000000,0.000000,0.000000,0.000000,0.000083,-0.065001,0.000030,-0.000165,-0.066585,0.000001,0.000003,0.000000,0.000000,0.000000,0.000000,0.000000,0.000000,-0.000134,-0.000030,-0.044929,-0.000070,-0.000001,-0.060382,0.000003,0.000000,0.000000,0.000000,0.000000,0.000000,0.000000,-0.000065,0.000247,0.000097,-0.109933,-0.000000,-0.000000,-0.125614
1.690000,-2.771537,0.000000,0.000000,-3.264504,0.000000,0.000000,0.000000,0.000000,0.000000,0.000000,0.000000,0.000000,0.000000,0.000000,-2.701917,0.000000,0.000000,-3.195311,0.000000,0.000000,0.000000,0.000000,0.000000,0.000000,0.000000,0.000000,0.000000,0.000000,-0.947154,0.000000,0.000000,-1.366481,0.000000,0.000000,0.000000,0.000000,0.000000,0.000000,0.000000,0.000000,0.000000,0.000000,0.000000,0.000000,0.000000,0.000082,-0.064960,0.000030,-0.000164,-0.066584,0.000001,0.000003,0.000000,0.000000,0.000000,0.000000,0.000000,0.000000,-0.000133,-0.000030,-0.044884,-0.000070,-0.000001,-0.060381,0.000003,0.000000,0.000000,0.000000,0.000000,0.000000,0.000000,-0.000065,0.000246,0.000096,-0.109846,-0.000000,-0.000000,-0.125613
1.700000,-2.771339,0.000000,0.000000,-3.264474,0.000000,0.000000,-0.000000,0.000000,-0.000000,0.000000,0.000000,-0.000000,-0.000000,0.000000,-2.701721,0.000000,0.000000,-3.195280,0.000000,0.000000,0.000000,0.000000,0.000000,0.000000,0.000000,0.000000,0.000000,0.000000,-0.947036,0.000000,0.000000,-1.366416,0.000000,0.000000,0.000000,0.000000,0.000000,0.000000,0.000000,0.000000,0.000000,0.000000,0.000000,0.000000,0.000000,0.000082,-0.064918,0.000029,-0.000163,-0.066584,0.000001,0.000003,0.000000,0.000000,0.000000,0.000000,0.000000,0.000000,-0.000132,-0.000030,-0.044838,-0.000069,-0.000001,-0.060380,0.000003,-0.000000,-0.000000,-0.000000,-0.000000,-0.000000,-0.000000,-0.000065,0.000245,0.000095,-0.109759,-0.000000,-0.000000,-0.125612
1.710000,-2.771138,0.000000,0.000000,-3.264444,0.000000,0.000000,0.000000,0.000000,0.000000,0.000000,0.000000,0.000000,0.000000,0.000000,-2.701522,0.000000,0.000000,-3.195249,0.000000,0.000000,0.000000,0.000000,0.000000,0.000000,0.000000,0.000000,0.000000,0.000000,-0.946916,0.000000,0.000000,-1.366350,0.000000,0.000000,0.000000,0.000000,0.000000,0.000000,0.000000,0.000000,0.000000,0.000000,0.000000,0.000000,0.000000,0.000081,-0.064876,0.000029,-0.000163,-0.066583,0.000001,0.000003,0.000000,0.000000,0.000000,0.000000,0.000000,0.000000,-0.000132,-0.000030,-0.044791,-0.000068,-0.000001,-0.060380,0.000003,0.000000,0.000000,0.000000,0.000000,0.000000,0.000000,-0.000064,0.000244,0.000094,-0.109671,-0.000000,-0.000000,-0.125610
1.720000,-2.770932,0.000000,0.000000,-3.264413,0.000000,0.000000,0.000000,0.000000,0.000000,0.000000,0.000000,0.000000,0.000000,0.000000,-2.701318,0.000000,0.000000,-3.195218,0.000000,0.000000,0.000000,0.000000,0.000000,0.000000,0.000000,0.000000,0.000000,0.000000,-0.946793,0.000000,0.000000,-1.366282,0.000000,0.000000,0.000000,0.000000,0.000000,0.000000,0.000000,0.000000,0.000000,0.000000,0.000000,0.000000,0.000000,0.000080,-0.064833,0.000029,-0.000162,-0.066583,0.000001,0.000003,0.000000,0.000000,0.000000,0.000000,0.000000,0.000000,-0.000131,-0.000030,-0.044745,-0.000068,-0.000001,-0.060379,0.000003,0.000000,0.000000,0.000000,0.000000,0.000000,0.000000,-0.000064,0.000243,0.000094,-0.109582,-0.000000,-0.000000,-0.125609
1.730000,-2.770722,0.000000,0.000000,-3.264381,0.000000,0.000000,0.000000,0.000000,0.000000,0.000000,0.000000,0.000000,0.000000,0.000000,-2.701111,0.000000,0.000000,-3.195186,0.000000,0.000000,0.000000,0.000000,0.000000,0.000000,0.000000,0.000000,0.000000,0.000000,-0.946667,0.000000,0.000000,-1.366213,0.000000,0.000000,0.000000,0.000000,0.000000,0.000000,0.000000,0.000000,0.000000,0.000000,0.000000,0.000000,0.000000,0.000080,-0.064791,0.000029,-0.000161,-0.066582,0.000001,0.000003,0.000000,0.000000,0.000000,0.000000,0.000000,0.000000,-0.000131,-0.000030,-0.044698,-0.000067,-0.000001,-0.060379,0.000003,0.000000,0.000000,0.000000,0.000000,0.000000,0.000000,-0.000064,0.000242,0.000093,-0.109492,-0.000000,-0.000000,-0.125608
1.740000,-2.770508,0.000000,0.000000,-3.264349,0.000000,0.000000,0.000000,0.000000,0.000000,0.000000,0.000000,0.000000,0.000000,0.000000,-2.700899,0.000000,0.000000,-3.195153,0.000000,0.000000,0.000000,0.000000,0.000000,0.000000,0.000000,0.000000,0.000000,0.000000,-0.946539,0.000000,0.000000,-1.366142,0.000000,0.000000,0.000000,0.000000,0.000000,0.000000,0.000000,0.000000,0.000000,0.000000,0.000000,0.000000,0.000000,0.000079,-0.064747,0.000029,-0.000161,-0.066582,0.000001,0.000003,0.000000,0.000000,0.000000,0.000000,0.000000,0.000000,-0.000130,-0.000030,-0.044650,-0.000067,-0.000001,-0.060378,0.000003,0.000000,0.000000,0.000000,0.000000,0.000000,0.000000,-0.000063,0.000241,0.000092,-0.109402,-0.000000,-0.000000,-0.125607
1.750000,-2.770290,0.000000,0.000000,-3.264316,0.000000,0.000000,-0.000000,0.000000,-0.000000,0.000000,0.000000,-0.000000,-0.000000,0.000000,-2.700683,0.000000,0.000000,-3.195119,0.000000,0.000000,0.000000,0.000000,0.000000,0.000000,0.000000,0.000000,0.000000,0.000000,-0.946408,0.000000,0.000000,-1.366070,0.000000,0.000000,0.000000,0.000000,0.000000,0.000000,0.000000,0.000000,0.000000,0.000000,0.000000,0.000000,0.000000,0.000078,-0.064704,0.000029,-0.000160,-0.066581,0.000001,0.000003,0.000000,0.000000,0.000000,0.000000,0.000000,0.000000,-0.000130,-0.000030,-0.044602,-0.000066,-0.000001,-0.060377,0.000003,-0.000000,-0.000000,-0.000000,-0.000000,-0.000000,-0.000000,-0.000063,0.000240,0.000092,-0.109311,-0.000000,-0.000000,-0.125606
1.760000,-2.770067,0.000000,0.000000,-3.264282,0.000000,0.000000,0.000000,0.000000,0.000000,0.000000,0.000000,0.000000,0.000000,0.000000,-2.700462,0.000000,0.000000,-3.195085,0.000000,0.000000,0.000000,0.000000,0.000000,0.000000,0.000000,0.000000,0.000000,0.000000,-0.946274,0.000000,0.000000,-1.365997,0.000000,0.000000,0.000000,0.000000,0.000000,0.000000,0.000000,0.000000,0.000000,0.000000,0.000000,0.000000,0.000000,0.000078,-0.064659,0.000029,-0.000159,-0.066580,0.000001,0.000003,0.000000,0.000000,0.000000,0.000000,0.000000,0.000000,-0.000129,-0.000029,-0.044554,-0.000065,-0.000001,-0.060377,0.000003,0.000000,0.000000,0.000000,0.000000,0.000000,0.000000,-0.000063,0.000239,0.000091,-0.109218,-0.000000,-0.000000,-0.125605
1.770000,-2.769840,0.000000,0.000000,-3.264248,0.000000,0.000000,0.000000,0.000000,0.000000,0.000000,0.000000,0.000000,0.000000,0.000000,-2.700238,0.000000,0.000000,-3.195050,0.000000,0.000000,0.000000,0.000000,0.000000,0.000000,0.000000,0.000000,0.000000,0.000000,-0.946137,0.000000,0.000000,-1.365921,0.000000,0.000000,0.000000,0.000000,0.000000,0.000000,0.000000,0.000000,0.000000,0.000000,0.000000,0.000000,0.000000,0.000077,-0.064615,0.000029,-0.000159,-0.066580,0.000001,0.000003,0.000000,0.000000,0.000000,0.000000,0.000000,0.000000,-0.000128,-0.000029,-0.044506,-0.000065,-0.000001,-0.060376,0.000003,0.000000,0.000000,0.000000,0.000000,0.000000,0.000000,-0.000063,0.000238,0.000090,-0.109126,-0.000000,-0.000000,-0.125603
1.780000,-2.769608,0.000000,0.000000,-3.264213,0.000000,0.000000,0.000000,0.000000,0.000000,0.000000,0.000000,0.000000,0.000000,0.000000,-2.700008,0.000000,0.000000,-3.195015,0.000000,0.000000,0.000000,0.000000,0.000000,0.000000,0.000000,0.000000,0.000000,0.000000,-0.945997,0.000000,0.000000,-1.365845,0.000000,0.000000,0.000000,0.000000,0.000000,0.000000,0.000000,0.000000,0.000000,0.000000,0.000000,0.000000,0.000000,0.000076,-0.064570,0.000029,-0.000158,-0.066579,0.000001,0.000003,0.000000,0.000000,0.000000,0.000000,0.000000,0.000000,-0.000128,-0.000029,-0.044457,-0.000064,-0.000001,-0.060376,0.000002,0.000000,0.000000,0.000000,0.000000,0.000000,0.000000,-0.000062,0.000236,0.000089,-0.109032,-0.000000,-0.000000,-0.125602
1.790000,-2.769371,0.000000,0.000000,-3.264178,0.000000,0.000000,0.000000,0.000000,0.000000,0.000000,0.000000,0.000000,0.000000,0.000000,-2.699774,0.000000,0.000000,-3.194978,0.000000,0.000000,0.000000,0.000000,0.000000,0.000000,0.000000,0.000000,0.000000,0.000000,-0.945854,0.000000,0.000000,-1.365766,0.000000,0.000000,0.000000,0.000000,0.000000,0.000000,0.000000,0.000000,0.000000,0.000000,0.000000,0.000000,0.000000,0.000076,-0.064524,0.000029,-0.000157,-0.066579,0.000001,0.000003,0.000000,0.000000,0.000000,0.000000,0.000000,0.000000,-0.000127,-0.000029,-0.044408,-0.000064,-0.000001,-0.060375,0.000002,0.000000,0.000000,0.000000,0.000000,0.000000,0.000000,-0.000062,0.000235,0.000089,-0.108937,-0.000000,-0.000000,-0.125601
1.800000,-2.769130,0.000000,0.000000,-3.264141,0.000000,0.000000,-0.000000,0.000000,-0.000000,0.000000,0.000000,-0.000000,-0.000000,0.000000,-2.699535,0.000000,0.000000,-3.194941,0.000000,0.000000,0.000000,0.000000,0.000000,0.000000,0.000000,0.000000,0.000000,0.000000,-0.945708,0.000000,0.000000,-1.365686,0.000000,0.000000,0.000000,0.000000,0.000000,0.000000,0.000000,0.000000,0.000000,0.000000,0.000000,0.000000,0.000000,0.000075,-0.064478,0.000028,-0.000157,-0.066578,0.000001,0.000003,0.000000,0.000000,0.000000,0.000000,0.000000,0.000000,-0.000127,-0.000029,-0.044358,-0.000063,-0.000001,-0.060374,0.000002,-0.000000,-0.000000,-0.000000,-0.000000,-0.000000,-0.000000,-0.000062,0.000234,0.000088,-0.108842,-0.000000,-0.000000,-0.125600
1.810000,-2.768884,0.000000,0.000000,-3.264104,0.000000,0.000000,0.000000,0.000000,0.000000,0.000000,0.000000,0.000000,0.000000,0.000000,-2.699292,0.000000,0.000000,-3.194903,0.000000,0.000000,0.000000,0.000000,0.000000,0.000000,0.000000,0.000000,0.000000,0.000000,-0.945559,0.000000,0.000000,-1.365604,0.000000,0.000000,0.000000,0.000000,0.000000,0.000000,0.000000,0.000000,0.000000,0.000000,0.000000,0.000000,0.000000,0.000074,-0.064432,0.000028,-0.000156,-0.066578,0.000000,0.000003,0.000000,0.000000,0.000000,0.000000,0.000000,0.000000,-0.000126,-0.000029,-0.044308,-0.000063,-0.000001,-0.060374,0.000003,0.000000,0.000000,0.000000,0.000000,0.000000,0.000000,-0.000061,0.000233,0.000087,-0.108745,-0.000000,-0.000000,-0.125599
1.820000,-2.768633,0.000000,0.000000,-3.264066,0.000000,0.000000,0.000000,0.000000,0.000000,0.000000,0.000000,0.000000,0.000000,0.000000,-2.699043,0.000000,0.000000,-3.194865,0.000000,0.000000,0.000000,0.000000,0.000000,0.000000,0.000000,0.000000,0.000000,0.000000,-0.945406,0.000000,0.000000,-1.365521,0.000000,0.000000,0.000000,0.000000,0.000000,0.000000,0.000000,0.000000,0.000000,0.000000,0.000000,0.000000,0.000000,0.000074,-0.064385,0.000028,-0.000155,-0.066577,0.000000,0.000003,0.000000,0.000000,0.000000,0.000000,0.000000,0.000000,-0.000126,-0.000029,-0.044258,-0.000062,-0.000001,-0.060373,0.000003,0.000000,0.000000,0.000000,0.000000,0.000000,0.000000,-0.000061,0.000232,0.000086,-0.108648,-0.000000,-0.000000,-0.125597
1.830000,-2.768377,0.000000,0.000000,-3.264028,0.000000,0.000000,0.000000,0.000000,0.000000,0.000000,0.000000,0.000000,0.000000,0.000000,-2.698790,0.000000,0.000000,-3.194826,0.000000,0.000000,0.000000,0.000000,0.000000,0.000000,0.000000,0.000000,0.000000,0.000000,-0.945250,0.000000,0.000000,-1.365435,0.000000,0.000000,0.000000,0.000000,0.000000,0.000000,0.000000,0.000000,0.000000,0.000000,0.000000,0.000000,0.000000,0.000073,-0.064337,0.000028,-0.000154,-0.066576,0.000000,0.000003,0.000000,0.000000,0.000000,0.000000,0.000000,0.000000,-0.000125,-0.000029,-0.044207,-0.000061,-0.000001,-0.060372,0.000003,0.000000,0.000000,0.000000,0.000000,0.000000,0.000000,-0.000061,0.000231,0.000086,-0.108550,-0.000000,-0.000000,-0.125596
1.840000,-2.768115,0.000000,0.000000,-3.263989,0.000000,0.000000,0.000000,0.000000,0.000000,0.000000,0.000000,0.000000,0.000000,0.000000,-2.698531,0.000000,0.000000,-3.194785,0.000000,0.000000,0.000000,0.000000,0.000000,0.000000,0.000000,0.000000,0.000000,0.000000,-0.945091,0.000000,0.000000,-1.365348,0.000000,0.000000,0.000000,0.000000,0.000000,0.000000,0.000000,0.000000,0.000000,0.000000,0.000000,0.000000,0.000000,0.000073,-0.064290,0.000028,-0.000154,-0.066576,0.000000,0.000003,0.000000,0.000000,0.000000,0.000000,0.000000,0.000000,-0.000125,-0.000029,-0.044156,-0.000061,-0.000001,-0.060372,0.000002,0.000000,0.000000,0.000000,0.000000,0.000000,0.000000,-0.000061,0.000230,0.000085,-0.108451,-0.000000,-0.000000,-0.125595
1.850000,-2.767849,0.000000,0.000000,-3.263948,0.000000,0.000000,-0.000000,0.000000,-0.000000,0.000000,0.000000,-0.000000,-0.000000,0.000000,-2.698268,0.000000,0.000000,-3.194745,0.000000,0.000000,0.000000,0.000000,0.000000,0.000000,0.000000,0.000000,0.000000,0.000000,-0.944928,0.000000,0.000000,-1.365259,0.000000,0.000000,0.000000,0.000000,0.000000,0.000000,0.000000,0.000000,0.000000,0.000000,0.000000,0.000000,0.000000,0.000072,-0.064241,0.000028,-0.000153,-0.066575,0.000000,0.000003,0.000000,0.000000,0.000000,0.000000,0.000000,0.000000,-0.000124,-0.000029,-0.044105,-0.000060,-0.000001,-0.060371,0.000002,-0.000000,-0.000000,-0.000000,-0.000000,-0.000000,-0.000000,-0.000060,0.000229,0.000085,-0.108352,-0.000000,-0.000000,-0.125593
1.860000,-2.767577,0.000000,0.000000,-3.263907,0.000000,0.000000,0.000000,0.000000,0.000000,0.000000,0.000000,0.000000,0.000000,0.000000,-2.697999,0.000000,0.000000,-3.194703,0.000000,0.000000,0.000000,0.000000,0.000000,0.000000,0.000000,0.000000,0.000000,0.000000,-0.944762,0.000000,0.000000,-1.365168,0.000000,0.000000,0.000000,0.000000,0.000000,0.000000,0.000000,0.000000,0.000000,0.000000,0.000000,0.000000,0.000000,0.000071,-0.064192,0.000028,-0.000152,-0.066575,0.000000,0.000003,0.000000,0.000000,0.000000,0.000000,0.000000,0.000000,-0.000123,-0.000028,-0.044053,-0.000060,-0.000001,-0.060370,0.000002,0.000000,0.000000,0.000000,0.000000,0.000000,0.000000,-0.000060,0.000228,0.000084,-0.108251,-0.000000,-0.000000,-0.125592
1.870000,-2.767300,0.000000,0.000000,-3.263866,0.000000,0.000000,0.000000,0.000000,0.000000,0.000000,0.000000,0.000000,0.000000,0.000000,-2.697724,0.000000,0.000000,-3.194660,0.000000,0.000000,0.000000,0.000000,0.000000,0.000000,0.000000,0.000000,0.000000,0.000000,-0.944592,0.000000,0.000000,-1.365075,0.000000,0.000000,0.000000,0.000000,0.000000,0.000000,0.000000,0.000000,0.000000,0.000000,0.000000,0.000000,0.000000,0.000071,-0.064143,0.000027,-0.000152,-0.066574,0.000000,0.000003,0.000000,0.000000,0.000000,0.000000,0.000000,0.000000,-0.000123,-0.000028,-0.044000,-0.000059,-0.000001,-0.060370,0.000002,0.000000,0.000000,0.000000,0.000000,0.000000,0.000000,-0.000060,0.000226,0.000084,-0.108150,-0.000000,-0.000000,-0.125591
1.880000,-2.767017,0.000000,0.000000,-3.263823,0.000000,0.000000,0.000000,0.000000,0.000000,0.000000,0.000000,0.000000,0.000000,0.000000,-2.697444,0.000000,0.000000,-3.194617,0.000000,0.000000,0.000000,0.000000,0.000000,0.000000,0.000000,0.000000,0.000000,0.000000,-0.944418,0.000000,0.000000,-1.364981,0.000000,0.000000,0.000000,0.000000,0.000000,0.000000,0.000000,0.000000,0.000000,0.000000,0.000000,0.000000,0.000000,0.000070,-0.064093,0.000027,-0.000151,-0.066573,0.000000,0.000003,0.000000,0.000000,0.000000,0.000000,0.000000,0.000000,-0.000122,-0.000028,-0.043948,-0.000059,-0.000001,-0.060369,0.000002,0.000000,0.000000,0.000000,0.000000,0.000000,0.000000,-0.000060,0.000225,0.000084,-0.108047,-0.000000,-0.000000,-0.125590
1.890000,-2.766728,0.000000,0.000000,-3.263780,0.000000,0.000000,0.000000,0.000000,0.000000,0.000000,0.000000,0.000000,0.000000,0.000000,-2.697158,0.000000,0.000000,-3.194573,0.000000,0.000000,0.000000,0.000000,0.000000,0.000000,0.000000,0.000000,0.000000,0.000000,-0.944241,0.000000,0.000000,-1.364884,0.000000,0.000000,0.000000,0.000000,0.000000,0.000000,0.000000,0.000000,0.000000,0.000000,0.000000,0.000000,0.000000,0.000070,-0.064043,0.000027,-0.000150,-0.066573,0.000001,0.000003,0.000000,0.000000,0.000000,0.000000,0.000000,0.000000,-0.000122,-0.000028,-0.043895,-0.000059,-0.000001,-0.060368,0.000002,0.000000,0.000000,0.000000,0.000000,0.000000,0.000000,-0.000060,0.000224,0.000084,-0.107944,-0.000000,-0.000000,-0.125588
1.900000,-2.766433,0.000000,0.000000,-3.263735,0.000000,0.000000,-0.000000,0.000000,-0.000000,0.000000,0.000000,-0.000000,-0.000000,0.000000,-2.696867,0.000000,0.000000,-3.194527,0.000000,0.000000,0.000000,0.000000,0.000000,0.000000,0.000000,0.000000,0.000000,0.000000,-0.944060,0.000000,0.000000,-1.364785,0.000000,0.000000,0.000000,0.000000,0.000000,0.000000,0.000000,0.000000,0.000000,0.000000,0.000000,0.000000,0.000000,0.000069,-0.063992,0.000027,-0.000149,-0.066572,0.000001,0.000003,0.000000,0.000000,0.000000,0.000000,0.000000,0.000000,-0.000121,-0.000027,-0.043841,-0.000058,-0.000001,-0.060368,0.000002,-0.000000,-0.000000,-0.000000,-0.000000,-0.000000,-0.000000,-0.000059,0.000223,0.000083,-0.107840,-0.000000,-0.000000,-0.125587
1.910000,-2.766133,0.000000,0.000000,-3.263690,0.000000,0.000000,0.000000,0.000000,0.000000,0.000000,0.000000,0.000000,0.000000,0.000000,-2.696570,0.000000,0.000000,-3.194481,0.000000,0.000000,0.000000,0.000000,0.000000,0.000000,0.000000,0.000000,0.000000,0.000000,-0.943875,0.000000,0.000000,-1.364684,0.000000,0.000000,0.000000,0.000000,0.000000,0.000000,0.000000,0.000000,0.000000,0.000000,0.000000,0.000000,0.000000,0.000069,-0.063941,0.000026,-0.000148,-0.066571,0.000001,0.000003,0.000000,0.000000,0.000000,0.000000,0.000000,0.000000,-0.000120,-0.000027,-0.043787,-0.000058,-0.000001,-0.060367,0.000002,0.000000,0.000000,0.000000,0.000000,0.000000,0.000000,-0.000059,0.000222,0.000083,-0.107734,-0.000000,-0.000000,-0.125586
1.920000,-2.765827,0.000000,0.000000,-3.263644,0.000000,0.000000,0.000000,0.000000,0.000000,0.000000,0.000000,0.000000,0.000000,0.000000,-2.696266,0.000000,0.000000,-3.194434,0.000000,0.000000,0.000000,0.000000,0.000000,0.000000,0.000000,0.000000,0.000000,0.000000,-0.943686,0.000000,0.000000,-1.364581,0.000000,0.000000,0.000000,0.000000,0.000000,0.000000,0.000000,0.000000,0.000000,0.000000,0.000000,0.000000,0.000000,0.000068,-0.063889,0.000026,-0.000148,-0.066571,0.000001,0.000003,0.000000,0.000000,0.000000,0.000000,0.000000,0.000000,-0.000120,-0.000027,-0.043733,-0.000058,-0.000001,-0.060366,0.000001,0.000000,0.000000,0.000000,0.000000,0.000000,0.000000,-0.000059,0.000221,0.000083,-0.107628,-0.000000,-0.000000,-0.125584
1.930000,-2.765514,0.000000,0.000000,-3.263597,0.000000,0.000000,0.000000,0.000000,0.000000,0.000000,0.000000,0.000000,0.000000,0.000000,-2.695957,0.000000,0.000000,-3.194386,0.000000,0.000000,0.000000,0.000000,0.000000,0.000000,0.000000,0.000000,0.000000,0.000000,-0.943492,0.000000,0.000000,-1.364476,0.000000,0.000000,0.000000,0.000000,0.000000,0.000000,0.000000,0.000000,0.000000,0.000000,0.000000,0.000000,0.000000,0.000068,-0.063837,0.000026,-0.000147,-0.066570,0.000001,0.000003,0.000000,0.000000,0.000000,0.000000,0.000000,0.000000,-0.000119,-0.000027,-0.043679,-0.000057,-0.000001,-0.060366,0.000001,0.000000,0.000000,0.000000,0.000000,0.000000,0.000000,-0.000058,0.000219,0.000082,-0.107521,-0.000000,-0.000000,-0.125583
1.940000,-2.765195,0.000000,0.000000,-3.263549,0.000000,0.000000,0.000000,0.000000,0.000000,0.000000,0.000000,0.000000,0.000000,0.000000,-2.695642,0.000000,0.000000,-3.194337,0.000000,0.000000,0.000000,0.000000,0.000000,0.000000,0.000000,0.000000,0.000000,0.000000,-0.943295,0.000000,0.000000,-1.364368,0.000000,0.000000,0.000000,0.000000,0.000000,0.000000,0.000000,0.000000,0.000000,0.000000,0.000000,0.000000,0.000000,0.000067,-0.063784,0.000026,-0.000146,-0.066569,0.000001,0.000003,0.000000,0.000000,0.000000,0.000000,0.000000,0.000000,-0.000119,-0.000027,-0.043624,-0.000057,-0.000001,-0.060365,0.000001,0.000000,0.000000,0.000000,0.000000,0.000000,0.000000,-0.000058,0.000218,0.000082,-0.107413,-0.000000,-0.000000,-0.125581
1.950000,-2.764870,0.000000,0.000000,-3.263500,0.000000,0.000000,-0.000000,0.000000,-0.000000,0.000000,0.000000,-0.000000,-0.000000,0.000000,-2.695320,0.000000,0.000000,-3.194287,0.000000,0.000000,0.000000,0.000000,0.000000,0.000000,0.000000,0.000000,0.000000,0.000000,-0.943093,0.000000,0.000000,-1.364259,0.000000,0.000000,0.000000,0.000000,0.000000,0.000000,0.000000,0.000000,0.000000,0.000000,0.000000,0.000000,0.000000,0.000067,-0.063731,0.000026,-0.000145,-0.066569,0.000001,0.000003,0.000000,0.000000,0.000000,0.000000,0.000000,0.000000,-0.000118,-0.000027,-0.043568,-0.000057,-0.000001,-0.060364,0.000001,-0.000000,-0.000000,-0.000000,-0.000000,-0.000000,-0.000000,-0.000058,0.000217,0.000081,-0.107304,-0.000000,-0.000000,-0.125580
1.960000,-2.764538,0.000000,0.000000,-3.263450,0.000000,0.000000,0.000000,0.000000,0.000000,0.000000,0.000000,0.000000,0.000000,0.000000,-2.694991,0.000000,0.000000,-3.194236,0.000000,0.000000,0.000000,0.000000,0.000000,0.000000,0.000000,0.000000,0.000000,0.000000,-0.942887,0.000000,0.000000,-1.364147,0.000000,0.000000,0.000000,0.000000,0.000000,0.000000,0.000000,0.000000,0.000000,0.000000,0.000000,0.000000,0.000000,0.000067,-0.063677,0.000026,-0.000145,-0.066568,0.000001,0.000003,0.000000,0.000000,0.000000,0.000000,0.000000,0.000000,-0.000117,-0.000026,-0.043512,-0.000056,-0.000001,-0.060364,0.000001,0.000000,0.000000,0.000000,0.000000,0.000000,0.000000,-0.000057,0.000216,0.000081,-0.107194,-0.000000,-0.000000,-0.125579
1.970000,-2.764199,0.000000,0.000000,-3.263399,0.000000,0.000000,0.000000,0.000000,0.000000,0.000000,0.000000,0.000000,0.000000,0.000000,-2.694656,0.000000,0.000000,-3.194184,0.000000,0.000000,0.000000,0.000000,0.000000,0.000000,0.000000,0.000000,0.000000,0.000000,-0.942677,0.000000,0.000000,-1.364032,0.000000,0.000000,0.000000,0.000000,0.000000,0.000000,0.000000,0.000000,0.000000,0.000000,0.000000,0.000000,0.000000,0.000066,-0.063622,0.000026,-0.000144,-0.066567,0.000001,0.000003,0.000000,0.000000,0.000000,0.000000,0.000000,0.000000,-0.000117,-0.000026,-0.043456,-0.000056,-0.000001,-0.060363,0.000001,0.000000,0.000000,0.000000,0.000000,0.000000,0.000000,-0.000057,0.000215,0.000080,-0.107084,-0.000000,-0.000000,-0.125577
1.980000,-2.763854,0.000000,0.000000,-3.263347,0.000000,0.000000,0.000000,0.000000,0.000000,0.000000,0.000000,0.000000,0.000000,0.000000,-2.694315,0.000000,0.000000,-3.194131,0.000000,0.000000,0.000000,0.000000,0.000000,0.000000,0.000000,0.000000,0.000000,0.000000,-0.942462,0.000000,0.000000,-1.363916,0.000000,0.000000,0.000000,0.000000,0.000000,0.000000,0.000000,0.000000,0.000000,0.000000,0.000000,0.000000,0.000000,0.000066,-0.063567,0.000026,-0.000143,-0.066567,0.000001,0.000003,0.000000,0.000000,0.000000,0.000000,0.000000,0.000000,-0.000116,-0.000026,-0.043399,-0.000055,-0.000001,-0.060362,0.000001,0.000000,0.000000,0.000000,0.000000,0.000000,0.000000,-0.000057,0.000214,0.000080,-0.106972,-0.000000,-0.000000,-0.125576
1.990000,-2.763502,0.000000,0.000000,-3.263294,0.000000,0.000000,0.000000,0.000000,0.000000,0.000000,0.000000,0.000000,0.000000,0.000000,-2.693966,0.000000,0.000000,-3.194077,0.000000,0.000000,0.000000,0.000000,0.000000,0.000000,0.000000,0.000000,0.000000,0.000000,-0.942243,0.000000,0.000000,-1.363796,0.000000,0.000000,0.000000,0.000000,0.000000,0.000000,0.000000,0.000000,0.000000,0.000000,0.000000,0.000000,0.000000,0.000065,-0.063512,0.000026,-0.000142,-0.066566,0.000001,0.000003,0.000000,0.000000,0.000000,0.000000,0.000000,0.000000,-0.000116,-0.000026,-0.043342,-0.000055,-0.000001,-0.060362,0.000001,0.000000,0.000000,0.000000,0.000000,0.000000,0.000000,-0.000056,0.000213,0.000079,-0.106859,-0.000000,-0.000000,-0.125574
2.000000,-2.763142,0.000000,0.000000,-3.263239,0.000000,0.000000,-0.000000,0.000000,-0.000000,0.000000,0.000000,-0.000000,-0.000000,0.000000,-2.693610,0.000000,0.000000,-3.194022,0.000000,0.000000,0.000000,0.000000,0.000000,0.000000,0.000000,0.000000,0.000000,0.000000,-0.942019,0.000000,0.000000,-1.363675,0.000000,0.000000,0.000000,0.000000,0.000000,0.000000,0.000000,0.000000,0.000000,0.000000,0.000000,0.000000,0.000000,0.000065,-0.063456,0.000025,-0.000142,-0.066565,0.000001,0.000003,0.000000,0.000000,0.000000,0.000000,0.000000,0.000000,-0.000115,-0.000026,-0.043285,-0.000055,-0.000001,-0.060361,0.000002,-0.000000,-0.000000,-0.000000,-0.000000,-0.000000,-0.000000,-0.000056,0.000212,0.000079,-0.106745,-0.000000,-0.000000,-0.125573
2.010000,-2.762776,0.000000,0.000000,-3.263184,0.000000,0.000000,0.000000,0.000000,0.000000,0.000000,0.000000,0.000000,0.000000,0.000000,-2.693248,0.000000,0.000000,-3.193966,0.000000,0.000000,0.000000,0.000000,0.000000,0.000000,0.000000,0.000000,0.000000,0.000000,-0.941790,0.000000,0.000000,-1.363550,0.000000,0.000000,0.000000,0.000000,0.000000,0.000000,0.000000,0.000000,0.000000,0.000000,0.000000,0.000000,0.000000,0.000065,-0.063399,0.000025,-0.000141,-0.066565,0.000001,0.000003,0.000000,0.000000,0.000000,0.000000,0.000000,0.000000,-0.000114,-0.000026,-0.043227,-0.000054,-0.000001,-0.060360,0.000002,0.000000,0.000000,0.000000,0.000000,0.000000,0.000000,-0.000056,0.000211,0.000078,-0.106630,-0.000000,-0.000000,-0.125571
2.020000,-2.762402,0.000000,0.000000,-3.263128,0.000000,0.000000,0.000000,0.000000,0.000000,0.000000,0.000000,0.000000,0.000000,0.000000,-2.692878,0.000000,0.000000,-3.193909,0.000000,0.000000,0.000000,0.000000,0.000000,0.000000,0.000000,0.000000,0.000000,0.000000,-0.941556,0.000000,0.000000,-1.363424,0.000000,0.000000,0.000000,0.000000,0.000000,0.000000,0.000000,0.000000,0.000000,0.000000,0.000000,0.000000,0.000000,0.000064,-0.063342,0.000025,-0.000140,-0.066564,0.000001,0.000003,0.000000,0.000000,0.000000,0.000000,0.000000,0.000000,-0.000114,-0.000026,-0.043168,-0.000054,-0.000001,-0.060359,0.000001,0.000000,0.000000,0.000000,0.000000,0.000000,0.000000,-0.000055,0.000210,0.000078,-0.106515,-0.000000,-0.000000,-0.125570
2.030000,-2.762020,0.000000,0.000000,-3.263070,0.000000,0.000000,0.000000,0.000000,0.000000,0.000000,0.000000,0.000000,0.000000,0.000000,-2.692500,0.000000,0.000000,-3.193850,0.000000,0.000000,0.000000,0.000000,0.000000,0.000000,0.000000,0.000000,0.000000,0.000000,-0.941317,0.000000,0.000000,-1.363294,0.000000,0.000000,0.000000,0.000000,0.000000,0.000000,0.000000,0.000000,0.000000,0.000000,0.000000,0.000000,0.000000,0.000064,-0.063285,0.000025,-0.000139,-0.066563,0.000001,0.000003,0.000000,0.000000,0.000000,0.000000,0.000000,0.000000,-0.000113,-0.000026,-0.043109,-0.000054,-0.000001,-0.060359,0.000001,0.000000,0.000000,0.000000,0.000000,0.000000,0.000000,-0.000055,0.000209,0.000077,-0.106398,-0.000000,-0.000000,-0.125568
2.040000,-2.761631,0.000000,0.000000,-3.263012,0.000000,0.000000,0.000000,0.000000,0.000000,0.000000,0.000000,0.000000,0.000000,0.000000,-2.692115,0.000000,0.000000,-3.193790,0.000000,0.000000,0.000000,0.000000,0.000000,0.000000,0.000000,0.000000,0.000000,0.000000,-0.941073,0.000000,0.000000,-1.363162,0.000000,0.000000,0.000000,0.000000,0.000000,0.000000,0.000000,0.000000,0.000000,0.000000,0.000000,0.000000,0.000000,0.000063,-0.063226,0.000025,-0.000139,-0.066562,0.000001,0.000003,0.000000,0.000000,0.000000,0.000000,0.000000,0.000000,-0.000113,-0.000026,-0.043050,-0.000053,-0.000001,-0.060358,0.000001,0.000000,0.000000,0.000000,0.000000,0.000000,0.000000,-0.000055,0.000208,0.000077,-0.106280,-0.000000,-0.000000,-0.125567
2.050000,-2.761234,0.000000,0.000000,-3.262952,0.000000,0.000000,-0.000000,0.000000,-0.000000,0.000000,0.000000,-0.000000,-0.000000,0.000000,-2.691722,0.000000,0.000000,-3.193729,0.000000,0.000000,0.000000,0.000000,0.000000,0.000000,0.000000,0.000000,0.000000,0.000000,-0.940824,0.000000,0.000000,-1.363027,0.000000,0.000000,0.000000,0.000000,0.000000,0.000000,0.000000,0.000000,0.000000,0.000000,0.000000,0.000000,0.000000,0.000063,-0.063167,0.000025,-0.000138,-0.066562,0.000001,0.000003,0.000000,0.000000,0.000000,0.000000,0.000000,0.000000,-0.000112,-0.000026,-0.042991,-0.000053,-0.000001,-0.060357,0.000001,-0.000000,-0.000000,-0.000000,-0.000000,-0.000000,-0.000000,-0.000055,0.000207,0.000077,-0.106161,-0.000000,-0.000000,-0.125565
2.060000,-2.760829,0.000000,0.000000,-3.262891,0.000000,0.000000,0.000000,0.000000,0.000000,0.000000,0.000000,0.000000,0.000000,0.000000,-2.691322,0.000000,0.000000,-3.193667,0.000000,0.000000,0.000000,0.000000,0.000000,0.000000,0.000000,0.000000,0.000000,0.000000,-0.940569,0.000000,0.000000,-1.362890,0.000000,0.000000,0.000000,0.000000,0.000000,0.000000,0.000000,0.000000,0.000000,0.000000,0.000000,0.000000,0.000000,0.000063,-0.063108,0.000025,-0.000137,-0.066561,0.000001,0.000003,0.000000,0.000000,0.000000,0.000000,0.000000,0.000000,-0.000111,-0.000026,-0.042930,-0.000053,-0.000001,-0.060356,0.000001,0.000000,0.000000,0.000000,0.000000,0.000000,0.000000,-0.000054,0.000206,0.000076,-0.106041,-0.000000,-0.000000,-0.125564
2.070000,-2.760416,0.000000,0.000000,-3.262829,0.000000,0.000000,0.000000,0.000000,0.000000,0.000000,0.000000,0.000000,0.000000,0.000000,-2.690913,0.000000,0.000000,-3.193604,0.000000,0.000000,0.000000,0.000000,0.000000,0.000000,0.000000,0.000000,0.000000,0.000000,-0.940309,0.000000,0.000000,-1.362749,0.000000,0.000000,0.000000,0.000000,0.000000,0.000000,0.000000,0.000000,0.000000,0.000000,0.000000,0.000000,0.000000,0.000062,-0.063048,0.000025,-0.000136,-0.066560,0.000001,0.000003,0.000000,0.000000,0.000000,0.000000,0.000000,0.000000,-0.000111,-0.000025,-0.042870,-0.000052,-0.000001,-0.060356,0.000001,0.000000,0.000000,0.000000,0.000000,0.000000,0.000000,-0.000054,0.000205,0.000076,-0.105920,-0.000000,-0.000000,-0.125562
2.080000,-2.759994,0.000000,0.000000,-3.262765,0.000000,0.000000,0.000000,0.000000,0.000000,0.000000,0.000000,0.000000,0.000000,0.000000,-2.690496,0.000000,0.000000,-3.193539,0.000000,0.000000,0.000000,0.000000,0.000000,0.000000,0.000000,0.000000,0.000000,0.000000,-0.940044,0.000000,0.000000,-1.362606,0.000000,0.000000,0.000000,0.000000,0.000000,0.000000,0.000000,0.000000,0.000000,0.000000,0.000000,0.000000,0.000000,0.000062,-0.062987,0.000025,-0.000136,-0.066559,0.000000,0.000003,0.000000,0.000000,0.000000,0.000000,0.000000,0.000000,-0.000110,-0.000025,-0.042809,-0.000052,-0.000001,-0.060355,0.000001,0.000000,0.000000,0.000000,0.000000,0.000000,0.000000,-0.000054,0.000204,0.000075,-0.105798,-0.000000,-0.000000,-0.125561
2.090000,-2.759565,0.000000,0.000000,-3.262701,0.000000,0.000000,0.000000,0.000000,0.000000,0.000000,0.000000,0.000000,0.000000,0.000000,-2.690071,0.000000,0.000000,-3.193473,0.000000,0.000000,0.000000,0.000000,0.000000,0.000000,0.000000,0.000000,0.000000,0.000000,-0.939773,0.000000,0.000000,-1.362459,0.000000,0.000000,0.000000,0.000000,0.000000,0.000000,0.000000,0.000000,0.000000,0.000000,0.000000,0.000000,0.000000,0.000062,-0.062926,0.000025,-0.000135,-0.066559,0.000000,0.000003,0.000000,0.000000,0.000000,0.000000,0.000000,0.000000,-0.000110,-0.000025,-0.042747,-0.000052,-0.000001,-0.060354,0.000001,0.000000,0.000000,0.000000,0.000000,0.000000,0.000000,-0.000054,0.000202,0.000075,-0.105675,-0.000000,-0.000000,-0.125559
2.100000,-2.759126,0.000000,0.000000,-3.262635,0.000000,0.000000,-0.000000,0.000000,-0.000000,0.000000,0.000000,-0.000000,-0.000000,0.000000,-2.689637,0.000000,0.000000,-3.193406,0.000000,0.000000,0.000000,0.000000,0.000000,0.000000,0.000000,0.000000,0.000000,0.000000,-0.939496,0.000000,0.000000,-1.362310,0.000000,0.000000,0.000000,0.000000,0.000000,0.000000,0.000000,0.000000,0.000000,0.000000,0.000000,0.000000,0.000000,0.000061,-0.062865,0.000024,-0.000134,-0.066558,0.000000,0.000003,0.000000,0.000000,0.000000,0.000000,0.000000,0.000000,-0.000109,-0.000025,-0.042686,-0.000051,-0.000001,-0.060353,0.000001,-0.000000,-0.000000,-0.000000,-0.000000,-0.000000,-0.000000,-0.000053,0.000201,0.000075,-0.105551,-0.000000,-0.000000,-0.125557
2.110000,-2.758679,0.000000,0.000000,-3.262567,0.000000,0.000000,0.000000,0.000000,0.000000,0.000000,0.000000,0.000000,0.000000,0.000000,-2.689194,0.000000,0.000000,-3.193337,0.000000,0.000000,0.000000,0.000000,0.000000,0.000000,0.000000,0.000000,0.000000,0.000000,-0.939213,0.000000,0.000000,-1.362157,0.000000,0.000000,0.000000,0.000000,0.000000,0.000000,0.000000,0.000000,0.000000,0.000000,0.000000,0.000000,0.000000,0.000061,-0.062802,0.000024,-0.000134,-0.066557,0.000000,0.000003,0.000000,0.000000,0.000000,0.000000,0.000000,0.000000,-0.000109,-0.000025,-0.042623,-0.000051,-0.000001,-0.060352,0.000001,0.000000,0.000000,0.000000,0.000000,0.000000,0.000000,-0.000053,0.000200,0.000074,-0.105426,-0.000000,-0.000000,-0.125556
2.120000,-2.758223,0.000000,0.000000,-3.262498,0.000000,0.000000,0.000000,0.000000,0.000000,0.000000,0.000000,0.000000,0.000000,0.000000,-2.688743,0.000000,0.000000,-3.193267,0.000000,0.000000,0.000000,0.000000,0.000000,0.000000,0.000000,0.000000,0.000000,0.000000,-0.938925,0.000000,0.000000,-1.362002,0.000000,0.000000,0.000000,0.000000,0.000000,0.000000,0.000000,0.000000,0.000000,0.000000,0.000000,0.000000,0.000000,0.000061,-0.062739,0.000024,-0.000133,-0.066556,0.000000,0.000003,0.000000,0.000000,0.000000,0.000000,0.000000,0.000000,-0.000108,-0.000025,-0.042560,-0.000051,-0.000001,-0.060352,0.000001,0.000000,0.000000,0.000000,0.000000,0.000000,0.000000,-0.000053,0.000199,0.000074,-0.105300,-0.000000,-0.000000,-0.125554
2.130000,-2.757757,0.000000,0.000000,-3.262428,0.000000,0.000000,0.000000,0.000000,0.000000,0.000000,0.000000,0.000000,0.000000,0.000000,-2.688282,0.000000,0.000000,-3.193196,0.000000,0.000000,0.000000,0.000000,0.000000,0.000000,0.000000,0.000000,0.000000,0.000000,-0.938630,0.000000,0.000000,-1.361843,0.000000,0.000000,0.000000,0.000000,0.000000,0.000000,0.000000,0.000000,0.000000,0.000000,0.000000,0.000000,0.000000,0.000060,-0.062676,0.000024,-0.000132,-0.066555,0.000000,0.000003,0.000000,0.000000,0.000000,0.000000,0.000000,0.000000,-0.000107,-0.000025,-0.042497,-0.000050,-0.000001,-0.060351,0.000001,0.000000,0.000000,0.000000,0.000000,0.000000,0.000000,-0.000053,0.000198,0.000074,-0.105172,-0.000000,-0.000000,-0.125553
2.140000,-2.757282,0.000000,0.000000,-3.262357,0.000000,0.000000,0.000000,0.000000,0.000000,0.000000,0.000000,0.000000,0.000000,0.000000,-2.687813,0.000000,0.000000,-3.193123,0.000000,0.000000,0.000000,0.000000,0.000000,0.000000,0.000000,0.000000,0.000000,0.000000,-0.938329,0.000000,0.000000,-1.361681,0.000000,0.000000,0.000000,0.000000,0.000000,0.000000,0.000000,0.000000,0.000000,0.000000,0.000000,0.000000,0.000000,0.000060,-0.062611,0.000024,-0.000132,-0.066555,0.000000,0.000003,0.000000,0.000000,0.000000,0.000000,0.000000,0.000000,-0.000107,-0.000025,-0.042434,-0.000050,-0.000001,-0.060350,0.000001,0.000000,0.000000,0.000000,0.000000,0.000000,0.000000,-0.000052,0.000197,0.000073,-0.105044,-0.000000,-0.000000,-0.125551
2.150000,-2.756798,0.000000,0.000000,-3.262284,0.000000,0.000000,-0.000000,0.000000,-0.000000,0.000000,0.000000,-0.000000,-0.000000,0.000000,-2.687333,0.000000,0.000000,-3.193049,0.000000,0.000000,0.000000,0.000000,0.000000,0.000000,0.000000,0.000000,0.000000,0.000000,-0.938022,0.000000,0.000000,-1.361515,0.000000,0.000000,0.000000,0.000000,0.000000,0.000000,0.000000,0.000000,0.000000,0.000000,0.000000,0.000000,0.000000,0.000060,-0.062547,0.000024,-0.000131,-0.066554,0.000000,0.000003,0.000000,0.000000,0.000000,0.000000,0.000000,0.000000,-0.000106,-0.000025,-0.042369,-0.000050,-0.000001,-0.060349,0.000001,-0.000000,-0.000000,-0.000000,-0.000000,-0.000000,-0.000000,-0.000052,0.000196,0.000073,-0.104914,-0.000000,-0.000000,-0.125549
2.160000,-2.756304,0.000000,0.000000,-3.262209,0.000000,0.000000,0.000000,0.000000,0.000000,0.000000,0.000000,0.000000,0.000000,0.000000,-2.686845,0.000000,0.000000,-3.192973,0.000000,0.000000,0.000000,0.000000,0.000000,0.000000,0.000000,0.000000,0.000000,0.000000,-0.937708,0.000000,0.000000,-1.361347,0.000000,0.000000,0.000000,0.000000,0.000000,0.000000,0.000000,0.000000,0.000000,0.000000,0.000000,0.000000,0.000000,0.000059,-0.062481,0.000024,-0.000130,-0.066553,0.000000,0.000003,0.000000,0.000000,0.000000,0.000000,0.000000,0.000000,-0.000106,-0.000025,-0.042305,-0.000050,-0.000001,-0.060348,0.000001,0.000000,0.000000,0.000000,0.000000,0.000000,0.000000,-0.000052,0.000195,0.000072,-0.104784,-0.000000,-0.000000,-0.125548
2.170000,-2.755800,0.000000,0.000000,-3.262134,0.000000,0.000000,0.000000,0.000000,0.000000,0.000000,0.000000,0.000000,0.000000,0.000000,-2.686346,0.000000,0.000000,-3.192896,0.000000,0.000000,0.000000,0.000000,0.000000,0.000000,0.000000,0.000000,0.000000,0.000000,-0.937388,0.000000,0.000000,-1.361174,0.000000,0.000000,0.000000,0.000000,0.000000,0.000000,0.000000,0.000000,0.000000,0.000000,0.000000,0.000000,0.000000,0.000059,-0.062415,0.000024,-0.000129,-0.066552,0.000000,0.000003,0.000000,0.000000,0.000000,0.000000,0.000000,0.000000,-0.000105,-0.000024,-0.042240,-0.000049,-0.000001,-0.060348,0.000001,0.000000,0.000000,0.000000,0.000000,0.000000,0.000000,-0.000052,0.000194,0.000072,-0.104652,-0.000000,-0.000000,-0.125546
2.180000,-2.755286,0.000000,0.000000,-3.262056,0.000000,0.000000,0.000000,0.000000,0.000000,0.000000,0.000000,0.000000,0.000000,0.000000,-2.685838,0.000000,0.000000,-3.192817,0.000000,0.000000,0.000000,0.000000,0.000000,0.000000,0.000000,0.000000,0.000000,0.000000,-0.937061,0.000000,0.000000,-1.360999,0.000000,0.000000,0.000000,0.000000,0.000000,0.000000,0.000000,0.000000,0.000000,0.000000,0.000000,0.000000,0.000000,0.000059,-0.062348,0.000024,-0.000129,-0.066551,0.000000,0.000003,0.000000,0.000000,0.000000,0.000000,0.000000,0.000000,-0.000105,-0.000024,-0.042174,-0.000049,-0.000001,-0.060347,0.000001,0.000000,0.000000,0.000000,0.000000,0.000000,0.000000,-0.000051,0.000193,0.000072,-0.104519,-0.000000,-0.000000,-0.125544
2.190000,-2.754762,0.000000,0.000000,-3.261977,0.000000,0.000000,0.000000,0.000000,0.000000,0.000000,0.000000,0.000000,0.000000,0.000000,-2.685319,0.000000,0.000000,-3.192736,0.000000,0.000000,0.000000,0.000000,0.000000,0.000000,0.000000,0.000000,0.000000,0.000000,-0.936727,0.000000,0.000000,-1.360819,0.000000,0.000000,0.000000,0.000000,0.000000,0.000000,0.000000,0.000000,0.000000,0.000000,0.000000,0.000000,0.000000,0.000058,-0.062281,0.000024,-0.000128,-0.066551,0.000000,0.000003,0.000000,0.000000,0.000000,0.000000,0.000000,0.000000,-0.000104,-0.000024,-0.042108,-0.000049,-0.000001,-0.060346,0.000001,0.000000,0.000000,0.000000,0.000000,0.000000,0.000000,-0.000051,0.000193,0.000072,-0.104385,-0.000000,-0.000000,-0.125542
2.200000,-2.754227,0.000000,0.000000,-3.261897,0.000000,0.000000,-0.000000,0.000000,-0.000000,0.000000,0.000000,-0.000000,-0.000000,0.000000,-2.684790,0.000000,0.000000,-3.192654,0.000000,0.000000,0.000000,0.000000,0.000000,0.000000,0.000000,0.000000,0.000000,0.000000,-0.936386,0.000000,0.000000,-1.360636,0.000000,0.000000,0.000000,0.000000,0.000000,0.000000,0.000000,0.000000,0.000000,0.000000,0.000000,0.000000,0.000000,0.000058,-0.062213,0.000023,-0.000127,-0.066550,0.000000,0.000003,0.000000,0.000000,0.000000,0.000000,0.000000,0.000000,-0.000104,-0.000024,-0.042042,-0.000049,-0.000001,-0.060345,0.000001,-0.000000,-0.000000,-0.000000,-0.000000,-0.000000,-0.000000,-0.000051,0.000192,0.000071,-0.104250,-0.000000,-0.000000,-0.125541
2.210000,-2.753681,0.000000,0.000000,-3.261814,0.000000,0.000000,0.000000,0.000000,0.000000,0.000000,0.000000,0.000000,0.000000,0.000000,-2.684250,0.000000,0.000000,-3.192570,0.000000,0.000000,0.000000,0.000000,0.000000,0.000000,0.000000,0.000000,0.000000,0.000000,-0.936038,0.000000,0.000000,-1.360450,0.000000,0.000000,0.000000,0.000000,0.000000,0.000000,0.000000,0.000000,0.000000,0.000000,0.000000,0.000000,0.000000,0.000058,-0.062144,0.000023,-0.000127,-0.066549,0.000000,0.000003,0.000000,0.000000,0.000000,0.000000,0.000000,0.000000,-0.000103,-0.000024,-0.041975,-0.000048,-0.000000,-0.060344,0.000001,0.000000,0.000000,0.000000,0.000000,0.000000,0.000000,-0.000051,0.000191,0.000071,-0.104113,-0.000000,-0.000000,-0.125539
2.220000,-2.753125,0.000000,0.000000,-3.261731,0.000000,0.000000,0.000000,0.000000,0.000000,0.000000,0.000000,0.000000,0.000000,0.000000,-2.683700,0.000000,0.000000,-3.192485,0.000000,0.000000,0.000000,0.000000,0.000000,0.000000,0.000000,0.000000,0.000000,0.000000,-0.935683,0.000000,0.000000,-1.360259,0.000000,0.000000,0.000000,0.000000,0.000000,0.000000,0.000000,0.000000,0.000000,0.000000,0.000000,0.000000,0.000000,0.000057,-0.062075,0.000023,-0.000126,-0.066548,0.000000,0.000003,0.000000,0.000000,0.000000,0.000000,0.000000,0.000000,-0.000102,-0.000024,-0.041907,-0.000048,-0.000000,-0.060343,0.000001,0.000000,0.000000,0.000000,0.000000,0.000000,0.000000,-0.000050,0.000190,0.000071,-0.103976,-0.000000,-0.000000,-0.125537
2.230000,-2.752557,0.000000,0.000000,-3.261645,0.000000,0.000000,0.000000,0.000000,0.000000,0.000000,0.000000,0.000000,0.000000,0.000000,-2.683138,0.000000,0.000000,-3.192398,0.000000,0.000000,0.000000,0.000000,0.000000,0.000000,0.000000,0.000000,0.000000,0.000000,-0.935320,0.000000,0.000000,-1.360065,0.000000,0.000000,0.000000,0.000000,0.000000,0.000000,0.000000,0.000000,0.000000,0.000000,0.000000,0.000000,0.000000,0.000057,-0.062005,0.000023,-0.000125,-0.066547,0.000000,0.000003,0.000000,0.000000,0.000000,0.000000,0.000000,0.000000,-0.000102,-0.000024,-0.041839,-0.000048,-0.000000,-0.060343,0.000001,0.000000,0.000000,0.000000,0.000000,0.000000,0.000000,-0.000050,0.000189,0.000070,-0.103837,-0.000000,-0.000000,-0.125535
2.240000,-2.751978,0.000000,0.000000,-3.261558,0.000000,0.000000,0.000000,0.000000,0.000000,0.000000,0.000000,0.000000,0.000000,0.000000,-2.682565,0.000000,0.000000,-3.192309,0.000000,0.000000,0.000000,0.000000,0.000000,0.000000,0.000000,0.000000,0.000000,0.000000,-0.934950,0.000000,0.000000,-1.359867,0.000000,0.000000,0.000000,0.000000,0.000000,0.000000,0.000000,0.000000,0.000000,0.000000,0.000000,0.000000,0.000000,0.000057,-0.061934,0.000023,-0.000125,-0.066546,0.000000,0.000003,0.000000,0.000000,0.000000,0.000000,0.000000,0.000000,-0.000101,-0.000024,-0.041771,-0.000048,-0.000000,-0.060342,0.000001,0.000000,0.000000,0.000000,0.000000,0.000000,0.000000,-0.000050,0.000188,0.000070,-0.103697,-0.000000,-0.000000,-0.125534
2.250000,-2.751388,0.000000,0.000000,-3.261469,0.000000,0.000000,-0.000000,0.000000,-0.000000,0.000000,0.000000,-0.000000,-0.000000,0.000000,-2.681981,0.000000,0.000000,-3.192219,0.000000,0.000000,0.000000,0.000000,0.000000,0.000000,0.000000,0.000000,0.000000,0.000000,-0.934572,0.000000,0.000000,-1.359664,0.000000,0.000000,0.000000,0.000000,0.000000,0.000000,0.000000,0.000000,0.000000,0.000000,0.000000,0.000000,0.000000,0.000057,-0.061863,0.000023,-0.000124,-0.066545,0.000000,0.000003,0.000000,0.000000,0.000000,0.000000,0.000000,0.000000,-0.000101,-0.000024,-0.041702,-0.000047,-0.000000,-0.060341,0.000001,-0.000000,-0.000000,-0.000000,-0.000000,-0.000000,-0.000000,-0.000050,0.000187,0.000070,-0.103556,-0.000000,-0.000000,-0.125532
2.260000,-2.750785,0.000000,0.000000,-3.261378,0.000000,0.000000,0.000000,0.000000,0.000000,0.000000,0.000000,0.000000,0.000000,0.000000,-2.681385,0.000000,0.000000,-3.192126,0.000000,0.000000,0.000000,0.000000,0.000000,0.000000,0.000000,0.000000,0.000000,0.000000,-0.934186,0.000000,0.000000,-1.359458,0.000000,0.000000,0.000000,0.000000,0.000000,0.000000,0.000000,0.000000,0.000000,0.000000,0.000000,0.000000,0.000000,0.000056,-0.061791,0.000023,-0.000123,-0.066544,0.000000,0.000003,0.000000,0.000000,0.000000,0.000000,0.000000,0.000000,-0.000100,-0.000024,-0.041633,-0.000047,-0.000000,-0.060340,0.000001,0.000000,0.000000,0.000000,0.000000,0.000000,0.000000,-0.000050,0.000186,0.000069,-0.103414,-0.000000,-0.000000,-0.125530
2.270000,-2.750171,0.000000,0.000000,-3.261286,0.000000,0.000000,0.000000,0.000000,0.000000,0.000000,0.000000,0.000000,0.000000,0.000000,-2.680777,0.000000,0.000000,-3.192032,0.000000,0.000000,0.000000,0.000000,0.000000,0.000000,0.000000,0.000000,0.000000,0.000000,-0.933793,0.000000,0.000000,-1.359248,0.000000,0.000000,0.000000,0.000000,0.000000,0.000000,0.000000,0.000000,0.000000,0.000000,0.000000,0.000000,0.000000,0.000056,-0.061718,0.000023,-0.000123,-0.066543,0.000000,0.000003,0.000000,0.000000,0.000000,0.000000,0.000000,0.000000,-0.000100,-0.000023,-0.041563,-0.000047,-0.000000,-0.060339,0.000001,0.000000,0.000000,0.000000,0.000000,0.000000,0.000000,-0.000049,0.000185,0.000069,-0.103270,-0.000000,-0.000000,-0.125528
2.280000,-2.749544,0.000000,0.000000,-3.261191,0.000000,0.000000,0.000000,0.000000,0.000000,0.000000,0.000000,0.000000,0.000000,0.000000,-2.680157,0.000000,0.000000,-3.191936,0.000000,0.000000,0.000000,0.000000,0.000000,0.000000,0.000000,0.000000,0.000000,0.000000,-0.933391,0.000000,0.000000,-1.359033,0.000000,0.000000,0.000000,0.000000,0.000000,0.000000,0.000000,0.000000,0.000000,0.000000,0.000000,0.000000,0.000000,0.000056,-0.061645,0.000023,-0.000122,-0.066542,0.000000,0.000002,0.000000,0.000000,0.000000,0.000000,0.000000,0.000000,-0.000099,-0.000023,-0.041492,-0.000047,-0.000000,-0.060338,0.000001,0.000000,0.000000,0.000000,0.000000,0.000000,0.000000,-0.000049,0.000184,0.000069,-0.103126,-0.000000,-0.000000,-0.125526
2.290000,-2.748905,0.000000,0.000000,-3.261095,0.000000,0.000000,0.000000,0.000000,0.000000,0.000000,0.000000,0.000000,0.000000,0.000000,-2.679525,0.000000,0.000000,-3.191838,0.000000,0.000000,0.000000,0.000000,0.000000,0.000000,0.000000,0.000000,0.000000,0.000000,-0.932980,0.000000,0.000000,-1.358814,0.000000,0.000000,0.000000,0.000000,0.000000,0.000000,0.000000,0.000000,0.000000,0.000000,0.000000,0.000000,0.000000,0.000056,-0.061570,0.000023,-0.000122,-0.066542,0.000000,0.000002,0.000000,0.000000,0.000000,0.000000,0.000000,0.000000,-0.000099,-0.000023,-0.041422,-0.000047,-0.000000,-0.060337,0.000001,0.000000,0.000000,0.000000,0.000000,0.000000,0.000000,-0.000049,0.000183,0.000069,-0.102980,-0.000000,-0.000000,-0.125524
2.300000,-2.748253,0.000000,0.000000,-3.260997,0.000000,0.000000,-0.000000,0.000000,-0.000000,0.000000,0.000000,-0.000000,-0.000000,0.000000,-2.678880,0.000000,0.000000,-3.191738,0.000000,0.000000,0.000000,0.000000,0.000000,0.000000,0.000000,0.000000,0.000000,0.000000,-0.932562,0.000000,0.000000,-1.358591,0.000000,0.000000,0.000000,0.000000,0.000000,0.000000,0.000000,0.000000,0.000000,0.000000,0.000000,0.000000,0.000000,0.000055,-0.061496,0.000022,-0.000121,-0.066541,0.000000,0.000002,0.000000,0.000000,0.000000,0.000000,0.000000,0.000000,-0.000098,-0.000023,-0.041350,-0.000046,-0.000000,-0.060336,0.000001,-0.000000,-0.000000,-0.000000,-0.000000,-0.000000,-0.000000,-0.000049,0.000182,0.000068,-0.102833,-0.000000,-0.000000,-0.125522
2.310000,-2.747588,0.000000,0.000000,-3.260897,0.000000,0.000000,0.000000,0.000000,0.000000,0.000000,0.000000,0.000000,0.000000,0.000000,-2.678222,0.000000,0.000000,-3.191635,0.000000,0.000000,0.000000,0.000000,0.000000,0.000000,0.000000,0.000000,0.000000,0.000000,-0.932135,0.000000,0.000000,-1.358363,0.000000,0.000000,0.000000,0.000000,0.000000,0.000000,0.000000,0.000000,0.000000,0.000000,0.000000,0.000000,0.000000,0.000055,-0.061420,0.000022,-0.000120,-0.066540,0.000000,0.000002,0.000000,0.000000,0.000000,0.000000,0.000000,0.000000,-0.000098,-0.000023,-0.041278,-0.000046,-0.000000,-0.060336,0.000001,0.000000,0.000000,0.000000,0.000000,0.000000,0.000000,-0.000049,0.000181,0.000068,-0.102684,-0.000000,-0.000000,-0.125521
2.320000,-2.746909,0.000000,0.000000,-3.260794,0.000000,0.000000,0.000000,0.000000,0.000000,0.000000,0.000000,0.000000,0.000000,0.000000,-2.677551,0.000000,0.000000,-3.191531,0.000000,0.000000,0.000000,0.000000,0.000000,0.000000,0.000000,0.000000,0.000000,0.000000,-0.931699,0.000000,0.000000,-1.358130,0.000000,0.000000,0.000000,0.000000,0.000000,0.000000,0.000000,0.000000,0.000000,0.000000,0.000000,0.000000,0.000000,0.000055,-0.061344,0.000022,-0.000120,-0.066539,0.000000,0.000002,0.000000,0.000000,0.000000,0.000000,0.000000,0.000000,-0.000097,-0.000023,-0.041206,-0.000046,-0.000000,-0.060335,0.000001,0.000000,0.000000,0.000000,0.000000,0.000000,0.000000,-0.000048,0.000180,0.000068,-0.102535,-0.000000,-0.000000,-0.125519
2.330000,-2.746217,0.000000,0.000000,-3.260690,0.000000,0.000000,0.000000,0.000000,0.000000,0.000000,0.000000,0.000000,0.000000,0.000000,-2.676866,0.000000,0.000000,-3.191425,0.000000,0.000000,0.000000,0.000000,0.000000,0.000000,0.000000,0.000000,0.000000,0.000000,-0.931254,0.000000,0.000000,-1.357893,0.000000,0.000000,0.000000,0.000000,0.000000,0.000000,0.000000,0.000000,0.000000,0.000000,0.000000,0.000000,0.000000,0.000055,-0.061267,0.000022,-0.000119,-0.066538,0.000000,0.000002,0.000000,0.000000,0.000000,0.000000,0.000000,0.000000,-0.000097,-0.000023,-0.041133,-0.000046,-0.000000,-0.060334,0.000001,0.000000,0.000000,0.000000,0.000000,0.000000,0.000000,-0.000048,0.000179,0.000068,-0.102384,-0.000000,-0.000000,-0.125517
2.340000,-2.745511,0.000000,0.000000,-3.260584,0.000000,0.000000,0.000000,0.000000,0.000000,0.000000,0.000000,0.000000,0.000000,0.000000,-2.676168,0.000000,0.000000,-3.191317,0.000000,0.000000,0.000000,0.000000,0.000000,0.000000,0.000000,0.000000,0.000000,0.000000,-0.930799,0.000000,0.000000,-1.357652,0.000000,0.000000,0.000000,0.000000,0.000000,0.000000,0.000000,0.000000,0.000000,0.000000,0.000000,0.000000,0.000000,0.000054,-0.061189,0.000022,-0.000118,-0.066537,0.000000,0.000002,0.000000,0.000000,0.000000,0.000000,0.000000,0.000000,-0.000096,-0.000023,-0.041060,-0.000046,-0.000000,-0.060333,0.000001,0.000000,0.000000,0.000000,0.000000,0.000000,0.000000,-0.000048,0.000178,0.000067,-0.102232,-0.000000,-0.000000,-0.125515
2.350000,-2.744792,0.000000,0.000000,-3.260475,0.000000,0.000000,-0.000000,0.000000,-0.000000,0.000000,0.000000,-0.000000,-0.000000,0.000000,-2.675456,0.000000,0.000000,-3.191206,0.000000,0.000000,0.000000,0.000000,0.000000,0.000000,0.000000,0.000000,0.000000,0.000000,-0.930336,0.000000,0.000000,-1.357405,0.000000,0.000000,0.000000,0.000000,0.000000,0.000000,0.000000,0.000000,0.000000,0.000000,0.000000,0.000000,0.000000,0.000054,-0.061111,0.000022,-0.000118,-0.066536,0.000000,0.000002,0.000000,0.000000,0.000000,0.000000,0.000000,0.000000,-0.000096,-0.000023,-0.040986,-0.000045,-0.000000,-0.060332,0.000001,-0.000000,-0.000000,-0.000000,-0.000000,-0.000000,-0.000000,-0.000048,0.000177,0.000067,-0.102078,-0.000000,-0.000000,-0.125513
2.360000,-2.744057,0.000000,0.000000,-3.260365,0.000000,0.000000,0.000000,0.000000,0.000000,0.000000,0.000000,0.000000,0.000000,0.000000,-2.674729,0.000000,0.000000,-3.191094,0.000000,0.000000,0.000000,0.000000,0.000000,0.000000,0.000000,0.000000,0.000000,0.000000,-0.929863,0.000000,0.000000,-1.357154,0.000000,0.000000,0.000000,0.000000,0.000000,0.000000,0.000000,0.000000,0.000000,0.000000,0.000000,0.000000,0.000000,0.000054,-0.061031,0.000022,-0.000117,-0.066535,0.000000,0.000002,0.000000,0.000000,0.000000,0.000000,0.000000,0.000000,-0.000095,-0.000023,-0.040912,-0.000045,-0.000000,-0.060331,0.000001,0.000000,0.000000,0.000000,0.000000,0.000000,0.000000,-0.000048,0.000176,0.000067,-0.101923,-0.000000,-0.000000,-0.125511
2.370000,-2.743308,0.000000,0.000000,-3.260252,0.000000,0.000000,0.000000,0.000000,0.000000,0.000000,0.000000,0.000000,0.000000,0.000000,-2.673988,0.000000,0.000000,-3.190979,0.000000,0.000000,0.000000,0.000000,0.000000,0.000000,0.000000,0.000000,0.000000,0.000000,-0.929381,0.000000,0.000000,-1.356897,0.000000,0.000000,0.000000,0.000000,0.000000,0.000000,0.000000,0.000000,0.000000,0.000000,0.000000,0.000000,0.000000,0.000054,-0.060951,0.000022,-0.000116,-0.066534,0.000000,0.000002,0.000000,0.000000,0.000000,0.000000,0.000000,0.000000,-0.000095,-0.000023,-0.040837,-0.000045,-0.000000,-0.060330,0.000001,0.000000,0.000000,0.000000,0.000000,0.000000,0.000000,-0.000047,0.000176,0.000067,-0.101767,-0.000000,-0.000000,-0.125509
2.380000,-2.742544,0.000000,0.000000,-3.260137,0.000000,0.000000,0.000000,0.000000,0.000000,0.000000,0.000000,0.000000,0.000000,0.000000,-2.673233,0.000000,0.000000,-3.190862,0.000000,0.000000,0.000000,0.000000,0.000000,0.000000,0.000000,0.000000,0.000000,0.000000,-0.928888,0.000000,0.000000,-1.356636,0.000000,0.000000,0.000000,0.000000,0.000000,0.000000,0.000000,0.000000,0.000000,0.000000,0.000000,0.000000,0.000000,0.000054,-0.060871,0.000022,-0.000116,-0.066533,0.000000,0.000002,0.000000,0.000000,0.000000,0.000000,0.000000,0.000000,-0.000094,-0.000022,-0.040761,-0.000045,-0.000000,-0.060329,0.000000,0.000000,0.000000,0.000000,0.000000,0.000000,0.000000,-0.000047,0.000175,0.000066,-0.101610,-0.000000,-0.000000,-0.125507
2.390000,-2.741765,0.000000,0.000000,-3.260020,0.000000,0.000000,0.000000,0.000000,0.000000,0.000000,0.000000,0.000000,0.000000,0.000000,-2.672462,0.000000,0.000000,-3.190742,0.000000,0.000000,0.000000,0.000000,0.000000,0.000000,0.000000,0.000000,0.000000,0.000000,-0.928386,0.000000,0.000000,-1.356369,0.000000,0.000000,0.000000,0.000000,0.000000,0.000000,0.000000,0.000000,0.000000,0.000000,0.000000,0.000000,0.000000,0.000053,-0.060789,0.000022,-0.000115,-0.066532,0.000000,0.000002,0.000000,0.000000,0.000000,0.000000,0.000000,0.000000,-0.000094,-0.000022,-0.040685,-0.000045,-0.000000,-0.060328,0.000000,0.000000,0.000000,0.000000,0.000000,0.000000,0.000000,-0.000047,0.000174,0.000066,-0.101452,-0.000000,-0.000000,-0.125505
2.400000,-2.740971,0.000000,0.000000,-3.259900,0.000000,0.000000,-0.000000,0.000000,-0.000000,0.000000,0.000000,-0.000000,-0.000000,0.000000,-2.671676,0.000000,0.000000,-3.190620,0.000000,0.000000,0.000000,0.000000,0.000000,0.000000,0.000000,0.000000,0.000000,0.000000,-0.927873,0.000000,0.000000,-1.356097,0.000000,0.000000,0.000000,0.000000,0.000000,0.000000,0.000000,0.000000,0.000000,0.000000,0.000000,0.000000,0.000000,0.000053,-0.060707,0.000022,-0.000115,-0.066531,0.000000,0.000002,0.000000,0.000000,0.000000,0.000000,0.000000,0.000000,-0.000093,-0.000022,-0.040609,-0.000045,-0.000000,-0.060327,0.000000,-0.000000,-0.000000,-0.000000,-0.000000,-0.000000,-0.000000,-0.000047,0.000173,0.000066,-0.101292,-0.000000,-0.000000,-0.125503
2.410000,-2.740160,0.000000,0.000000,-3.259778,0.000000,0.000000,0.000000,0.000000,0.000000,0.000000,0.000000,0.000000,0.000000,0.000000,-2.670874,0.000000,0.000000,-3.190496,0.000000,0.000000,0.000000,0.000000,0.000000,0.000000,0.000000,0.000000,0.000000,0.000000,-0.927350,0.000000,0.000000,-1.355820,0.000000,0.000000,0.000000,0.000000,0.000000,0.000000,0.000000,0.000000,0.000000,0.000000,0.000000,0.000000,0.000000,0.000053,-0.060624,0.000021,-0.000114,-0.066530,0.000000,0.000002,0.000000,0.000000,0.000000,0.000000,0.000000,0.000000,-0.000093,-0.000022,-0.040532,-0.000044,-0.000000,-0.060326,0.000000,0.000000,0.000000,0.000000,0.000000,0.000000,0.000000,-0.000046,0.000172,0.000066,-0.101130,-0.000000,-0.000000,-0.125500
2.420000,-2.739333,0.000000,0.000000,-3.259653,0.000000,0.000000,0.000000,0.000000,0.000000,0.000000,0.000000,0.000000,0.000000,0.000000,-2.670057,0.000000,0.000000,-3.190369,0.000000,0.000000,0.000000,0.000000,0.000000,0.000000,0.000000,0.000000,0.000000,0.000000,-0.926817,0.000000,0.000000,-1.355537,0.000000,0.000000,0.000000,0.000000,0.000000,0.000000,0.000000,0.000000,0.000000,0.000000,0.000000,0.000000,0.000000,0.000053,-0.060540,0.000021,-0.000113,-0.066529,0.000000,0.000002,0.000000,0.000000,0.000000,0.000000,0.000000,0.000000,-0.000092,-0.000022,-0.040454,-0.000044,-0.000000,-0.060325,0.000000,0.000000,0.000000,0.000000,0.000000,0.000000,0.000000,-0.000046,0.000171,0.000066,-0.100968,-0.000000,-0.000000,-0.125498
2.430000,-2.738490,0.000000,0.000000,-3.259526,0.000000,0.000000,0.000000,0.000000,0.000000,0.000000,0.000000,0.000000,0.000000,0.000000,-2.669223,0.000000,0.000000,-3.190240,0.000000,0.000000,0.000000,0.000000,0.000000,0.000000,0.000000,0.000000,0.000000,0.000000,-0.926272,0.000000,0.000000,-1.355249,0.000000,0.000000,0.000000,0.000000,0.000000,0.000000,0.000000,0.000000,0.000000,0.000000,0.000000,0.000000,0.000000,0.000053,-0.060456,0.000021,-0.000113,-0.066528,0.000000,0.000002,0.000000,0.000000,0.000000,0.000000,0.000000,0.000000,-0.000092,-0.000022,-0.040376,-0.000044,-0.000000,-0.060324,0.000000,0.000000,0.000000,0.000000,0.000000,0.000000,0.000000,-0.000046,0.000170,0.000065,-0.100804,-0.000000,-0.000000,-0.125496
2.440000,-2.737630,0.000000,0.000000,-3.259397,0.000000,0.000000,0.000000,0.000000,0.000000,0.000000,0.000000,0.000000,0.000000,0.000000,-2.668372,0.000000,0.000000,-3.190108,0.000000,0.000000,0.000000,0.000000,0.000000,0.000000,0.000000,0.000000,0.000000,0.000000,-0.925717,0.000000,0.000000,-1.354955,0.000000,0.000000,0.000000,0.000000,0.000000,0.000000,0.000000,0.000000,0.000000,0.000000,0.000000,0.000000,0.000000,0.000052,-0.060370,0.000021,-0.000112,-0.066526,0.000000,0.000002,0.000000,0.000000,0.000000,0.000000,0.000000,0.000000,-0.000091,-0.000022,-0.040297,-0.000044,-0.000000,-0.060323,0.000000,0.000000,0.000000,0.000000,0.000000,0.000000,0.000000,-0.000046,0.000169,0.000065,-0.100638,-0.000000,-0.000000,-0.125494
2.450000,-2.736753,0.000000,0.000000,-3.259265,0.000000,0.000000,-0.000000,0.000000,-0.000000,0.000000,0.000000,-0.000000,-0.000000,0.000000,-2.667504,0.000000,0.000000,-3.189973,0.000000,0.000000,0.000000,0.000000,0.000000,0.000000,0.000000,0.000000,0.000000,0.000000,-0.925151,0.000000,0.000000,-1.354656,0.000000,0.000000,0.000000,0.000000,0.000000,0.000000,0.000000,0.000000,0.000000,0.000000,0.000000,0.000000,0.000000,0.000052,-0.060284,0.000021,-0.000112,-0.066525,0.000000,0.000002,0.000000,0.000000,0.000000,0.000000,0.000000,0.000000,-0.000091,-0.000022,-0.040218,-0.000044,-0.000000,-0.060322,0.000000,-0.000000,-0.000000,-0.000000,-0.000000,-0.000000,-0.000000,-0.000046,0.000168,0.000065,-0.100472,-0.000000,-0.000000,-0.125492
2.460000,-2.735859,0.000000,0.000000,-3.259130,0.000000,0.000000,0.000000,0.000000,0.000000,0.000000,0.000000,0.000000,0.000000,0.000000,-2.666619,0.000000,0.000000,-3.189836,0.000000,0.000000,0.000000,0.000000,0.000000,0.000000,0.000000,0.000000,0.000000,0.000000,-0.924573,0.000000,0.000000,-1.354350,0.000000,0.000000,0.000000,0.000000,0.000000,0.000000,0.000000,0.000000,0.000000,0.000000,0.000000,0.000000,0.000000,0.000052,-0.060197,0.000021,-0.000111,-0.066524,0.000000,0.000002,0.000000,0.000000,0.000000,0.000000,0.000000,0.000000,-0.000090,-0.000022,-0.040139,-0.000044,-0.000000,-0.060321,0.000000,0.000000,0.000000,0.000000,0.000000,0.000000,0.000000,-0.000045,0.000167,0.000065,-0.100304,-0.000000,-0.000000,-0.125490
2.470000,-2.734946,0.000000,0.000000,-3.258993,0.000000,0.000000,0.000000,0.000000,0.000000,0.000000,0.000000,0.000000,0.000000,0.000000,-2.665717,0.000000,0.000000,-3.189696,0.000000,0.000000,0.000000,0.000000,0.000000,0.000000,0.000000,0.000000,0.000000,0.000000,-0.923983,0.000000,0.000000,-1.354039,0.000000,0.000000,0.000000,0.000000,0.000000,0.000000,0.000000,0.000000,0.000000,0.000000,0.000000,0.000000,0.000000,0.000052,-0.060109,0.000021,-0.000110,-0.066523,0.000000,0.000002,0.000000,0.000000,0.000000,0.000000,0.000000,0.000000,-0.000090,-0.000022,-0.040058,-0.000044,-0.000000,-0.060320,0.000000,0.000000,0.000000,0.000000,0.000000,0.000000,0.000000,-0.000045,0.000167,0.000064,-0.100134,-0.000000,-0.000000,-0.125488
2.480000,-2.734016,0.000000,0.000000,-3.258852,0.000000,0.000000,0.000000,0.000000,0.000000,0.000000,0.000000,0.000000,0.000000,0.000000,-2.664797,0.000000,0.000000,-3.189553,0.000000,0.000000,0.000000,0.000000,0.000000,0.000000,0.000000,0.000000,0.000000,0.000000,-0.923382,0.000000,0.000000,-1.353722,0.000000,0.000000,0.000000,0.000000,0.000000,0.000000,0.000000,0.000000,0.000000,0.000000,0.000000,0.000000,0.000000,0.000052,-0.060021,0.000021,-0.000110,-0.066522,0.000000,0.000002,0.000000,0.000000,0.000000,0.000000,0.000000,0.000000,-0.000089,-0.000022,-0.039978,-0.000043,-0.000000,-0.060319,0.000000,0.000000,0.000000,0.000000,0.000000,0.000000,0.000000,-0.000045,0.000166,0.000064,-0.099963,-0.000000,-0.000000,-0.125485
2.490000,-2.733067,0.000000,0.000000,-3.258709,0.000000,0.000000,0.000000,0.000000,0.000000,0.000000,0.000000,0.000000,0.000000,0.000000,-2.663858,0.000000,0.000000,-3.189408,0.000000,0.000000,0.000000,0.000000,0.000000,0.000000,0.000000,0.000000,0.000000,0.000000,-0.922769,0.000000,0.000000,-1.353398,0.000000,0.000000,0.000000,0.000000,0.000000,0.000000,0.000000,0.000000,0.000000,0.000000,0.000000,0.000000,0.000000,0.000052,-0.059931,0.000021,-0.000109,-0.066521,0.000000,0.000002,0.000000,0.000000,0.000000,0.000000,0.000000,0.000000,-0.000089,-0.000022,-0.039896,-0.000043,-0.000000,-0.060318,0.000000,0.000000,0.000000,0.000000,0.000000,0.000000,0.000000,-0.000045,0.000165,0.000064,-0.099791,-0.000000,-0.000000,-0.125483
2.500000,-2.732099,0.000000,0.000000,-3.258564,0.000000,0.000000,-0.000000,0.000000,-0.000000,0.000000,0.000000,-0.000000,-0.000000,0.000000,-2.662901,0.000000,0.000000,-3.189259,0.000000,0.000000,0.000000,0.000000,0.000000,0.000000,0.000000,0.000000,0.000000,0.000000,-0.922143,0.000000,0.000000,-1.353069,0.000000,0.000000,0.000000,0.000000,0.000000,0.000000,0.000000,0.000000,0.000000,0.000000,0.000000,0.000000,0.000000,0.000051,-0.059841,0.000021,-0.000109,-0.066520,0.000000,0.000002,0.000000,0.000000,0.000000,0.000000,0.000000,0.000000,-0.000088,-0.000021,-0.039814,-0.000043,-0.000000,-0.060317,0.000000,-0.000000,-0.000000,-0.000000,-0.000000,-0.000000,-0.000000,-0.000045,0.000164,0.000064,-0.099618,-0.000000,-0.000000,-0.125481
2.510000,-2.731111,0.000000,0.000000,-3.258415,0.000000,0.000000,0.000000,0.000000,0.000000,0.000000,0.000000,0.000000,0.000000,0.000000,-2.661924,0.000000,0.000000,-3.189108,0.000000,0.000000,0.000000,0.000000,0.000000,0.000000,0.000000,0.000000,0.000000,0.000000,-0.921505,0.000000,0.000000,-1.352732,0.000000,0.000000,0.000000,0.000000,0.000000,0.000000,0.000000,0.000000,0.000000,0.000000,0.000000,0.000000,0.000000,0.000051,-0.059750,0.000021,-0.000108,-0.066519,0.000000,0.000002,0.000000,0.000000,0.000000,0.000000,0.000000,0.000000,-0.000088,-0.000021,-0.039732,-0.000043,-0.000000,-0.060316,0.000000,0.000000,0.000000,0.000000,0.000000,0.000000,0.000000,-0.000045,0.000163,0.000064,-0.099443,-0.000000,-0.000000,-0.125479
2.520000,-2.730105,0.000000,0.000000,-3.258263,0.000000,0.000000,0.000000,0.000000,0.000000,0.000000,0.000000,0.000000,0.000000,0.000000,-2.660928,0.000000,0.000000,-3.188953,0.000000,0.000000,0.000000,0.000000,0.000000,0.000000,0.000000,0.000000,0.000000,0.000000,-0.920855,0.000000,0.000000,-1.352390,0.000000,0.000000,0.000000,0.000000,0.000000,0.000000,0.000000,0.000000,0.000000,0.000000,0.000000,0.000000,0.000000,0.000051,-0.059658,0.000020,-0.000107,-0.066517,0.000000,0.000002,0.000000,0.000000,0.000000,0.000000,0.000000,0.000000,-0.000087,-0.000021,-0.039649,-0.000043,-0.000000,-0.060315,0.000000,0.000000,0.000000,0.000000,0.000000,0.000000,0.000000,-0.000044,0.000162,0.000063,-0.099266,-0.000000,-0.000000,-0.125477
2.530000,-2.729078,0.000000,0.000000,-3.258109,0.000000,0.000000,0.000000,0.000000,0.000000,0.000000,0.000000,0.000000,0.000000,0.000000,-2.659913,0.000000,0.000000,-3.188796,0.000000,0.000000,0.000000,0.000000,0.000000,0.000000,0.000000,0.000000,0.000000,0.000000,-0.920191,0.000000,0.000000,-1.352041,0.000000,0.000000,0.000000,0.000000,0.000000,0.000000,0.000000,0.000000,0.000000,0.000000,0.000000,0.000000,0.000000,0.000051,-0.059565,0.000020,-0.000107,-0.066516,0.000000,0.000002,0.000000,0.000000,0.000000,0.000000,0.000000,0.000000,-0.000087,-0.000021,-0.039565,-0.000043,-0.000000,-0.060314,0.000000,0.000000,0.000000,0.000000,0.000000,0.000000,0.000000,-0.000044,0.000161,0.000063,-0.099088,-0.000000,-0.000000,-0.125474
2.540000,-2.728031,0.000000,0.000000,-3.257951,0.000000,0.000000,0.000000,0.000000,0.000000,0.000000,0.000000,0.000000,0.000000,0.000000,-2.658877,0.000000,0.000000,-3.188635,0.000000,0.000000,0.000000,0.000000,0.000000,0.000000,0.000000,0.000000,0.000000,0.000000,-0.919514,0.000000,0.000000,-1.351685,0.000000,0.000000,0.000000,0.000000,0.000000,0.000000,0.000000,0.000000,0.000000,0.000000,0.000000,0.000000,0.000000,0.000051,-0.059471,0.000020,-0.000106,-0.066515,0.000000,0.000002,0.000000,0.000000,0.000000,0.000000,0.000000,0.000000,-0.000086,-0.000021,-0.039481,-0.000043,-0.000000,-0.060313,0.000000,0.000000,0.000000,0.000000,0.000000,0.000000,0.000000,-0.000044,0.000161,0.000063,-0.098909,-0.000000,-0.000000,-0.125472
2.550000,-2.726963,0.000000,0.000000,-3.257790,0.000000,0.000000,-0.000000,0.000000,-0.000000,0.000000,0.000000,-0.000000,-0.000000,0.000000,-2.657821,0.000000,0.000000,-3.188471,0.000000,0.000000,0.000000,0.000000,0.000000,0.000000,0.000000,0.000000,0.000000,0.000000,-0.918824,0.000000,0.000000,-1.351322,0.000000,0.000000,0.000000,0.000000,0.000000,0.000000,0.000000,0.000000,0.000000,0.000000,0.000000,0.000000,0.000000,0.000051,-0.059377,0.000020,-0.000106,-0.066514,0.000000,0.000002,0.000000,0.000000,0.000000,0.000000,0.000000,0.000000,-0.000086,-0.000021,-0.039397,-0.000042,-0.000000,-0.060312,0.000000,-0.000000,-0.000000,-0.000000,-0.000000,-0.000000,-0.000000,-0.000044,0.000160,0.000063,-0.098728,-0.000000,-0.000000,-0.125470
2.560000,-2.725874,0.000000,0.000000,-3.257626,0.000000,0.000000,0.000000,0.000000,0.000000,0.000000,0.000000,0.000000,0.000000,0.000000,-2.656744,0.000000,0.000000,-3.188304,0.000000,0.000000,0.000000,0.000000,0.000000,0.000000,0.000000,0.000000,0.000000,0.000000,-0.918121,0.000000,0.000000,-1.350953,0.000000,0.000000,0.000000,0.000000,0.000000,0.000000,0.000000,0.000000,0.000000,0.000000,0.000000,0.000000,0.000000,0.000050,-0.059281,0.000020,-0.000105,-0.066513,0.000000,0.000002,0.000000,0.000000,0.000000,0.000000,0.000000,0.000000,-0.000085,-0.000021,-0.039311,-0.000042,-0.000000,-0.060311,0.000000,0.000000,0.000000,0.000000,0.000000,0.000000,0.000000,-0.000044,0.000159,0.000063,-0.098546,-0.000000,-0.000000,-0.125467
2.570000,-2.724763,0.000000,0.000000,-3.257459,0.000000,0.000000,0.000000,0.000000,0.000000,0.000000,0.000000,0.000000,0.000000,0.000000,-2.655645,0.000000,0.000000,-3.188134,0.000000,0.000000,0.000000,0.000000,0.000000,0.000000,0.000000,0.000000,0.000000,0.000000,-0.917403,0.000000,0.000000,-1.350576,0.000000,0.000000,0.000000,0.000000,0.000000,0.000000,0.000000,0.000000,0.000000,0.000000,0.000000,0.000000,0.000000,0.000050,-0.059185,0.000020,-0.000104,-0.066511,0.000000,0.000002,0.000000,0.000000,0.000000,0.000000,0.000000,0.000000,-0.000085,-0.000021,-0.039225,-0.000042,-0.000000,-0.060310,0.000000,0.000000,0.000000,0.000000,0.000000,0.000000,0.000000,-0.000043,0.000158,0.000062,-0.098362,-0.000000,-0.000000,-0.125465
2.580000,-2.723630,0.000000,0.000000,-3.257288,0.000000,0.000000,0.000000,0.000000,0.000000,0.000000,0.000000,0.000000,0.000000,0.000000,-2.654525,0.000000,0.000000,-3.187960,0.000000,0.000000,0.000000,0.000000,0.000000,0.000000,0.000000,0.000000,0.000000,0.000000,-0.916672,0.000000,0.000000,-1.350193,0.000000,0.000000,0.000000,0.000000,0.000000,0.000000,0.000000,0.000000,0.000000,0.000000,0.000000,0.000000,0.000000,0.000050,-0.059088,0.000020,-0.000104,-0.066510,0.000000,0.000002,0.000000,0.000000,0.000000,0.000000,0.000000,0.000000,-0.000084,-0.000021,-0.039139,-0.000042,-0.000000,-0.060309,0.000000,0.000000,0.000000,0.000000,0.000000,0.000000,0.000000,-0.000043,0.000157,0.000062,-0.098177,-0.000000,-0.000000,-0.125462
2.590000,-2.722475,0.000000,0.000000,-3.257114,0.000000,0.000000,0.000000,0.000000,0.000000,0.000000,0.000000,0.000000,0.000000,0.000000,-2.653382,0.000000,0.000000,-3.187783,0.000000,0.000000,0.000000,0.000000,0.000000,0.000000,0.000000,0.000000,0.000000,0.000000,-0.915926,0.000000,0.000000,-1.349802,0.000000,0.000000,0.000000,0.000000,0.000000,0.000000,0.000000,0.000000,0.000000,0.000000,0.000000,0.000000,0.000000,0.000050,-0.058990,0.000020,-0.000103,-0.066509,0.000000,0.000002,0.000000,0.000000,0.000000,0.000000,0.000000,0.000000,-0.000084,-0.000021,-0.039052,-0.000042,-0.000000,-0.060308,0.000000,0.000000,0.000000,0.000000,0.000000,0.000000,0.000000,-0.000043,0.000156,0.000062,-0.097990,-0.000000,-0.000000,-0.125460
2.600000,-2.721297,0.000000,0.000000,-3.256937,0.000000,0.000000,-0.000000,0.000000,-0.000000,0.000000,0.000000,-0.000000,-0.000000,0.000000,-2.652217,0.000000,0.000000,-3.187602,0.000000,0.000000,0.000000,0.000000,0.000000,0.000000,0.000000,0.000000,0.000000,0.000000,-0.915165,0.000000,0.000000,-1.349403,0.000000,0.000000,0.000000,0.000000,0.000000,0.000000,0.000000,0.000000,0.000000,0.000000,0.000000,0.000000,0.000000,0.000050,-0.058891,0.000020,-0.000103,-0.066508,0.000000,0.000002,0.000000,0.000000,0.000000,0.000000,0.000000,0.000000,-0.000083,-0.000021,-0.038965,-0.000042,-0.000000,-0.060306,0.000000,-0.000000,-0.000000,-0.000000,-0.000000,-0.000000,-0.000000,-0.000043,0.000155,0.000062,-0.097802,-0.000000,-0.000000,-0.125458
2.610000,-2.720095,0.000000,0.000000,-3.256756,0.000000,0.000000,0.000000,0.000000,0.000000,0.000000,0.000000,0.000000,0.000000,0.000000,-2.651029,0.000000,0.000000,-3.187418,0.000000,0.000000,0.000000,0.000000,0.000000,0.000000,0.000000,0.000000,0.000000,0.000000,-0.914390,0.000000,0.000000,-1.348997,0.000000,0.000000,0.000000,0.000000,0.000000,0.000000,0.000000,0.000000,0.000000,0.000000,0.000000,0.000000,0.000000,0.000050,-0.058791,0.000020,-0.000102,-0.066507,0.000000,0.000002,0.000000,0.000000,0.000000,0.000000,0.000000,0.000000,-0.000083,-0.000020,-0.038876,-0.000042,-0.000000,-0.060305,0.000000,0.000000,0.000000,0.000000,0.000000,0.000000,0.000000,-0.000043,0.000155,0.000061,-0.097612,-0.000000,-0.000000,-0.125455
2.620000,-2.718870,0.000000,0.000000,-3.256571,0.000000,0.000000,0.000000,0.000000,0.000000,0.000000,0.000000,0.000000,0.000000,0.000000,-2.649817,0.000000,0.000000,-3.187230,0.000000,0.000000,0.000000,0.000000,0.000000,0.000000,0.000000,0.000000,0.000000,0.000000,-0.913600,0.000000,0.000000,-1.348584,0.000000,0.000000,0.000000,0.000000,0.000000,0.000000,0.000000,0.000000,0.000000,0.000000,0.000000,0.000000,0.000000,0.000050,-0.058690,0.000020,-0.000102,-0.066505,0.000000,0.000002,0.000000,0.000000,0.000000,0.000000,0.000000,0.000000,-0.000082,-0.000020,-0.038788,-0.000042,-0.000000,-0.060304,0.000000,0.000000,0.000000,0.000000,0.000000,0.000000,0.000000,-0.000042,0.000154,0.000061,-0.097421,-0.000000,-0.000000,-0.125453
2.630000,-2.717620,0.000000,0.000000,-3.256383,0.000000,0.000000,0.000000,0.000000,0.000000,0.000000,0.000000,0.000000,0.000000,0.000000,-2.648581,0.000000,0.000000,-3.187038,0.000000,0.000000,0.000000,0.000000,0.000000,0.000000,0.000000,0.000000,0.000000,0.000000,-0.912794,0.000000,0.000000,-1.348162,0.000000,0.000000,0.000000,0.000000,0.000000,0.000000,0.000000,0.000000,0.000000,0.000000,0.000000,0.000000,0.000000,0.000049,-0.058588,0.000019,-0.000101,-0.066504,0.000000,0.000002,0.000000,0.000000,0.000000,0.000000,0.000000,0.000000,-0.000082,-0.000020,-0.038698,-0.000041,-0.000000,-0.060303,0.000000,0.000000,0.000000,0.000000,0.000000,0.000000,0.000000,-0.000042,0.000153,0.000061,-0.097228,-0.000000,-0.000000,-0.125450
2.640000,-2.716346,0.000000,0.000000,-3.256191,0.000000,0.000000,0.000000,0.000000,0.000000,0.000000,0.000000,0.000000,0.000000,0.000000,-2.647321,0.000000,0.000000,-3.186843,0.000000,0.000000,0.000000,0.000000,0.000000,0.000000,0.000000,0.000000,0.000000,0.000000,-0.911972,0.000000,0.000000,-1.347733,0.000000,0.000000,0.000000,0.000000,0.000000,0.000000,0.000000,0.000000,0.000000,0.000000,0.000000,0.000000,0.000000,0.000049,-0.058486,0.000019,-0.000100,-0.066503,0.000000,0.000002,0.000000,0.000000,0.000000,0.000000,0.000000,0.000000,-0.000081,-0.000020,-0.038609,-0.000041,-0.000000,-0.060302,0.000000,0.000000,0.000000,0.000000,0.000000,0.000000,0.000000,-0.000042,0.000152,0.000061,-0.097034,-0.000000,-0.000000,-0.125448
2.650000,-2.715047,0.000000,0.000000,-3.255995,0.000000,0.000000,-0.000000,0.000000,-0.000000,0.000000,0.000000,-0.000000,-0.000000,0.000000,-2.646036,0.000000,0.000000,-3.186644,0.000000,0.000000,0.000000,0.000000,0.000000,0.000000,0.000000,0.000000,0.000000,0.000000,-0.911135,0.000000,0.000000,-1.347296,0.000000,0.000000,0.000000,0.000000,0.000000,0.000000,0.000000,0.000000,0.000000,0.000000,0.000000,0.000000,0.000000,0.000049,-0.058382,0.000019,-0.000100,-0.066501,0.000000,0.000002,0.000000,0.000000,0.000000,0.000000,0.000000,0.000000,-0.000081,-0.000020,-0.038518,-0.000041,-0.000000,-0.060301,0.000000,-0.000000,-0.000000,-0.000000,-0.000000,-0.000000,-0.000000,-0.000042,0.000151,0.000060,-0.096838,-0.000000,-0.000000,-0.125445
2.660000,-2.713722,0.000000,0.000000,-3.255796,0.000000,0.000000,0.000000,0.000000,0.000000,0.000000,0.000000,0.000000,0.000000,0.000000,-2.644726,0.000000,0.000000,-3.186440,0.000000,0.000000,0.000000,0.000000,0.000000,0.000000,0.000000,0.000000,0.000000,0.000000,-0.910282,0.000000,0.000000,-1.346851,0.000000,0.000000,0.000000,0.000000,0.000000,0.000000,0.000000,0.000000,0.000000,0.000000,0.000000,0.000000,0.000000,0.000049,-0.058278,0.000019,-0.000099,-0.066500,0.000000,0.000002,0.000000,0.000000,0.000000,0.000000,0.000000,0.000000,-0.000081,-0.000020,-0.038427,-0.000041,-0.000000,-0.060300,0.000000,0.000000,0.000000,0.000000,0.000000,0.000000,0.000000,-0.000042,0.000151,0.000060,-0.096640,-0.000000,-0.000000,-0.125443
2.670000,-2.712371,0.000000,0.000000,-3.255592,0.000000,0.000000,0.000000,0.000000,0.000000,0.000000,0.000000,0.000000,0.000000,0.000000,-2.643390,0.000000,0.000000,-3.186233,0.000000,0.000000,0.000000,0.000000,0.000000,0.000000,0.000000,0.000000,0.000000,0.000000,-0.909412,0.000000,0.000000,-1.346397,0.000000,0.000000,0.000000,0.000000,0.000000,0.000000,0.000000,0.000000,0.000000,0.000000,0.000000,0.000000,0.000000,0.000049,-0.058172,0.000019,-0.000099,-0.066499,0.000000,0.000002,0.000000,0.000000,0.000000,0.000000,0.000000,0.000000,-0.000080,-0.000020,-0.038335,-0.000041,-0.000000,-0.060299,0.000000,0.000000,0.000000,0.000000,0.000000,0.000000,0.000000,-0.000041,0.000150,0.000060,-0.096441,-0.000000,-0.000000,-0.125440
2.680000,-2.710993,0.000000,0.000000,-3.255385,0.000000,0.000000,0.000000,0.000000,0.000000,0.000000,0.000000,0.000000,0.000000,0.000000,-2.642027,0.000000,0.000000,-3.186022,0.000000,0.000000,0.000000,0.000000,0.000000,0.000000,0.000000,0.000000,0.000000,0.000000,-0.908525,0.000000,0.000000,-1.345935,0.000000,0.000000,0.000000,0.000000,0.000000,0.000000,0.000000,0.000000,0.000000,0.000000,0.000000,0.000000,0.000000,0.000049,-0.058066,0.000019,-0.000098,-0.066497,0.000000,0.000002,0.000000,0.000000,0.000000,0.000000,0.000000,0.000000,-0.000080,-0.000020,-0.038243,-0.000041,-0.000000,-0.060297,0.000000,0.000000,0.000000,0.000000,0.000000,0.000000,0.000000,-0.000041,0.000149,0.000060,-0.096241,-0.000000,-0.000000,-0.125438
2.690000,-2.709588,0.000000,0.000000,-3.255173,0.000000,0.000000,0.000000,0.000000,0.000000,0.000000,0.000000,0.000000,0.000000,0.000000,-2.640638,0.000000,0.000000,-3.185806,0.000000,0.000000,0.000000,0.000000,0.000000,0.000000,0.000000,0.000000,0.000000,0.000000,-0.907622,0.000000,0.000000,-1.345464,0.000000,0.000000,0.000000,0.000000,0.000000,0.000000,0.000000,0.000000,0.000000,0.000000,0.000000,0.000000,0.000000,0.000048,-0.057959,0.000019,-0.000098,-0.066496,0.000000,0.000002,0.000000,0.000000,0.000000,0.000000,0.000000,0.000000,-0.000079,-0.000020,-0.038150,-0.000041,-0.000000,-0.060296,0.000000,0.000000,0.000000,0.000000,0.000000,0.000000,0.000000,-0.000041,0.000148,0.000059,-0.096038,-0.000000,-0.000000,-0.125435
2.700000,-2.708155,0.000000,0.000000,-3.254957,0.000000,0.000000,-0.000000,0.000000,-0.000000,0.000000,0.000000,-0.000000,-0.000000,0.000000,-2.639221,0.000000,0.000000,-3.185586,0.000000,0.000000,0.000000,0.000000,0.000000,0.000000,0.000000,0.000000,0.000000,0.000000,-0.906701,0.000000,0.000000,-1.344985,0.000000,0.000000,0.000000,0.000000,0.000000,0.000000,0.000000,0.000000,0.000000,0.000000,0.000000,0.000000,0.000000,0.000048,-0.057850,0.000019,-0.000097,-0.066495,0.000000,0.000002,0.000000,0.000000,0.000000,0.000000,0.000000,0.000000,-0.000079,-0.000020,-0.038057,-0.000041,-0.000000,-0.060295,0.000000,-0.000000,-0.000000,-0.000000,-0.000000,-0.000000,-0.000000,-0.000041,0.000147,0.000059,-0.095835,-0.000000,-0.000000,-0.125432
2.710000,-2.706694,0.000000,0.000000,-3.254737,0.000000,0.000000,0.000000,0.000000,0.000000,0.000000,0.000000,0.000000,0.000000,0.000000,-2.637776,0.000000,0.000000,-3.185362,0.000000,0.000000,0.000000,0.000000,0.000000,0.000000,0.000000,0.000000,0.000000,0.000000,-0.905763,0.000000,0.000000,-1.344497,0.000000,0.000000,0.000000,0.000000,0.000000,0.000000,0.000000,0.000000,0.000000,0.000000,0.000000,0.000000,0.000000,0.000048,-0.057741,0.000019,-0.000097,-0.066493,0.000000,0.000002,0.000000,0.000000,0.000000,0.000000,0.000000,0.000000,-0.000078,-0.000020,-0.037963,-0.000040,-0.000000,-0.060294,0.000000,0.000000,0.000000,0.000000,0.000000,0.000000,0.000000,-0.000041,0.000147,0.000059,-0.095629,-0.000000,-0.000000,-0.125430
2.720000,-2.705204,0.000000,0.000000,-3.254513,0.000000,0.000000,0.000000,0.000000,0.000000,0.000000,0.000000,0.000000,0.000000,0.000000,-2.636303,0.000000,0.000000,-3.185134,0.000000,0.000000,0.000000,0.000000,0.000000,0.000000,0.000000,0.000000,0.000000,0.000000,-0.904807,0.000000,0.000000,-1.344000,0.000000,0.000000,0.000000,0.000000,0.000000,0.000000,0.000000,0.000000,0.000000,0.000000,0.000000,0.000000,0.000000,0.000048,-0.057631,0.000019,-0.000096,-0.066492,0.000000,0.000002,0.000000,0.000000,0.000000,0.000000,0.000000,0.000000,-0.000078,-0.000019,-0.037868,-0.000040,-0.000000,-0.060293,0.000000,0.000000,0.000000,0.000000,0.000000,0.000000,0.000000,-0.000040,0.000146,0.000059,-0.095422,-0.000000,-0.000000,-0.125427
2.730000,-2.703685,0.000000,0.000000,-3.254284,0.000000,0.000000,0.000000,0.000000,0.000000,0.000000,0.000000,0.000000,0.000000,0.000000,-2.634800,0.000000,0.000000,-3.184901,0.000000,0.000000,0.000000,0.000000,0.000000,0.000000,0.000000,0.000000,0.000000,0.000000,-0.903832,0.000000,0.000000,-1.343493,0.000000,0.000000,0.000000,0.000000,0.000000,0.000000,0.000000,0.000000,0.000000,0.000000,0.000000,0.000000,0.000000,0.000048,-0.057520,0.000018,-0.000096,-0.066491,0.000000,0.000002,0.000000,0.000000,0.000000,0.000000,0.000000,0.000000,-0.000077,-0.000019,-0.037773,-0.000040,-0.000000,-0.060291,0.000000,0.000000,0.000000,0.000000,0.000000,0.000000,0.000000,-0.000040,0.000145,0.000058,-0.095214,-0.000000,-0.000000,-0.125424
2.740000,-2.702136,0.000000,0.000000,-3.254051,0.000000,0.000000,0.000000,0.000000,0.000000,0.000000,0.000000,0.000000,0.000000,0.000000,-2.633269,0.000000,0.000000,-3.184663,0.000000,0.000000,0.000000,0.000000,0.000000,0.000000,0.000000,0.000000,0.000000,0.000000,-0.902840,0.000000,0.000000,-1.342978,0.000000,0.000000,0.000000,0.000000,0.000000,0.000000,0.000000,0.000000,0.000000,0.000000,0.000000,0.000000,0.000000,0.000048,-0.057407,0.000018,-0.000095,-0.066489,0.000000,0.000002,0.000000,0.000000,0.000000,0.000000,0.000000,0.000000,-0.000077,-0.000019,-0.037677,-0.000040,-0.000000,-0.060290,0.000000,0.000000,0.000000,0.000000,0.000000,0.000000,0.000000,-0.000040,0.000144,0.000058,-0.095004,-0.000000,-0.000000,-0.125422
2.750000,-2.700556,0.000000,0.000000,-3.253813,0.000000,0.000000,-0.000000,0.000000,-0.000000,0.000000,0.000000,-0.000000,-0.000000,0.000000,-2.631707,0.000000,0.000000,-3.184421,0.000000,0.000000,0.000000,0.000000,0.000000,0.000000,0.000000,0.000000,0.000000,0.000000,-0.901828,0.000000,0.000000,-1.342453,0.000000,0.000000,0.000000,0.000000,0.000000,0.000000,0.000000,0.000000,0.000000,0.000000,0.000000,0.000000,0.000000,0.000048,-0.057294,0.000018,-0.000095,-0.066488,0.000000,0.000002,0.000000,0.000000,0.000000,0.000000,0.000000,0.000000,-0.000077,-0.000019,-0.037580,-0.000040,-0.000000,-0.060289,0.000000,-0.000000,-0.000000,-0.000000,-0.000000,-0.000000,-0.000000,-0.000040,0.000143,0.000058,-0.094792,-0.000000,-0.000000,-0.125419
2.760000,-2.698946,0.000000,0.000000,-3.253570,0.000000,0.000000,0.000000,0.000000,0.000000,0.000000,0.000000,0.000000,0.000000,0.000000,-2.630114,0.000000,0.000000,-3.184174,0.000000,0.000000,0.000000,0.000000,0.000000,0.000000,0.000000,0.000000,0.000000,0.000000,-0.900798,0.000000,0.000000,-1.341918,0.000000,0.000000,0.000000,0.000000,0.000000,0.000000,0.000000,0.000000,0.000000,0.000000,0.000000,0.000000,0.000000,0.000047,-0.057180,0.000018,-0.000094,-0.066486,0.000000,0.000002,0.000000,0.000000,0.000000,0.000000,0.000000,0.000000,-0.000076,-0.000019,-0.037483,-0.000040,-0.000000,-0.060288,0.000000,0.000000,0.000000,0.000000,0.000000,0.000000,0.000000,-0.000040,0.000143,0.000058,-0.094578,-0.000000,-0.000000,-0.125416
2.770000,-2.697303,0.000000,0.000000,-3.253323,0.000000,0.000000,0.000000,0.000000,0.000000,0.000000,0.000000,0.000000,0.000000,0.000000,-2.628491,0.000000,0.000000,-3.183922,0.000000,0.000000,0.000000,0.000000,0.000000,0.000000,0.000000,0.000000,0.000000,0.000000,-0.899748,0.000000,0.000000,-1.341374,0.000000,0.000000,0.000000,0.000000,0.000000,0.000000,0.000000,0.000000,0.000000,0.000000,0.000000,0.000000,0.000000,0.000047,-0.057065,0.000018,-0.000093,-0.066485,0.000000,0.000002,0.000000,0.000000,0.000000,0.000000,0.000000,0.000000,-0.000076,-0.000019,-0.037385,-0.000040,-0.000000,-0.060287,0.000000,0.000000,0.000000,0.000000,0.000000,0.000000,0.000000,-0.000039,0.000142,0.000057,-0.094363,-0.000000,-0.000000,-0.125413
2.780000,-2.695629,0.000000,0.000000,-3.253071,0.000000,0.000000,0.000000,0.000000,0.000000,0.000000,0.000000,0.000000,0.000000,0.000000,-2.626835,0.000000,0.000000,-3.183665,0.000000,0.000000,0.000000,0.000000,0.000000,0.000000,0.000000,0.000000,0.000000,0.000000,-0.898679,0.000000,0.000000,-1.340820,0.000000,0.000000,0.000000,0.000000,0.000000,0.000000,0.000000,0.000000,0.000000,0.000000,0.000000,0.000000,0.000000,0.000047,-0.056948,0.000018,-0.000093,-0.066483,0.000000,0.000002,0.000000,0.000000,0.000000,0.000000,0.000000,0.000000,-0.000075,-0.000019,-0.037287,-0.000039,-0.000000,-0.060285,0.000000,0.000000,0.000000,0.000000,0.000000,0.000000,0.000000,-0.000039,0.000141,0.000057,-0.094146,-0.000000,-0.000000,-0.125411
2.790000,-2.693922,0.000000,0.000000,-3.252813,0.000000,0.000000,0.000000,0.000000,0.000000,0.000000,0.000000,0.000000,0.000000,0.000000,-2.625147,0.000000,0.000000,-3.183404,0.000000,0.000000,0.000000,0.000000,0.000000,0.000000,0.000000,0.000000,0.000000,0.000000,-0.897589,0.000000,0.000000,-1.340256,0.000000,0.000000,0.000000,0.000000,0.000000,0.000000,0.000000,0.000000,0.000000,0.000000,0.000000,0.000000,0.000000,0.000047,-0.056831,0.000018,-0.000092,-0.066482,0.000000,0.000002,0.000000,0.000000,0.000000,0.000000,0.000000,0.000000,-0.000075,-0.000019,-0.037188,-0.000039,-0.000000,-0.060284,0.000000,0.000000,0.000000,0.000000,0.000000,0.000000,0.000000,-0.000039,0.000140,0.000057,-0.093928,-0.000000,-0.000000,-0.125408
2.800000,-2.692181,0.000000,0.000000,-3.252551,0.000000,0.000000,-0.000000,0.000000,-0.000000,0.000000,0.000000,-0.000000,-0.000000,0.000000,-2.623426,0.000000,0.000000,-3.183137,0.000000,0.000000,0.000000,0.000000,0.000000,0.000000,0.000000,0.000000,0.000000,0.000000,-0.896479,0.000000,0.000000,-1.339682,0.000000,0.000000,0.000000,0.000000,0.000000,0.000000,0.000000,0.000000,0.000000,0.000000,0.000000,0.000000,0.000000,0.000047,-0.056713,0.000018,-0.000092,-0.066480,0.000000,0.000002,0.000000,0.000000,0.000000,0.000000,0.000000,0.000000,-0.000074,-0.000019,-0.037088,-0.000039,-0.000000,-0.060283,0.000000,-0.000000,-0.000000,-0.000000,-0.000000,-0.000000,-0.000000,-0.000039,0.000140,0.000057,-0.093708,-0.000000,-0.000000,-0.125405
2.810000,-2.690406,0.000000,0.000000,-3.252284,0.000000,0.000000,0.000000,0.000000,0.000000,0.000000,0.000000,0.000000,0.000000,0.000000,-2.621671,0.000000,0.000000,-3.182864,0.000000,0.000000,0.000000,0.000000,0.000000,0.000000,0.000000,0.000000,0.000000,0.000000,-0.895349,0.000000,0.000000,-1.339097,0.000000,0.000000,0.000000,0.000000,0.000000,0.000000,0.000000,0.000000,0.000000,0.000000,0.000000,0.000000,0.000000,0.000046,-0.056593,0.000018,-0.000091,-0.066479,0.000000,0.000002,0.000000,0.000000,0.000000,0.000000,0.000000,0.000000,-0.000074,-0.000019,-0.036988,-0.000039,-0.000000,-0.060282,0.000000,0.000000,0.000000,0.000000,0.000000,0.000000,0.000000,-0.000039,0.000139,0.000056,-0.093486,-0.000000,-0.000000,-0.125402
2.820000,-2.688597,0.000000,0.000000,-3.252011,0.000000,0.000000,0.000000,0.000000,0.000000,0.000000,0.000000,0.000000,0.000000,0.000000,-2.619881,0.000000,0.000000,-3.182587,0.000000,0.000000,0.000000,0.000000,0.000000,0.000000,0.000000,0.000000,0.000000,0.000000,-0.894198,0.000000,0.000000,-1.338502,0.000000,0.000000,0.000000,0.000000,0.000000,0.000000,0.000000,0.000000,0.000000,0.000000,0.000000,0.000000,0.000000,0.000046,-0.056473,0.000018,-0.000091,-0.066477,0.000000,0.000002,0.000000,0.000000,0.000000,0.000000,0.000000,0.000000,-0.000073,-0.000019,-0.036887,-0.000039,-0.000000,-0.060280,0.000000,0.000000,0.000000,0.000000,0.000000,0.000000,0.000000,-0.000038,0.000138,0.000056,-0.093262,-0.000000,-0.000000,-0.125399
2.830000,-2.686752,0.000000,0.000000,-3.251733,0.000000,0.000000,0.000000,0.000000,0.000000,0.000000,0.000000,0.000000,0.000000,0.000000,-2.618057,0.000000,0.000000,-3.182304,0.000000,0.000000,0.000000,0.000000,0.000000,0.000000,0.000000,0.000000,0.000000,0.000000,-0.893025,0.000000,0.000000,-1.337897,0.000000,0.000000,0.000000,0.000000,0.000000,0.000000,0.000000,0.000000,0.000000,0.000000,0.000000,0.000000,0.000000,0.000046,-0.056351,0.000018,-0.000090,-0.066476,0.000000,0.000002,0.000000,0.000000,0.000000,0.000000,0.000000,0.000000,-0.000073,-0.000018,-0.036786,-0.000039,-0.000000,-0.060279,0.000000,0.000000,0.000000,0.000000,0.000000,0.000000,0.000000,-0.000038,0.000137,0.000056,-0.093037,-0.000000,-0.000000,-0.125396
2.840000,-2.684870,0.000000,0.000000,-3.251450,0.000000,0.000000,0.000000,0.000000,0.000000,0.000000,0.000000,0.000000,0.000000,0.000000,-2.616197,0.000000,0.000000,-3.182016,0.000000,0.000000,0.000000,0.000000,0.000000,0.000000,0.000000,0.000000,0.000000,0.000000,-0.891831,0.000000,0.000000,-1.337280,0.000000,0.000000,0.000000,0.000000,0.000000,0.000000,0.000000,0.000000,0.000000,0.000000,0.000000,0.000000,0.000000,0.000046,-0.056229,0.000017,-0.000090,-0.066474,0.000000,0.000002,0.000000,0.000000,0.000000,0.000000,0.000000,0.000000,-0.000073,-0.000018,-0.036684,-0.000038,-0.000000,-0.060278,0.000000,0.000000,0.000000,0.000000,0.000000,0.000000,0.000000,-0.000038,0.000136,0.000055,-0.092810,-0.000000,-0.000000,-0.125393
2.850000,-2.682953,0.000000,0.000000,-3.251161,0.000000,0.000000,-0.000000,0.000000,-0.000000,0.000000,0.000000,-0.000000,-0.000000,0.000000,-2.614301,0.000000,0.000000,-3.181721,0.000000,0.000000,0.000000,0.000000,0.000000,0.000000,0.000000,0.000000,0.000000,0.000000,-0.890615,0.000000,0.000000,-1.336653,0.000000,0.000000,0.000000,0.000000,0.000000,0.000000,0.000000,0.000000,0.000000,0.000000,0.000000,0.000000,0.000000,0.000046,-0.056105,0.000017,-0.000089,-0.066473,0.000000,0.000002,0.000000,0.000000,0.000000,0.000000,0.000000,0.000000,-0.000072,-0.000018,-0.036581,-0.000038,-0.000000,-0.060276,0.000000,-0.000000,-0.000000,-0.000000,-0.000000,-0.000000,-0.000000,-0.000038,0.000136,0.000055,-0.092581,-0.000000,-0.000000,-0.125390
2.860000,-2.680997,0.000000,0.000000,-3.250867,0.000000,0.000000,0.000000,0.000000,0.000000,0.000000,0.000000,0.000000,0.000000,0.000000,-2.612368,0.000000,0.000000,-3.181422,0.000000,0.000000,0.000000,0.000000,0.000000,0.000000,0.000000,0.000000,0.000000,0.000000,-0.889377,0.000000,0.000000,-1.336015,0.000000,0.000000,0.000000,0.000000,0.000000,0.000000,0.000000,0.000000,0.000000,0.000000,0.000000,0.000000,0.000000,0.000046,-0.055981,0.000017,-0.000089,-0.066471,0.000000,0.000002,0.000000,0.000000,0.000000,0.000000,0.000000,0.000000,-0.000072,-0.000018,-0.036477,-0.000038,-0.000000,-0.060275,0.000000,0.000000,0.000000,0.000000,0.000000,0.000000,0.000000,-0.000038,0.000135,0.000055,-0.092351,-0.000000,-0.000000,-0.125387
2.870000,-2.679004,0.000000,0.000000,-3.250566,0.000000,0.000000,0.000000,0.000000,0.000000,0.000000,0.000000,0.000000,0.000000,0.000000,-2.610397,0.000000,0.000000,-3.181116,0.000000,0.000000,0.000000,0.000000,0.000000,0.000000,0.000000,0.000000,0.000000,0.000000,-0.888116,0.000000,0.000000,-1.335365,0.000000,0.000000,0.000000,0.000000,0.000000,0.000000,0.000000,0.000000,0.000000,0.000000,0.000000,0.000000,0.000000,0.000045,-0.055855,0.000017,-0.000088,-0.066470,0.000000,0.000002,0.000000,0.000000,0.000000,0.000000,0.000000,0.000000,-0.000071,-0.000018,-0.036373,-0.000038,-0.000000,-0.060274,0.000000,0.000000,0.000000,0.000000,0.000000,0.000000,0.000000,-0.000038,0.000134,0.000055,-0.092118,-0.000000,-0.000000,-0.125384
2.880000,-2.676971,0.000000,0.000000,-3.250260,0.000000,0.000000,0.000000,0.000000,0.000000,0.000000,0.000000,0.000000,0.000000,0.000000,-2.608388,0.000000,0.000000,-3.180804,0.000000,0.000000,0.000000,0.000000,0.000000,0.000000,0.000000,0.000000,0.000000,0.000000,-0.886833,0.000000,0.000000,-1.334704,0.000000,0.000000,0.000000,0.000000,0.000000,0.000000,0.000000,0.000000,0.000000,0.000000,0.000000,0.000000,0.000000,0.000045,-0.055728,0.000017,-0.000088,-0.066468,0.000000,0.000002,0.000000,0.000000,0.000000,0.000000,0.000000,0.000000,-0.000071,-0.000018,-0.036269,-0.000038,-0.000000,-0.060272,0.000000,0.000000,0.000000,0.000000,0.000000,0.000000,0.000000,-0.000037,0.000133,0.000054,-0.091884,-0.000000,-0.000000,-0.125381
2.890000,-2.674899,0.000000,0.000000,-3.249948,0.000000,0.000000,0.000000,0.000000,0.000000,0.000000,0.000000,0.000000,0.000000,0.000000,-2.606339,0.000000,0.000000,-3.180487,0.000000,0.000000,0.000000,0.000000,0.000000,0.000000,0.000000,0.000000,0.000000,0.000000,-0.885526,0.000000,0.000000,-1.334031,0.000000,0.000000,0.000000,0.000000,0.000000,0.000000,0.000000,0.000000,0.000000,0.000000,0.000000,0.000000,0.000000,0.000045,-0.055600,0.000017,-0.000087,-0.066466,0.000000,0.000002,0.000000,0.000000,0.000000,0.000000,0.000000,0.000000,-0.000071,-0.000018,-0.036163,-0.000038,-0.000000,-0.060271,0.000000,0.000000,0.000000,0.000000,0.000000,0.000000,0.000000,-0.000037,0.000133,0.000054,-0.091649,-0.000000,-0.000000,-0.125378
2.900000,-2.672787,0.000000,0.000000,-3.249630,0.000000,0.000000,-0.000000,0.000000,-0.000000,0.000000,0.000000,-0.000000,-0.000000,0.000000,-2.604251,0.000000,0.000000,-3.180163,0.000000,0.000000,0.000000,0.000000,0.000000,0.000000,0.000000,0.000000,0.000000,0.000000,-0.884195,0.000000,0.000000,-1.333346,0.000000,0.000000,0.000000,0.000000,0.000000,0.000000,0.000000,0.000000,0.000000,0.000000,0.000000,0.000000,0.000000,0.000045,-0.055471,0.000017,-0.000087,-0.066465,0.000000,0.000002,0.000000,0.000000,0.000000,0.000000,0.000000,0.000000,-0.000070,-0.000018,-0.036057,-0.000038,-0.000000,-0.060270,0.000000,-0.000000,-0.000000,-0.000000,-0.000000,-0.000000,-0.000000,-0.000037,0.000132,0.000054,-0.091411,-0.000000,-0.000000,-0.125375
2.910000,-2.670634,0.000000,0.000000,-3.249306,0.000000,0.000000,0.000000,0.000000,0.000000,0.000000,0.000000,0.000000,0.000000,0.000000,-2.602122,0.000000,0.000000,-3.179833,0.000000,0.000000,0.000000,0.000000,0.000000,0.000000,0.000000,0.000000,0.000000,0.000000,-0.882841,0.000000,0.000000,-1.332650,0.000000,0.000000,0.000000,0.000000,0.000000,0.000000,0.000000,0.000000,0.000000,0.000000,0.000000,0.000000,0.000000,0.000045,-0.055341,0.000017,-0.000086,-0.066463,0.000000,0.000002,0.000000,0.000000,0.000000,0.000000,0.000000,0.000000,-0.000070,-0.000018,-0.035951,-0.000037,-0.000000,-0.060268,0.000000,0.000000,0.000000,0.000000,0.000000,0.000000,0.000000,-0.000037,0.000131,0.000054,-0.091172,-0.000000,-0.000000,-0.125372
2.920000,-2.668438,0.000000,0.000000,-3.248975,0.000000,0.000000,0.000000,0.000000,0.000000,0.000000,0.000000,0.000000,0.000000,0.000000,-2.599952,0.000000,0.000000,-3.179496,0.000000,0.000000,0.000000,0.000000,0.000000,0.000000,0.000000,0.000000,0.000000,0.000000,-0.881462,0.000000,0.000000,-1.331941,0.000000,0.000000,0.000000,0.000000,0.000000,0.000000,0.000000,0.000000,0.000000,0.000000,0.000000,0.000000,0.000000,0.000045,-0.055209,0.000017,-0.000086,-0.066461,0.000000,0.000002,0.000000,0.000000,0.000000,0.000000,0.000000,0.000000,-0.000069,-0.000018,-0.035843,-0.000037,-0.000000,-0.060267,0.000000,0.000000,0.000000,0.000000,0.000000,0.000000,0.000000,-0.000037,0.000131,0.000053,-0.090931,-0.000000,-0.000000,-0.125369
2.930000,-2.666201,0.000000,0.000000,-3.248638,0.000000,0.000000,0.000000,0.000000,0.000000,0.000000,0.000000,0.000000,0.000000,0.000000,-2.597740,0.000000,0.000000,-3.179153,0.000000,0.000000,0.000000,0.000000,0.000000,0.000000,0.000000,0.000000,0.000000,0.000000,-0.880058,0.000000,0.000000,-1.331220,0.000000,0.000000,0.000000,0.000000,0.000000,0.000000,0.000000,0.000000,0.000000,0.000000,0.000000,0.000000,0.000000,0.000044,-0.055077,0.000017,-0.000085,-0.066460,0.000000,0.000002,0.000000,0.000000,0.000000,0.000000,0.000000,0.000000,-0.000069,-0.000017,-0.035735,-0.000037,-0.000000,-0.060266,0.000000,0.000000,0.000000,0.000000,0.000000,0.000000,0.000000,-0.000036,0.000130,0.000053,-0.090688,-0.000000,-0.000000,-0.125366
2.940000,-2.663919,0.000000,0.000000,-3.248294,0.000000,0.000000,0.000000,0.000000,0.000000,0.000000,0.000000,0.000000,0.000000,0.000000,-2.595485,0.000000,0.000000,-3.178803,0.000000,0.000000,0.000000,0.000000,0.000000,0.000000,0.000000,0.000000,0.000000,0.000000,-0.878630,0.000000,0.000000,-1.330487,0.000000,0.000000,0.000000,0.000000,0.000000,0.000000,0.000000,0.000000,0.000000,0.000000,0.000000,0.000000,0.000000,0.000044,-0.054944,0.000017,-0.000085,-0.066458,0.000000,0.000002,0.000000,0.000000,0.000000,0.000000,0.000000,0.000000,-0.000068,-0.000017,-0.035627,-0.000037,-0.000000,-0.060264,0.000000,0.000000,0.000000,0.000000,0.000000,0.000000,0.000000,-0.000036,0.000129,0.000053,-0.090443,-0.000000,-0.000000,-0.125363
2.950000,-2.661594,0.000000,0.000000,-3.247944,0.000000,0.000000,-0.000000,0.000000,-0.000000,0.000000,0.000000,-0.000000,-0.000000,0.000000,-2.593186,0.000000,0.000000,-3.178446,0.000000,0.000000,0.000000,0.000000,0.000000,0.000000,0.000000,0.000000,0.000000,0.000000,-0.877176,0.000000,0.000000,-1.329741,0.000000,0.000000,0.000000,0.000000,0.000000,0.000000,0.000000,0.000000,0.000000,0.000000,0.000000,0.000000,0.000000,0.000044,-0.054809,0.000016,-0.000084,-0.066456,0.000000,0.000002,0.000000,0.000000,0.000000,0.000000,0.000000,0.000000,-0.000068,-0.000017,-0.035517,-0.000037,-0.000000,-0.060263,0.000000,-0.000000,-0.000000,-0.000000,-0.000000,-0.000000,-0.000000,-0.000036,0.000128,0.000053,-0.090196,-0.000000,-0.000000,-0.125360
2.960000,-2.659223,0.000000,0.000000,-3.247587,0.000000,0.000000,0.000000,0.000000,0.000000,0.000000,0.000000,0.000000,0.000000,0.000000,-2.590842,0.000000,0.000000,-3.178083,0.000000,0.000000,0.000000,0.000000,0.000000,0.000000,0.000000,0.000000,0.000000,0.000000,-0.875696,0.000000,0.000000,-1.328982,0.000000,0.000000,0.000000,0.000000,0.000000,0.000000,0.000000,0.000000,0.000000,0.000000,0.000000,0.000000,0.000000,0.000044,-0.054673,0.000016,-0.000084,-0.066455,0.000000,0.000002,0.000000,0.000000,0.000000,0.000000,0.000000,0.000000,-0.000068,-0.000017,-0.035408,-0.000037,-0.000000,-0.060262,0.000000,0.000000,0.000000,0.000000,0.000000,0.000000,0.000000,-0.000036,0.000128,0.000052,-0.089948,-0.000000,-0.000000,-0.125357
2.970000,-2.656806,0.000000,0.000000,-3.247223,0.000000,0.000000,0.000000,0.000000,0.000000,0.000000,0.000000,0.000000,0.000000,0.000000,-2.588453,0.000000,0.000000,-3.177713,0.000000,0.000000,0.000000,0.000000,0.000000,0.000000,0.000000,0.000000,0.000000,0.000000,-0.874191,0.000000,0.000000,-1.328210,0.000000,0.000000,0.000000,0.000000,0.000000,0.000000,0.000000,0.000000,0.000000,0.000000,0.000000,0.000000,0.000000,0.000044,-0.054536,0.000016,-0.000084,-0.066453,0.000000,0.000002,0.000000,0.000000,0.000000,0.000000,0.000000,0.000000,-0.000067,-0.000017,-0.035297,-0.000036,-0.000000,-0.060260,0.000000,0.000000,0.000000,0.000000,0.000000,0.000000,0.000000,-0.000036,0.000127,0.000052,-0.089698,-0.000000,-0.000000,-0.125353
2.980000,-2.654343,0.000000,0.000000,-3.246852,0.000000,0.000000,0.000000,0.000000,0.000000,0.000000,0.000000,0.000000,0.000000,0.000000,-2.586019,0.000000,0.000000,-3.177335,0.000000,0.000000,0.000000,0.000000,0.000000,0.000000,0.000000,0.000000,0.000000,0.000000,-0.872658,0.000000,0.000000,-1.327425,0.000000,0.000000,0.000000,0.000000,0.000000,0.000000,0.000000,0.000000,0.000000,0.000000,0.000000,0.000000,0.000000,0.000043,-0.054398,0.000016,-0.000083,-0.066451,0.000000,0.000002,0.000000,0.000000,0.000000,0.000000,0.000000,0.000000,-0.000067,-0.000017,-0.035186,-0.000036,-0.000000,-0.060259,0.000000,0.000000,0.000000,0.000000,0.000000,0.000000,0.000000,-0.000035,0.000126,0.000052,-0.089446,-0.000000,-0.000000,-0.125350
2.990000,-2.651832,0.000000,0.000000,-3.246474,0.000000,0.000000,0.000000,0.000000,0.000000,0.000000,0.000000,0.000000,0.000000,0.000000,-2.583537,0.000000,0.000000,-3.176950,0.000000,0.000000,0.000000,0.000000,0.000000,0.000000,0.000000,0.000000,0.000000,0.000000,-0.871099,0.000000,0.000000,-1.326627,0.000000,0.000000,0.000000,0.000000,0.000000,0.000000,0.000000,0.000000,0.000000,0.000000,0.000000,0.000000,0.000000,0.000043,-0.054259,0.000016,-0.000083,-0.066449,0.000000,0.000002,0.000000,0.000000,0.000000,0.000000,0.000000,0.000000,-0.000066,-0.000017,-0.035074,-0.000036,-0.000000,-0.060257,0.000000,0.000000,0.000000,0.000000,0.000000,0.000000,0.000000,-0.000035,0.000126,0.000052,-0.089192,-0.000000,-0.000000,-0.125347
3.000000,-2.649273,0.000000,0.000000,-3.246088,0.000000,0.000000,-0.000000,0.000000,-0.000000,0.000000,0.000000,-0.000000,-0.000000,0.000000,-2.581007,0.000000,0.000000,-3.176558,0.000000,0.000000,0.000000,0.000000,0.000000,0.000000,0.000000,0.000000,0.000000,0.000000,-0.869513,0.000000,0.000000,-1.325815,0.000000,0.000000,0.000000,0.000000,0.000000,0.000000,0.000000,0.000000,0.000000,0.000000,0.000000,0.000000,0.000000,0.000043,-0.054118,0.000016,-0.000082,-0.066448,0.000000,0.000001,0.000000,0.000000,0.000000,0.000000,0.000000,0.000000,-0.000066,-0.000017,-0.034961,-0.000036,-0.000000,-0.060256,0.000000,-0.000000,-0.000000,-0.000000,-0.000000,-0.000000,-0.000000,-0.000035,0.000125,0.000051,-0.088936,-0.000000,-0.000000,-0.125344
3.010000,-2.646664,0.000000,0.000000,-3.245696,0.000000,0.000000,0.000000,0.000000,0.000000,0.000000,0.000000,0.000000,0.000000,0.000000,-2.578428,0.000000,0.000000,-3.176158,0.000000,0.000000,0.000000,0.000000,0.000000,0.000000,0.000000,0.000000,0.000000,0.000000,-0.867899,0.000000,0.000000,-1.324990,0.000000,0.000000,0.000000,0.000000,0.000000,0.000000,0.000000,0.000000,0.000000,0.000000,0.000000,0.000000,0.000000,0.000043,-0.053976,0.000016,-0.000082,-0.066446,0.000000,0.000001,0.000000,0.000000,0.000000,0.000000,0.000000,0.000000,-0.000066,-0.000017,-0.034848,-0.000036,-0.000000,-0.060255,0.000000,0.000000,0.000000,0.000000,0.000000,0.000000,0.000000,-0.000035,0.000124,0.000051,-0.088679,-0.000000,-0.000000,-0.125340
3.020000,-2.644005,0.000000,0.000000,-3.245295,0.000000,0.000000,0.000000,0.000000,0.000000,0.000000,0.000000,0.000000,0.000000,0.000000,-2.575800,0.000000,0.000000,-3.175750,0.000000,0.000000,0.000000,0.000000,0.000000,0.000000,0.000000,0.000000,0.000000,0.000000,-0.866257,0.000000,0.000000,-1.324150,0.000000,0.000000,0.000000,0.000000,0.000000,0.000000,0.000000,0.000000,0.000000,0.000000,0.000000,0.000000,0.000000,0.000043,-0.053833,0.000016,-0.000081,-0.066444,0.000000,0.000001,0.000000,0.000000,0.000000,0.000000,0.000000,0.000000,-0.000065,-0.000017,-0.034734,-0.000036,-0.000000,-0.060253,0.000000,0.000000,0.000000,0.000000,0.000000,0.000000,0.000000,-0.000035,0.000123,0.000051,-0.088419,-0.000000,-0.000000,-0.125337
3.030000,-2.641295,0.000000,0.000000,-3.244887,0.000000,0.000000,0.000000,0.000000,0.000000,0.000000,0.000000,0.000000,0.000000,0.000000,-2.573121,0.000000,0.000000,-3.175335,0.000000,0.000000,0.000000,0.000000,0.000000,0.000000,0.000000,0.000000,0.000000,0.000000,-0.864587,0.000000,0.000000,-1.323296,0.000000,0.000000,0.000000,0.000000,0.000000,0.000000,0.000000,0.000000,0.000000,0.000000,0.000000,0.000000,0.000000,0.000042,-0.053689,0.000016,-0.000081,-0.066442,0.000000,0.000001,0.000000,0.000000,0.000000,0.000000,0.000000,0.000000,-0.000065,-0.000017,-0.034619,-0.000036,-0.000000,-0.060252,0.000000,0.000000,0.000000,0.000000,0.000000,0.000000,0.000000,-0.000034,0.000123,0.000051,-0.088158,-0.000000,-0.000000,-0.125334
3.040000,-2.638533,0.000000,0.000000,-3.244471,0.000000,0.000000,0.000000,0.000000,0.000000,0.000000,0.000000,0.000000,0.000000,0.000000,-2.570391,0.000000,0.000000,-3.174911,0.000000,0.000000,0.000000,0.000000,0.000000,0.000000,0.000000,0.000000,0.000000,0.000000,-0.862888,0.000000,0.000000,-1.322428,0.000000,0.000000,0.000000,0.000000,0.000000,0.000000,0.000000,0.000000,0.000000,0.000000,0.000000,0.000000,0.000000,0.000042,-0.053544,0.000016,-0.000080,-0.066440,0.000000,0.000001,0.000000,0.000000,0.000000,0.000000,0.000000,0.000000,-0.000065,-0.000016,-0.034504,-0.000035,-0.000000,-0.060250,0.000000,0.000000,0.000000,0.000000,0.000000,0.000000,0.000000,-0.000034,0.000122,0.000050,-0.087895,-0.000000,-0.000000,-0.125330
3.050000,-2.635718,0.000000,0.000000,-3.244047,0.000000,0.000000,-0.000000,0.000000,-0.000000,0.000000,0.000000,-0.000000,-0.000000,0.000000,-2.567609,0.000000,0.000000,-3.174480,0.000000,0.000000,0.000000,0.000000,0.000000,0.000000,0.000000,0.000000,0.000000,0.000000,-0.861160,0.000000,0.000000,-1.321546,0.000000,0.000000,0.000000,0.000000,0.000000,0.000000,0.000000,0.000000,0.000000,0.000000,0.000000,0.000000,0.000000,0.000042,-0.053398,0.000016,-0.000080,-0.066439,0.000000,0.000001,0.000000,0.000000,0.000000,0.000000,0.000000,0.000000,-0.000064,-0.000016,-0.034388,-0.000035,-0.000000,-0.060249,0.000000,-0.000000,-0.000000,-0.000000,-0.000000,-0.000000,-0.000000,-0.000034,0.000121,0.000050,-0.087629,-0.000000,-0.000000,-0.125327
3.060000,-2.632848,0.000000,0.000000,-3.243615,0.000000,0.000000,0.000000,0.000000,0.000000,0.000000,0.000000,0.000000,0.000000,0.000000,-2.564773,0.000000,0.000000,-3.174040,0.000000,0.000000,0.000000,0.000000,0.000000,0.000000,0.000000,0.000000,0.000000,0.000000,-0.859403,0.000000,0.000000,-1.320649,0.000000,0.000000,0.000000,0.000000,0.000000,0.000000,0.000000,0.000000,0.000000,0.000000,0.000000,0.000000,0.000000,0.000042,-0.053250,0.000015,-0.000079,-0.066437,0.000000,0.000001,0.000000,0.000000,0.000000,0.000000,0.000000,0.000000,-0.000064,-0.000016,-0.034271,-0.000035,-0.000000,-0.060247,0.000000,0.000000,0.000000,0.000000,0.000000,0.000000,0.000000,-0.000034,0.000121,0.000050,-0.087362,-0.000000,-0.000000,-0.125323
3.070000,-2.629924,0.000000,0.000000,-3.243174,0.000000,0.000000,0.000000,0.000000,0.000000,0.000000,0.000000,0.000000,0.000000,0.000000,-2.561883,0.000000,0.000000,-3.173591,0.000000,0.000000,0.000000,0.000000,0.000000,0.000000,0.000000,0.000000,0.000000,0.000000,-0.857615,0.000000,0.000000,-1.319737,0.000000,0.000000,0.000000,0.000000,0.000000,0.000000,0.000000,0.000000,0.000000,0.000000,0.000000,0.000000,0.000000,0.000042,-0.053101,0.000015,-0.000079,-0.066435,0.000000,0.000001,0.000000,0.000000,0.000000,0.000000,0.000000,0.000000,-0.000063,-0.000016,-0.034154,-0.000035,-0.000000,-0.060246,0.000000,0.000000,0.000000,0.000000,0.000000,0.000000,0.000000,-0.000034,0.000120,0.000049,-0.087093,-0.000000,-0.000000,-0.125320
3.080000,-2.626944,0.000000,0.000000,-3.242725,0.000000,0.000000,0.000000,0.000000,0.000000,0.000000,0.000000,0.000000,0.000000,0.000000,-2.558937,0.000000,0.000000,-3.173135,0.000000,0.000000,0.000000,0.000000,0.000000,0.000000,0.000000,0.000000,0.000000,0.000000,-0.855798,0.000000,0.000000,-1.318809,0.000000,0.000000,0.000000,0.000000,0.000000,0.000000,0.000000,0.000000,0.000000,0.000000,0.000000,0.000000,0.000000,0.000042,-0.052951,0.000015,-0.000078,-0.066433,0.000000,0.000001,0.000000,0.000000,0.000000,0.000000,0.000000,0.000000,-0.000063,-0.000016,-0.034036,-0.000035,-0.000000,-0.060244,0.000000,0.000000,0.000000,0.000000,0.000000,0.000000,0.000000,-0.000033,0.000119,0.000049,-0.086822,-0.000000,-0.000000,-0.125316
3.090000,-2.623906,0.000000,0.000000,-3.242268,0.000000,0.000000,0.000000,0.000000,0.000000,0.000000,0.000000,0.000000,0.000000,0.000000,-2.555935,0.000000,0.000000,-3.172669,0.000000,0.000000,0.000000,0.000000,0.000000,0.000000,0.000000,0.000000,0.000000,0.000000,-0.853950,0.000000,0.000000,-1.317867,0.000000,0.000000,0.000000,0.000000,0.000000,0.000000,0.000000,0.000000,0.000000,0.000000,0.000000,0.000000,0.000000,0.000041,-0.052800,0.000015,-0.000078,-0.066431,0.000000,0.000001,0.000000,0.000000,0.000000,0.000000,0.000000,0.000000,-0.000063,-0.000016,-0.033917,-0.000035,-0.000000,-0.060243,0.000000,0.000000,0.000000,0.000000,0.000000,0.000000,0.000000,-0.000033,0.000119,0.000049,-0.086550,-0.000000,-0.000000,-0.125313
3.100000,-2.620811,0.000000,0.000000,-3.241802,0.000000,0.000000,-0.000000,0.000000,-0.000000,0.000000,0.000000,-0.000000,-0.000000,0.000000,-2.552876,0.000000,0.000000,-3.172195,0.000000,0.000000,0.000000,0.000000,0.000000,0.000000,0.000000,0.000000,0.000000,0.000000,-0.852071,0.000000,0.000000,-1.316909,0.000000,0.000000,0.000000,0.000000,0.000000,0.000000,0.000000,0.000000,0.000000,0.000000,0.000000,0.000000,0.000000,0.000041,-0.052647,0.000015,-0.000077,-0.066429,0.000000,0.000001,0.000000,0.000000,0.000000,0.000000,0.000000,0.000000,-0.000062,-0.000016,-0.033798,-0.000034,-0.000000,-0.060241,0.000000,-0.000000,-0.000000,-0.000000,-0.000000,-0.000000,-0.000000,-0.000033,0.000118,0.000049,-0.086275,-0.000000,-0.000000,-0.125309
3.110000,-2.617656,0.000000,0.000000,-3.241326,0.000000,0.000000,0.000000,0.000000,0.000000,0.000000,0.000000,0.000000,0.000000,0.000000,-2.549759,0.000000,0.000000,-3.171711,0.000000,0.000000,0.000000,0.000000,0.000000,0.000000,0.000000,0.000000,0.000000,0.000000,-0.850160,0.000000,0.000000,-1.315936,0.000000,0.000000,0.000000,0.000000,0.000000,0.000000,0.000000,0.000000,0.000000,0.000000,0.000000,0.000000,0.000000,0.000041,-0.052493,0.000015,-0.000077,-0.066427,0.000000,0.000001,0.000000,0.000000,0.000000,0.000000,0.000000,0.000000,-0.000062,-0.000016,-0.033678,-0.000034,-0.000000,-0.060240,0.000000,0.000000,0.000000,0.000000,0.000000,0.000000,0.000000,-0.000033,0.000117,0.000048,-0.085998,-0.000000,-0.000000,-0.125306
3.120000,-2.614442,0.000000,0.000000,-3.240842,0.000000,0.000000,0.000000,0.000000,0.000000,0.000000,0.000000,0.000000,0.000000,0.000000,-2.546582,0.000000,0.000000,-3.171218,0.000000,0.000000,0.000000,0.000000,0.000000,0.000000,0.000000,0.000000,0.000000,0.000000,-0.848218,0.000000,0.000000,-1.314946,0.000000,0.000000,0.000000,0.000000,0.000000,0.000000,0.000000,0.000000,0.000000,0.000000,0.000000,0.000000,0.000000,0.000041,-0.052338,0.000015,-0.000077,-0.066425,0.000000,0.000001,0.000000,0.000000,0.000000,0.000000,0.000000,0.000000,-0.000061,-0.000016,-0.033557,-0.000034,-0.000000,-0.060238,0.000000,0.000000,0.000000,0.000000,0.000000,0.000000,0.000000,-0.000033,0.000116,0.000048,-0.085719,-0.000000,-0.000000,-0.125302
3.130000,-2.611166,0.000000,0.000000,-3.240349,0.000000,0.000000,0.000000,0.000000,0.000000,0.000000,0.000000,0.000000,0.000000,0.000000,-2.543345,0.000000,0.000000,-3.170716,0.000000,0.000000,0.000000,0.000000,0.000000,0.000000,0.000000,0.000000,0.000000,0.000000,-0.846243,0.000000,0.000000,-1.313941,0.000000,0.000000,0.000000,0.000000,0.000000,0.000000,0.000000,0.000000,0.000000,0.000000,0.000000,0.000000,0.000000,0.000041,-0.052182,0.000015,-0.000076,-0.066423,0.000000,0.000001,0.000000,0.000000,0.000000,0.000000,0.000000,0.000000,-0.000061,-0.000016,-0.033436,-0.000034,-0.000000,-0.060237,0.000000,0.000000,0.000000,0.000000,0.000000,0.000000,0.000000,-0.000032,0.000116,0.000048,-0.085439,-0.000000,-0.000000,-0.125299
3.140000,-2.607828,0.000000,0.000000,-3.239846,0.000000,0.000000,0.000000,0.000000,0.000000,0.000000,0.000000,0.000000,0.000000,0.000000,-2.540046,0.000000,0.000000,-3.170205,0.000000,0.000000,0.000000,0.000000,0.000000,0.000000,0.000000,0.000000,0.000000,0.000000,-0.844236,0.000000,0.000000,-1.312919,0.000000,0.000000,0.000000,0.000000,0.000000,0.000000,0.000000,0.000000,0.000000,0.000000,0.000000,0.000000,0.000000,0.000040,-0.052024,0.000015,-0.000076,-0.066421,0.000000,0.000001,0.000000,0.000000,0.000000,0.000000,0.000000,0.000000,-0.000061,-0.000015,-0.033313,-0.000034,-0.000000,-0.060235,0.000000,0.000000,0.000000,0.000000,0.000000,0.000000,0.000000,-0.000032,0.000115,0.000047,-0.085156,-0.000000,-0.000000,-0.125295
3.150000,-2.604427,0.000000,0.000000,-3.239334,0.000000,0.000000,-0.000000,0.000000,-0.000000,0.000000,0.000000,-0.000000,-0.000000,0.000000,-2.536685,0.000000,0.000000,-3.169684,0.000000,0.000000,0.000000,0.000000,0.000000,0.000000,0.000000,0.000000,0.000000,0.000000,-0.842196,0.000000,0.000000,-1.311880,0.000000,0.000000,0.000000,0.000000,0.000000,0.000000,0.000000,0.000000,0.000000,0.000000,0.000000,0.000000,0.000000,0.000040,-0.051865,0.000015,-0.000075,-0.066419,0.000000,0.000001,0.000000,0.000000,0.000000,0.000000,0.000000,0.000000,-0.000060,-0.000015,-0.033191,-0.000033,-0.000000,-0.060234,0.000000,-0.000000,-0.000000,-0.000000,-0.000000,-0.000000,-0.000000,-0.000032,0.000114,0.000047,-0.084871,-0.000000,-0.000000,-0.125291
3.160000,-2.600961,0.000000,0.000000,-3.238812,0.000000,0.000000,0.000000,0.000000,0.000000,0.000000,0.000000,0.000000,0.000000,0.000000,-2.533260,0.000000,0.000000,-3.169152,0.000000,0.000000,0.000000,0.000000,0.000000,0.000000,0.000000,0.000000,0.000000,0.000000,-0.840123,0.000000,0.000000,-1.310825,0.000000,0.000000,0.000000,0.000000,0.000000,0.000000,0.000000,0.000000,0.000000,0.000000,0.000000,0.000000,0.000000,0.000040,-0.051705,0.000015,-0.000075,-0.066417,0.000000,0.000001,0.000000,0.000000,0.000000,0.000000,0.000000,0.000000,-0.000060,-0.000015,-0.033067,-0.000033,-0.000000,-0.060232,0.000000,0.000000,0.000000,0.000000,0.000000,0.000000,0.000000,-0.000032,0.000114,0.000047,-0.084585,-0.000000,-0.000000,-0.125288
3.170000,-2.597429,0.000000,0.000000,-3.238280,0.000000,0.000000,0.000000,0.000000,0.000000,0.000000,0.000000,0.000000,0.000000,0.000000,-2.529771,0.000000,0.000000,-3.168611,0.000000,0.000000,0.000000,0.000000,0.000000,0.000000,0.000000,0.000000,0.000000,0.000000,-0.838016,0.000000,0.000000,-1.309753,0.000000,0.000000,0.000000,0.000000,0.000000,0.000000,0.000000,0.000000,0.000000,0.000000,0.000000,0.000000,0.000000,0.000040,-0.051543,0.000014,-0.000074,-0.066415,0.000000,0.000001,0.000000,0.000000,0.000000,0.000000,0.000000,0.000000,-0.000060,-0.000015,-0.032943,-0.000033,-0.000000,-0.060231,0.000000,0.000000,0.000000,0.000000,0.000000,0.000000,0.000000,-0.000032,0.000113,0.000047,-0.084296,-0.000000,-0.000000,-0.125284
3.180000,-2.593831,0.000000,0.000000,-3.237738,0.000000,0.000000,0.000000,0.000000,0.000000,0.000000,0.000000,0.000000,0.000000,0.000000,-2.526215,0.000000,0.000000,-3.168060,0.000000,0.000000,0.000000,0.000000,0.000000,0.000000,0.000000,0.000000,0.000000,0.000000,-0.835874,0.000000,0.000000,-1.308664,0.000000,0.000000,0.000000,0.000000,0.000000,0.000000,0.000000,0.000000,0.000000,0.000000,0.000000,0.000000,0.000000,0.000040,-0.051381,0.000014,-0.000074,-0.066413,0.000000,0.000001,0.000000,0.000000,0.000000,0.000000,0.000000,0.000000,-0.000059,-0.000015,-0.032818,-0.000033,-0.000000,-0.060229,0.000000,0.000000,0.000000,0.000000,0.000000,0.000000,0.000000,-0.000031,0.000112,0.000046,-0.084006,-0.000000,-0.000000,-0.125280
3.190000,-2.590164,0.000000,0.000000,-3.237186,0.000000,0.000000,0.000000,0.000000,0.000000,0.000000,0.000000,0.000000,0.000000,0.000000,-2.522593,0.000000,0.000000,-3.167498,0.000000,0.000000,0.000000,0.000000,0.000000,0.000000,0.000000,0.000000,0.000000,0.000000,-0.833699,0.000000,0.000000,-1.307558,0.000000,0.000000,0.000000,0.000000,0.000000,0.000000,0.000000,0.000000,0.000000,0.000000,0.000000,0.000000,0.000000,0.000039,-0.051217,0.000014,-0.000073,-0.066411,0.000000,0.000001,0.000000,0.000000,0.000000,0.000000,0.000000,0.000000,-0.000059,-0.000015,-0.032692,-0.000033,-0.000000,-0.060227,0.000000,0.000000,0.000000,0.000000,0.000000,0.000000,0.000000,-0.000031,0.000112,0.000046,-0.083713,-0.000000,-0.000000,-0.125276
3.200000,-2.586429,0.000000,0.000000,-3.236623,0.000000,0.000000,-0.000000,0.000000,-0.000000,0.000000,0.000000,-0.000000,-0.000000,0.000000,-2.518902,0.000000,0.000000,-3.166925,0.000000,0.000000,0.000000,0.000000,0.000000,0.000000,0.000000,0.000000,0.000000,0.000000,-0.831488,0.000000,0.000000,-1.306434,0.000000,0.000000,0.000000,0.000000,0.000000,0.000000,0.000000,0.000000,0.000000,0.000000,0.000000,0.000000,0.000000,0.000039,-0.051051,0.000014,-0.000073,-0.066409,0.000000,0.000001,0.000000,0.000000,0.000000,0.000000,0.000000,0.000000,-0.000058,-0.000015,-0.032566,-0.000033,-0.000000,-0.060226,0.000000,-0.000000,-0.000000,-0.000000,-0.000000,-0.000000,-0.000000,-0.000031,0.000111,0.000046,-0.083418,-0.000000,-0.000000,-0.125273
3.210000,-2.582623,0.000000,0.000000,-3.236050,0.000000,0.000000,0.000000,0.000000,0.000000,0.000000,0.000000,0.000000,0.000000,0.000000,-2.515141,0.000000,0.000000,-3.166342,0.000000,0.000000,0.000000,0.000000,0.000000,0.000000,0.000000,0.000000,0.000000,0.000000,-0.829243,0.000000,0.000000,-1.305292,0.000000,0.000000,0.000000,0.000000,0.000000,0.000000,0.000000,0.000000,0.000000,0.000000,0.000000,0.000000,0.000000,0.000039,-0.050885,0.000014,-0.000073,-0.066407,0.000000,0.000001,0.000000,0.000000,0.000000,0.000000,0.000000,0.000000,-0.000058,-0.000015,-0.032439,-0.000032,-0.000000,-0.060224,0.000000,0.000000,0.000000,0.000000,0.000000,0.000000,0.000000,-0.000031,0.000110,0.000045,-0.083122,-0.000000,-0.000000,-0.125269
3.220000,-2.578746,0.000000,0.000000,-3.235466,0.000000,0.000000,0.000000,0.000000,0.000000,0.000000,0.000000,0.000000,0.000000,0.000000,-2.511311,0.000000,0.000000,-3.165748,0.000000,0.000000,0.000000,0.000000,0.000000,0.000000,0.000000,0.000000,0.000000,0.000000,-0.826961,0.000000,0.000000,-1.304133,0.000000,0.000000,0.000000,0.000000,0.000000,0.000000,0.000000,0.000000,0.000000,0.000000,0.000000,0.000000,0.000000,0.000039,-0.050717,0.000014,-0.000072,-0.066405,0.000000,0.000001,0.000000,0.000000,0.000000,0.000000,0.000000,0.000000,-0.000058,-0.000015,-0.032311,-0.000032,-0.000000,-0.060223,0.000000,0.000000,0.000000,0.000000,0.000000,0.000000,0.000000,-0.000031,0.000110,0.000045,-0.082823,-0.000000,-0.000000,-0.125265
3.230000,-2.574795,0.000000,0.000000,-3.234871,0.000000,0.000000,0.000000,0.000000,0.000000,0.000000,0.000000,0.000000,0.000000,0.000000,-2.507408,0.000000,0.000000,-3.165143,0.000000,0.000000,0.000000,0.000000,0.000000,0.000000,0.000000,0.000000,0.000000,0.000000,-0.824644,0.000000,0.000000,-1.302955,0.000000,0.000000,0.000000,0.000000,0.000000,0.000000,0.000000,0.000000,0.000000,0.000000,0.000000,0.000000,0.000000,0.000038,-0.050547,0.000014,-0.000072,-0.066403,0.000000,0.000001,0.000000,0.000000,0.000000,0.000000,0.000000,0.000000,-0.000057,-0.000015,-0.032183,-0.000032,-0.000000,-0.060221,0.000000,0.000000,0.000000,0.000000,0.000000,0.000000,0.000000,-0.000030,0.000109,0.000045,-0.082523,-0.000000,-0.000000,-0.125261
3.240000,-2.570771,0.000000,0.000000,-3.234265,0.000000,0.000000,0.000000,0.000000,0.000000,0.000000,0.000000,0.000000,0.000000,0.000000,-2.503432,0.000000,0.000000,-3.164526,0.000000,0.000000,0.000000,0.000000,0.000000,0.000000,0.000000,0.000000,0.000000,0.000000,-0.822290,0.000000,0.000000,-1.301759,0.000000,0.000000,0.000000,0.000000,0.000000,0.000000,0.000000,0.000000,0.000000,0.000000,0.000000,0.000000,0.000000,0.000038,-0.050377,0.000014,-0.000071,-0.066401,0.000000,0.000001,0.000000,0.000000,0.000000,0.000000,0.000000,0.000000,-0.000057,-0.000014,-0.032054,-0.000032,-0.000000,-0.060219,0.000000,0.000000,0.000000,0.000000,0.000000,0.000000,0.000000,-0.000030,0.000108,0.000044,-0.082220,-0.000000,-0.000000,-0.125257
3.250000,-2.566671,0.000000,0.000000,-3.233647,0.000000,0.000000,-0.000000,0.000000,-0.000000,0.000000,0.000000,-0.000000,-0.000000,0.000000,-2.499382,0.000000,0.000000,-3.163898,0.000000,0.000000,0.000000,0.000000,0.000000,0.000000,0.000000,0.000000,0.000000,0.000000,-0.819899,0.000000,0.000000,-1.300544,0.000000,0.000000,0.000000,0.000000,0.000000,0.000000,0.000000,0.000000,0.000000,0.000000,0.000000,0.000000,0.000000,0.000038,-0.050205,0.000014,-0.000071,-0.066398,0.000000,0.000001,0.000000,0.000000,0.000000,0.000000,0.000000,0.000000,-0.000057,-0.000014,-0.031924,-0.000032,-0.000000,-0.060218,0.000001,-0.000000,-0.000000,-0.000000,-0.000000,-0.000000,-0.000000,-0.000030,0.000108,0.000044,-0.081915,-0.000000,-0.000000,-0.125253
3.260000,-2.562495,0.000000,0.000000,-3.233018,0.000000,0.000000,0.000000,0.000000,0.000000,0.000000,0.000000,0.000000,0.000000,0.000000,-2.495256,0.000000,0.000000,-3.163258,0.000000,0.000000,0.000000,0.000000,0.000000,0.000000,0.000000,0.000000,0.000000,0.000000,-0.817472,0.000000,0.000000,-1.299310,0.000000,0.000000,0.000000,0.000000,0.000000,0.000000,0.000000,0.000000,0.000000,0.000000,0.000000,0.000000,0.000000,0.000038,-0.050031,0.000014,-0.000070,-0.066396,0.000000,0.000001,0.000000,0.000000,0.000000,0.000000,0.000000,0.000000,-0.000056,-0.000014,-0.031793,-0.000031,-0.000000,-0.060216,0.000001,0.000000,0.000000,0.000000,0.000000,0.000000,0.000000,-0.000030,0.000107,0.000044,-0.081608,-0.000000,-0.000000,-0.125249
3.270000,-2.558241,0.000000,0.000000,-3.232378,0.000000,0.000000,0.000000,0.000000,0.000000,0.000000,0.000000,0.000000,0.000000,0.000000,-2.491053,0.000000,0.000000,-3.162606,0.000000,0.000000,0.000000,0.000000,0.000000,0.000000,0.000000,0.000000,0.000000,0.000000,-0.815006,0.000000,0.000000,-1.298057,0.000000,0.000000,0.000000,0.000000,0.000000,0.000000,0.000000,0.000000,0.000000,0.000000,0.000000,0.000000,0.000000,0.000038,-0.049856,0.000013,-0.000070,-0.066394,0.000000,0.000001,0.000000,0.000000,0.000000,0.000000,0.000000,0.000000,-0.000056,-0.000014,-0.031662,-0.000031,-0.000000,-0.060215,0.000001,0.000000,0.000000,0.000000,0.000000,0.000000,0.000000,-0.000030,0.000106,0.000043,-0.081299,-0.000000,-0.000000,-0.125245
3.280000,-2.553907,0.000000,0.000000,-3.231725,0.000000,0.000000,0.000000,0.000000,0.000000,0.000000,0.000000,0.000000,0.000000,0.000000,-2.486773,0.000000,0.000000,-3.161943,0.000000,0.000000,0.000000,0.000000,0.000000,0.000000,0.000000,0.000000,0.000000,0.000000,-0.812503,0.000000,0.000000,-1.296784,0.000000,0.000000,0.000000,0.000000,0.000000,0.000000,0.000000,0.000000,0.000000,0.000000,0.000000,0.000000,0.000000,0.000037,-0.049680,0.000013,-0.000069,-0.066392,0.000000,0.000001,0.000000,0.000000,0.000000,0.000000,0.000000,0.000000,-0.000055,-0.000014,-0.031530,-0.000031,-0.000000,-0.060213,0.000001,0.000000,0.000000,0.000000,0.000000,0.000000,0.000000,-0.000029,0.000106,0.000043,-0.080988,-0.000000,-0.000000,-0.125241
3.290000,-2.549493,0.000000,0.000000,-3.231060,0.000000,0.000000,0.000000,0.000000,0.000000,0.000000,0.000000,0.000000,0.000000,0.000000,-2.482412,0.000000,0.000000,-3.161266,0.000000,0.000000,0.000000,0.000000,0.000000,0.000000,0.000000,0.000000,0.000000,0.000000,-0.809962,0.000000,0.000000,-1.295493,0.000000,0.000000,0.000000,0.000000,0.000000,0.000000,0.000000,0.000000,0.000000,0.000000,0.000000,0.000000,0.000000,0.000037,-0.049503,0.000013,-0.000069,-0.066390,0.000000,0.000001,0.000000,0.000000,0.000000,0.000000,0.000000,0.000000,-0.000055,-0.000014,-0.031397,-0.000031,-0.000000,-0.060211,0.000001,0.000000,0.000000,0.000000,0.000000,0.000000,0.000000,-0.000029,0.000105,0.000043,-0.080675,-0.000000,-0.000000,-0.125237
3.300000,-2.544997,0.000000,0.000000,-3.230383,0.000000,0.000000,-0.000000,0.000000,-0.000000,0.000000,0.000000,-0.000000,-0.000000,0.000000,-2.477971,0.000000,0.000000,-3.160578,0.000000,0.000000,0.000000,0.000000,0.000000,0.000000,0.000000,0.000000,0.000000,0.000000,-0.807382,0.000000,0.000000,-1.294181,0.000000,0.000000,0.000000,0.000000,0.000000,0.000000,0.000000,0.000000,0.000000,0.000000,0.000000,0.000000,0.000000,0.000037,-0.049324,0.000013,-0.000069,-0.066387,0.000000,0.000001,0.000000,0.000000,0.000000,0.000000,0.000000,0.000000,-0.000055,-0.000014,-0.031264,-0.000030,-0.000000,-0.060209,0.000001,-0.000000,-0.000000,-0.000000,-0.000000,-0.000000,-0.000000,-0.000029,0.000104,0.000042,-0.080360,-0.000000,-0.000000,-0.125233
3.310000,-2.540418,0.000000,0.000000,-3.229693,0.000000,0.000000,0.000000,0.000000,0.000000,0.000000,0.000000,0.000000,0.000000,0.000000,-2.473448,0.000000,0.000000,-3.159876,0.000000,0.000000,0.000000,0.000000,0.000000,0.000000,0.000000,0.000000,0.000000,0.000000,-0.804763,0.000000,0.000000,-1.292849,0.000000,0.000000,0.000000,0.000000,0.000000,0.000000,0.000000,0.000000,0.000000,0.000000,0.000000,0.000000,0.000000,0.000037,-0.049144,0.000013,-0.000068,-0.066385,0.000000,0.000001,0.000000,0.000000,0.000000,0.000000,0.000000,0.000000,-0.000054,-0.000014,-0.031130,-0.000030,-0.000000,-0.060208,0.000001,0.000000,0.000000,0.000000,0.000000,0.000000,0.000000,-0.000029,0.000104,0.000042,-0.080043,-0.000000,-0.000000,-0.125229
3.320000,-2.535754,0.000000,0.000000,-3.228991,0.000000,0.000000,0.000000,0.000000,0.000000,0.000000,0.000000,0.000000,0.000000,0.000000,-2.468841,0.000000,0.000000,-3.159162,0.000000,0.000000,0.000000,0.000000,0.000000,0.000000,0.000000,0.000000,0.000000,0.000000,-0.802104,0.000000,0.000000,-1.291497,0.000000,0.000000,0.000000,0.000000,0.000000,0.000000,0.000000,0.000000,0.000000,0.000000,0.000000,0.000000,0.000000,0.000036,-0.048963,0.000013,-0.000068,-0.066383,0.000000,0.000001,0.000000,0.000000,0.000000,0.000000,0.000000,0.000000,-0.000054,-0.000014,-0.030995,-0.000030,-0.000000,-0.060206,0.000001,0.000000,0.000000,0.000000,0.000000,0.000000,0.000000,-0.000029,0.000103,0.000042,-0.079724,-0.000000,-0.000000,-0.125225
3.330000,-2.531003,0.000000,0.000000,-3.228275,0.000000,0.000000,0.000000,0.000000,0.000000,0.000000,0.000000,0.000000,0.000000,0.000000,-2.464149,0.000000,0.000000,-3.158434,0.000000,0.000000,0.000000,0.000000,0.000000,0.000000,0.000000,0.000000,0.000000,0.000000,-0.799406,0.000000,0.000000,-1.290125,0.000000,0.000000,0.000000,0.000000,0.000000,0.000000,0.000000,0.000000,0.000000,0.000000,0.000000,0.000000,0.000000,0.000036,-0.048780,0.000013,-0.000067,-0.066380,0.000000,0.000001,0.000000,0.000000,0.000000,0.000000,0.000000,0.000000,-0.000054,-0.000014,-0.030860,-0.000030,-0.000000,-0.060204,0.000001,0.000000,0.000000,0.000000,0.000000,0.000000,0.000000,-0.000028,0.000102,0.000041,-0.079402,-0.000000,-0.000000,-0.125221
3.340000,-2.526165,0.000000,0.000000,-3.227547,0.000000,0.000000,0.000000,0.000000,0.000000,0.000000,0.000000,0.000000,0.000000,0.000000,-2.459371,0.000000,0.000000,-3.157693,0.000000,0.000000,0.000000,0.000000,0.000000,0.000000,0.000000,0.000000,0.000000,0.000000,-0.796668,0.000000,0.000000,-1.288732,0.000000,0.000000,0.000000,0.000000,0.000000,0.000000,0.000000,0.000000,0.000000,0.000000,0.000000,0.000000,0.000000,0.000036,-0.048595,0.000013,-0.000067,-0.066378,0.000000,0.000001,0.000000,0.000000,0.000000,0.000000,0.000000,0.000000,-0.000053,-0.000014,-0.030723,-0.000030,-0.000000,-0.060203,0.000001,0.000000,0.000000,0.000000,0.000000,0.000000,0.000000,-0.000028,0.000102,0.000041,-0.079079,-0.000000,-0.000000,-0.125217
3.350000,-2.521239,0.000000,0.000000,-3.226805,0.000000,0.000000,-0.000000,0.000000,-0.000000,0.000000,0.000000,-0.000000,-0.000000,0.000000,-2.454505,0.000000,0.000000,-3.156938,0.000000,0.000000,0.000000,0.000000,0.000000,0.000000,0.000000,0.000000,0.000000,0.000000,-0.793889,0.000000,0.000000,-1.287318,0.000000,0.000000,0.000000,0.000000,0.000000,0.000000,0.000000,0.000000,0.000000,0.000000,0.000000,0.000000,0.000000,0.000036,-0.048410,0.000013,-0.000066,-0.066376,0.000000,0.000001,0.000000,0.000000,0.000000,0.000000,0.000000,0.000000,-0.000053,-0.000013,-0.030586,-0.000029,-0.000000,-0.060201,0.000001,-0.000000,-0.000000,-0.000000,-0.000000,-0.000000,-0.000000,-0.000028,0.000101,0.000041,-0.078753,-0.000000,-0.000000,-0.125212
3.360000,-2.516221,0.000000,0.000000,-3.226049,0.000000,0.000000,0.000000,0.000000,0.000000,0.000000,0.000000,0.000000,0.000000,0.000000,-2.449549,0.000000,0.000000,-3.156170,0.000000,0.000000,0.000000,0.000000,0.000000,0.000000,0.000000,0.000000,0.000000,0.000000,-0.791070,0.000000,0.000000,-1.285882,0.000000,0.000000,0.000000,0.000000,0.000000,0.000000,0.000000,0.000000,0.000000,0.000000,0.000000,0.000000,0.000000,0.000035,-0.048223,0.000013,-0.000066,-0.066373,0.000000,0.000001,0.000000,0.000000,0.000000,0.000000,0.000000,0.000000,-0.000053,-0.000013,-0.030449,-0.000029,-0.000000,-0.060199,0.000001,0.000000,0.000000,0.000000,0.000000,0.000000,0.000000,-0.000028,0.000100,0.000040,-0.078426,-0.000000,-0.000000,-0.125208
3.370000,-2.511112,0.000000,0.000000,-3.225280,0.000000,0.000000,0.000000,0.000000,0.000000,0.000000,0.000000,0.000000,0.000000,0.000000,-2.444504,0.000000,0.000000,-3.155387,0.000000,0.000000,0.000000,0.000000,0.000000,0.000000,0.000000,0.000000,0.000000,0.000000,-0.788210,0.000000,0.000000,-1.284425,0.000000,0.000000,0.000000,0.000000,0.000000,0.000000,0.000000,0.000000,0.000000,0.000000,0.000000,0.000000,0.000000,0.000035,-0.048034,0.000013,-0.000066,-0.066371,0.000000,0.000001,0.000000,0.000000,0.000000,0.000000,0.000000,0.000000,-0.000052,-0.000013,-0.030310,-0.000029,-0.000000,-0.060197,0.000001,0.000000,0.000000,0.000000,0.000000,0.000000,0.000000,-0.000028,0.000100,0.000040,-0.078096,-0.000000,-0.000000,-0.125204
3.380000,-2.505909,0.000000,0.000000,-3.224496,0.000000,0.000000,0.000000,0.000000,0.000000,0.000000,0.000000,0.000000,0.000000,0.000000,-2.439366,0.000000,0.000000,-3.154591,0.000000,0.000000,0.000000,0.000000,0.000000,0.000000,0.000000,0.000000,0.000000,0.000000,-0.785308,0.000000,0.000000,-1.282947,0.000000,0.000000,0.000000,0.000000,0.000000,0.000000,0.000000,0.000000,0.000000,0.000000,0.000000,0.000000,0.000000,0.000035,-0.047844,0.000013,-0.000065,-0.066369,0.000000,0.000001,0.000000,0.000000,0.000000,0.000000,0.000000,0.000000,-0.000052,-0.000013,-0.030171,-0.000029,-0.000000,-0.060196,0.000001,0.000000,0.000000,0.000000,0.000000,0.000000,0.000000,-0.000027,0.000099,0.000040,-0.077764,-0.000000,-0.000000,-0.125200
3.390000,-2.500611,0.000000,0.000000,-3.223698,0.000000,0.000000,0.000000,0.000000,0.000000,0.000000,0.000000,0.000000,0.000000,0.000000,-2.434134,0.000000,0.000000,-3.153779,0.000000,0.000000,0.000000,0.000000,0.000000,0.000000,0.000000,0.000000,0.000000,0.000000,-0.782364,0.000000,0.000000,-1.281446,0.000000,0.000000,0.000000,0.000000,0.000000,0.000000,0.000000,0.000000,0.000000,0.000000,0.000000,0.000000,0.000000,0.000035,-0.047653,0.000012,-0.000065,-0.066366,0.000000,0.000001,0.000000,0.000000,0.000000,0.000000,0.000000,0.000000,-0.000051,-0.000013,-0.030031,-0.000028,-0.000000,-0.060194,0.000001,0.000000,0.000000,0.000000,0.000000,0.000000,0.000000,-0.000027,0.000098,0.000039,-0.077430,-0.000000,-0.000000,-0.125195
3.400000,-2.495217,0.000000,0.000000,-3.222886,0.000000,0.000000,-0.000000,0.000000,-0.000000,0.000000,0.000000,-0.000000,-0.000000,0.000000,-2.428807,0.000000,0.000000,-3.152953,0.000000,0.000000,0.000000,0.000000,0.000000,0.000000,0.000000,0.000000,0.000000,0.000000,-0.779379,0.000000,0.000000,-1.279923,0.000000,0.000000,0.000000,0.000000,0.000000,0.000000,0.000000,0.000000,0.000000,0.000000,0.000000,0.000000,0.000000,0.000034,-0.047460,0.000012,-0.000064,-0.066364,0.000000,0.000001,0.000000,0.000000,0.000000,0.000000,0.000000,0.000000,-0.000051,-0.000013,-0.029891,-0.000028,-0.000000,-0.060192,0.000001,-0.000000,-0.000000,-0.000000,-0.000000,-0.000000,-0.000000,-0.000027,0.000098,0.000039,-0.077094,-0.000000,-0.000000,-0.125191
3.410000,-2.489725,0.000000,0.000000,-3.222059,0.000000,0.000000,0.000000,0.000000,0.000000,0.000000,0.000000,0.000000,0.000000,0.000000,-2.423384,0.000000,0.000000,-3.152112,0.000000,0.000000,0.000000,0.000000,0.000000,0.000000,0.000000,0.000000,0.000000,0.000000,-0.776351,0.000000,0.000000,-1.278378,0.000000,0.000000,0.000000,0.000000,0.000000,0.000000,0.000000,0.000000,0.000000,0.000000,0.000000,0.000000,0.000000,0.000034,-0.047266,0.000012,-0.000064,-0.066361,0.000000,0.000001,0.000000,0.000000,0.000000,0.000000,0.000000,0.000000,-0.000051,-0.000013,-0.029750,-0.000028,-0.000000,-0.060190,0.000001,0.000000,0.000000,0.000000,0.000000,0.000000,0.000000,-0.000027,0.000097,0.000039,-0.076756,-0.000000,-0.000000,-0.125187
3.420000,-2.484133,0.000000,0.000000,-3.221216,0.000000,0.000000,0.000000,0.000000,0.000000,0.000000,0.000000,0.000000,0.000000,0.000000,-2.417863,0.000000,0.000000,-3.151256,0.000000,0.000000,0.000000,0.000000,0.000000,0.000000,0.000000,0.000000,0.000000,0.000000,-0.773280,0.000000,0.000000,-1.276809,0.000000,0.000000,0.000000,0.000000,0.000000,0.000000,0.000000,0.000000,0.000000,0.000000,0.000000,0.000000,0.000000,0.000034,-0.047071,0.000012,-0.000063,-0.066359,0.000000,0.000001,0.000000,0.000000,0.000000,0.000000,0.000000,0.000000,-0.000050,-0.000013,-0.029608,-0.000028,-0.000000,-0.060189,0.000001,0.000000,0.000000,0.000000,0.000000,0.000000,0.000000,-0.000027,0.000096,0.000038,-0.076415,-0.000000,-0.000000,-0.125182
3.430000,-2.478440,0.000000,0.000000,-3.220359,0.000000,0.000000,0.000000,0.000000,0.000000,0.000000,0.000000,0.000000,0.000000,0.000000,-2.412241,0.000000,0.000000,-3.150384,0.000000,0.000000,0.000000,0.000000,0.000000,0.000000,0.000000,0.000000,0.000000,0.000000,-0.770166,0.000000,0.000000,-1.275218,0.000000,0.000000,0.000000,0.000000,0.000000,0.000000,0.000000,0.000000,0.000000,0.000000,0.000000,0.000000,0.000000,0.000034,-0.046874,0.000012,-0.000063,-0.066356,0.000000,0.000001,0.000000,0.000000,0.000000,0.000000,0.000000,0.000000,-0.000050,-0.000013,-0.029465,-0.000027,-0.000000,-0.060187,0.000001,0.000000,0.000000,0.000000,0.000000,0.000000,0.000000,-0.000026,0.000096,0.000038,-0.076073,-0.000000,-0.000000,-0.125178
3.440000,-2.472644,0.000000,0.000000,-3.219486,0.000000,0.000000,0.000000,0.000000,0.000000,0.000000,0.000000,0.000000,0.000000,0.000000,-2.406519,0.000000,0.000000,-3.149497,0.000000,0.000000,0.000000,0.000000,0.000000,0.000000,0.000000,0.000000,0.000000,0.000000,-0.767009,0.000000,0.000000,-1.273604,0.000000,0.000000,0.000000,0.000000,0.000000,0.000000,0.000000,0.000000,0.000000,0.000000,0.000000,0.000000,0.000000,0.000033,-0.046675,0.000012,-0.000063,-0.066354,0.000000,0.000001,0.000000,0.000000,0.000000,0.000000,0.000000,0.000000,-0.000050,-0.000013,-0.029322,-0.000027,-0.000000,-0.060185,0.000001,0.000000,0.000000,0.000000,0.000000,0.000000,0.000000,-0.000026,0.000095,0.000038,-0.075728,-0.000000,-0.000000,-0.125174
3.450000,-2.466744,0.000000,0.000000,-3.218598,0.000000,0.000000,-0.000000,0.000000,-0.000000,0.000000,0.000000,-0.000000,-0.000000,0.000000,-2.400694,0.000000,0.000000,-3.148593,0.000000,0.000000,0.000000,0.000000,0.000000,0.000000,0.000000,0.000000,0.000000,0.000000,-0.763808,0.000000,0.000000,-1.271965,0.000000,0.000000,0.000000,0.000000,0.000000,0.000000,0.000000,0.000000,0.000000,0.000000,0.000000,0.000000,0.000000,0.000033,-0.046475,0.000012,-0.000062,-0.066351,0.000000,0.000001,0.000000,0.000000,0.000000,0.000000,0.000000,0.000000,-0.000049,-0.000013,-0.029177,-0.000027,-0.000000,-0.060183,0.000001,-0.000000,-0.000000,-0.000000,-0.000000,-0.000000,-0.000000,-0.000026,0.000095,0.000037,-0.075381,-0.000000,-0.000000,-0.125169
3.460000,-2.460738,0.000000,0.000000,-3.217693,0.000000,0.000000,0.000000,0.000000,0.000000,0.000000,0.000000,0.000000,0.000000,0.000000,-2.394764,0.000000,0.000000,-3.147674,0.000000,0.000000,0.000000,0.000000,0.000000,0.000000,0.000000,0.000000,0.000000,0.000000,-0.760564,0.000000,0.000000,-1.270303,0.000000,0.000000,0.000000,0.000000,0.000000,0.000000,0.000000,0.000000,0.000000,0.000000,0.000000,0.000000,0.000000,0.000033,-0.046274,0.000012,-0.000062,-0.066349,0.000000,0.000001,0.000000,0.000000,0.000000,0.000000,0.000000,0.000000,-0.000049,-0.000012,-0.029033,-0.000027,-0.000000,-0.060181,0.000001,0.000000,0.000000,0.000000,0.000000,0.000000,0.000000,-0.000026,0.000094,0.000037,-0.075032,-0.000000,-0.000000,-0.125165
3.470000,-2.454624,0.000000,0.000000,-3.216772,0.000000,0.000000,0.000000,0.000000,0.000000,0.000000,0.000000,0.000000,0.000000,0.000000,-2.388728,0.000000,0.000000,-3.146738,0.000000,0.000000,0.000000,0.000000,0.000000,0.000000,0.000000,0.000000,0.000000,0.000000,-0.757275,0.000000,0.000000,-1.268617,0.000000,0.000000,0.000000,0.000000,0.000000,0.000000,0.000000,0.000000,0.000000,0.000000,0.000000,0.000000,0.000000,0.000032,-0.046071,0.000012,-0.000061,-0.066346,0.000000,0.000001,0.000000,0.000000,0.000000,0.000000,0.000000,0.000000,-0.000049,-0.000012,-0.028887,-0.000027,-0.000000,-0.060180,0.000001,0.000000,0.000000,0.000000,0.000000,0.000000,0.000000,-0.000026,0.000093,0.000037,-0.074681,-0.000000,-0.000000,-0.125160
3.480000,-2.448400,0.000000,0.000000,-3.215835,0.000000,0.000000,0.000000,0.000000,0.000000,0.000000,0.000000,0.000000,0.000000,0.000000,-2.382584,0.000000,0.000000,-3.145785,0.000000,0.000000,0.000000,0.000000,0.000000,0.000000,0.000000,0.000000,0.000000,0.000000,-0.753942,0.000000,0.000000,-1.266906,0.000000,0.000000,0.000000,0.000000,0.000000,0.000000,0.000000,0.000000,0.000000,0.000000,0.000000,0.000000,0.000000,0.000032,-0.045867,0.000012,-0.000061,-0.066344,0.000000,0.000001,0.000000,0.000000,0.000000,0.000000,0.000000,0.000000,-0.000048,-0.000012,-0.028741,-0.000026,-0.000000,-0.060178,0.000001,0.000000,0.000000,0.000000,0.000000,0.000000,0.000000,-0.000025,0.000093,0.000037,-0.074328,-0.000000,-0.000000,-0.125155
3.490000,-2.442066,0.000000,0.000000,-3.214881,0.000000,0.000000,0.000000,0.000000,0.000000,0.000000,0.000000,0.000000,0.000000,0.000000,-2.376332,0.000000,0.000000,-3.144816,0.000000,0.000000,0.000000,0.000000,0.000000,0.000000,0.000000,0.000000,0.000000,0.000000,-0.750564,0.000000,0.000000,-1.265171,0.000000,0.000000,0.000000,0.000000,0.000000,0.000000,0.000000,0.000000,0.000000,0.000000,0.000000,0.000000,0.000000,0.000032,-0.045661,0.000012,-0.000061,-0.066341,0.000000,0.000001,0.000000,0.000000,0.000000,0.000000,0.000000,0.000000,-0.000048,-0.000012,-0.028594,-0.000026,-0.000000,-0.060176,0.000001,0.000000,0.000000,0.000000,0.000000,0.000000,0.000000,-0.000025,0.000092,0.000036,-0.073972,-0.000000,-0.000000,-0.125151
3.500000,-2.435619,0.000000,0.000000,-3.213910,0.000000,0.000000,-0.000000,0.000000,-0.000000,0.000000,0.000000,-0.000000,-0.000000,0.000000,-2.369968,0.000000,0.000000,-3.143829,0.000000,0.000000,0.000000,0.000000,0.000000,0.000000,0.000000,0.000000,0.000000,0.000000,-0.747141,0.000000,0.000000,-1.263410,0.000000,0.000000,0.000000,0.000000,0.000000,0.000000,0.000000,0.000000,0.000000,0.000000,0.000000,0.000000,0.000000,0.000032,-0.045454,0.000011,-0.000060,-0.066339,0.000000,0.000001,0.000000,0.000000,0.000000,0.000000,0.000000,0.000000,-0.000048,-0.000012,-0.028446,-0.000026,-0.000000,-0.060174,0.000001,-0.000000,-0.000000,-0.000000,-0.000000,-0.000000,-0.000000,-0.000025,0.000091,0.000036,-0.073614,-0.000000,-0.000000,-0.125146
3.510000,-2.429058,0.000000,0.000000,-3.212922,0.000000,0.000000,0.000000,0.000000,0.000000,0.000000,0.000000,0.000000,0.000000,0.000000,-2.363491,0.000000,0.000000,-3.142825,0.000000,0.000000,0.000000,0.000000,0.000000,0.000000,0.000000,0.000000,0.000000,0.000000,-0.743673,0.000000,0.000000,-1.261624,0.000000,0.000000,0.000000,0.000000,0.000000,0.000000,0.000000,0.000000,0.000000,0.000000,0.000000,0.000000,0.000000,0.000031,-0.045245,0.000011,-0.000060,-0.066336,0.000000,0.000001,0.000000,0.000000,0.000000,0.000000,0.000000,0.000000,-0.000047,-0.000012,-0.028298,-0.000026,-0.000000,-0.060172,0.000001,0.000000,0.000000,0.000000,0.000000,0.000000,0.000000,-0.000025,0.000091,0.000036,-0.073255,-0.000000,-0.000000,-0.125142
3.520000,-2.422380,0.000000,0.000000,-3.211917,0.000000,0.000000,0.000000,0.000000,0.000000,0.000000,0.000000,0.000000,0.000000,0.000000,-2.356901,0.000000,0.000000,-3.141803,0.000000,0.000000,0.000000,0.000000,0.000000,0.000000,0.000000,0.000000,0.000000,0.000000,-0.740160,0.000000,0.000000,-1.259813,0.000000,0.000000,0.000000,0.000000,0.000000,0.000000,0.000000,0.000000,0.000000,0.000000,0.000000,0.000000,0.000000,0.000031,-0.045035,0.000011,-0.000059,-0.066333,0.000000,0.000001,0.000000,0.000000,0.000000,0.000000,0.000000,0.000000,-0.000047,-0.000012,-0.028149,-0.000025,-0.000000,-0.060170,0.000001,0.000000,0.000000,0.000000,0.000000,0.000000,0.000000,-0.000025,0.000090,0.000035,-0.072893,-0.000000,-0.000000,-0.125137
3.530000,-2.415585,0.000000,0.000000,-3.210894,0.000000,0.000000,0.000000,0.000000,0.000000,0.000000,0.000000,0.000000,0.000000,0.000000,-2.350194,0.000000,0.000000,-3.140763,0.000000,0.000000,0.000000,0.000000,0.000000,0.000000,0.000000,0.000000,0.000000,0.000000,-0.736601,0.000000,0.000000,-1.257975,0.000000,0.000000,0.000000,0.000000,0.000000,0.000000,0.000000,0.000000,0.000000,0.000000,0.000000,0.000000,0.000000,0.000031,-0.044824,0.000011,-0.000059,-0.066331,0.000000,0.000001,0.000000,0.000000,0.000000,0.000000,0.000000,0.000000,-0.000047,-0.000012,-0.027999,-0.000025,-0.000000,-0.060168,0.000001,0.000000,0.000000,0.000000,0.000000,0.000000,0.000000,-0.000024,0.000089,0.000035,-0.072528,-0.000000,-0.000000,-0.125132
3.540000,-2.408670,0.000000,0.000000,-3.209852,0.000000,0.000000,0.000000,0.000000,0.000000,0.000000,0.000000,0.000000,0.000000,0.000000,-2.343369,0.000000,0.000000,-3.139705,0.000000,0.000000,0.000000,0.000000,0.000000,0.000000,0.000000,0.000000,0.000000,0.000000,-0.732996,0.000000,0.000000,-1.256111,0.000000,0.000000,0.000000,0.000000,0.000000,0.000000,0.000000,0.000000,0.000000,0.000000,0.000000,0.000000,0.000000,0.000031,-0.044611,0.000011,-0.000058,-0.066328,0.000000,0.000001,0.000000,0.000000,0.000000,0.000000,0.000000,0.000000,-0.000046,-0.000012,-0.027848,-0.000025,-0.000000,-0.060166,0.000001,0.000000,0.000000,0.000000,0.000000,0.000000,0.000000,-0.000024,0.000089,0.000035,-0.072162,-0.000000,-0.000000,-0.125128
3.550000,-2.401634,0.000000,0.000000,-3.208793,0.000000,0.000000,-0.000000,0.000000,-0.000000,0.000000,0.000000,-0.000000,-0.000000,0.000000,-2.336425,0.000000,0.000000,-3.138628,0.000000,0.000000,0.000000,0.000000,0.000000,0.000000,0.000000,0.000000,0.000000,0.000000,-0.729345,0.000000,0.000000,-1.254221,0.000000,0.000000,0.000000,0.000000,0.000000,0.000000,0.000000,0.000000,0.000000,0.000000,0.000000,0.000000,0.000000,0.000030,-0.044396,0.000011,-0.000058,-0.066325,0.000000,0.000001,0.000000,0.000000,0.000000,0.000000,0.000000,0.000000,-0.000046,-0.000012,-0.027697,-0.000025,-0.000000,-0.060165,0.000001,-0.000000,-0.000000,-0.000000,-0.000000,-0.000000,-0.000000,-0.000024,0.000088,0.000034,-0.071794,-0.000000,-0.000000,-0.125123
3.560000,-2.394475,0.000000,0.000000,-3.207715,0.000000,0.000000,0.000000,0.000000,0.000000,0.000000,0.000000,0.000000,0.000000,0.000000,-2.329360,0.000000,0.000000,-3.137533,0.000000,0.000000,0.000000,0.000000,0.000000,0.000000,0.000000,0.000000,0.000000,0.000000,-0.725648,0.000000,0.000000,-1.252303,0.000000,0.000000,0.000000,0.000000,0.000000,0.000000,0.000000,0.000000,0.000000,0.000000,0.000000,0.000000,0.000000,0.000030,-0.044180,0.000011,-0.000058,-0.066322,0.000000,0.000001,0.000000,0.000000,0.000000,0.000000,0.000000,0.000000,-0.000045,-0.000012,-0.027545,-0.000025,-0.000000,-0.060163,0.000001,0.000000,0.000000,0.000000,0.000000,0.000000,0.000000,-0.000024,0.000087,0.000034,-0.071423,-0.000000,-0.000000,-0.125118
3.570000,-2.387191,0.000000,0.000000,-3.206618,0.000000,0.000000,0.000000,0.000000,0.000000,0.000000,0.000000,0.000000,0.000000,0.000000,-2.322172,0.000000,0.000000,-3.136418,0.000000,0.000000,0.000000,0.000000,0.000000,0.000000,0.000000,0.000000,0.000000,0.000000,-0.721905,0.000000,0.000000,-1.250358,0.000000,0.000000,0.000000,0.000000,0.000000,0.000000,0.000000,0.000000,0.000000,0.000000,0.000000,0.000000,0.000000,0.000030,-0.043963,0.000011,-0.000057,-0.066320,0.000000,0.000001,0.000000,0.000000,0.000000,0.000000,0.000000,0.000000,-0.000045,-0.000011,-0.027392,-0.000024,-0.000000,-0.060161,0.000001,0.000000,0.000000,0.000000,0.000000,0.000000,0.000000,-0.000024,0.000087,0.000034,-0.071050,-0.000000,-0.000000,-0.125113
3.580000,-2.379780,0.000000,0.000000,-3.205502,0.000000,0.000000,0.000000,0.000000,0.000000,0.000000,0.000000,0.000000,0.000000,0.000000,-2.314860,0.000000,0.000000,-3.135285,0.000000,0.000000,0.000000,0.000000,0.000000,0.000000,0.000000,0.000000,0.000000,0.000000,-0.718114,0.000000,0.000000,-1.248386,0.000000,0.000000,0.000000,0.000000,0.000000,0.000000,0.000000,0.000000,0.000000,0.000000,0.000000,0.000000,0.000000,0.000030,-0.043744,0.000011,-0.000057,-0.066317,0.000000,0.000001,0.000000,0.000000,0.000000,0.000000,0.000000,0.000000,-0.000045,-0.000011,-0.027239,-0.000024,-0.000000,-0.060159,0.000001,0.000000,0.000000,0.000000,0.000000,0.000000,0.000000,-0.000023,0.000086,0.000034,-0.070675,-0.000000,-0.000000,-0.125108
3.590000,-2.372241,0.000000,0.000000,-3.204367,0.000000,0.000000,0.000000,0.000000,0.000000,0.000000,0.000000,0.000000,0.000000,0.000000,-2.307421,0.000000,0.000000,-3.134131,0.000000,0.000000,0.000000,0.000000,0.000000,0.000000,0.000000,0.000000,0.000000,0.000000,-0.714277,0.000000,0.000000,-1.246385,0.000000,0.000000,0.000000,0.000000,0.000000,0.000000,0.000000,0.000000,0.000000,0.000000,0.000000,0.000000,0.000000,0.000029,-0.043523,0.000011,-0.000056,-0.066314,0.000000,0.000001,0.000000,0.000000,0.000000,0.000000,0.000000,0.000000,-0.000044,-0.000011,-0.027085,-0.000024,-0.000000,-0.060157,0.000001,0.000000,0.000000,0.000000,0.000000,0.000000,0.000000,-0.000023,0.000086,0.000033,-0.070298,-0.000000,-0.000000,-0.125104
3.600000,-2.364572,0.000000,0.000000,-3.203212,0.000000,0.000000,-0.000000,0.000000,-0.000000,0.000000,0.000000,-0.000000,-0.000000,0.000000,-2.299854,0.000000,0.000000,-3.132958,0.000000,0.000000,0.000000,0.000000,0.000000,0.000000,0.000000,0.000000,0.000000,0.000000,-0.710393,0.000000,0.000000,-1.244356,0.000000,0.000000,0.000000,0.000000,0.000000,0.000000,0.000000,0.000000,0.000000,0.000000,0.000000,0.000000,0.000000,0.000029,-0.043301,0.000011,-0.000056,-0.066311,0.000000,0.000001,0.000000,0.000000,0.000000,0.000000,0.000000,0.000000,-0.000044,-0.000011,-0.026930,-0.000024,-0.000000,-0.060155,0.000001,-0.000000,-0.000000,-0.000000,-0.000000,-0.000000,-0.000000,-0.000023,0.000085,0.000033,-0.069918,-0.000000,-0.000000,-0.125099
3.610000,-2.356770,0.000000,0.000000,-3.202037,0.000000,0.000000,0.000000,0.000000,0.000000,0.000000,0.000000,0.000000,0.000000,0.000000,-2.292157,0.000000,0.000000,-3.131765,0.000000,0.000000,0.000000,0.000000,0.000000,0.000000,0.000000,0.000000,0.000000,0.000000,-0.706462,0.000000,0.000000,-1.242298,0.000000,0.000000,0.000000,0.000000,0.000000,0.000000,0.000000,0.000000,0.000000,0.000000,0.000000,0.000000,0.000000,0.000029,-0.043078,0.000011,-0.000056,-0.066309,0.000000,0.000001,0.000000,0.000000,0.000000,0.000000,0.000000,0.000000,-0.000044,-0.000011,-0.026774,-0.000023,-0.000000,-0.060153,0.000001,0.000000,0.000000,0.000000,0.000000,0.000000,0.000000,-0.000023,0.000084,0.000033,-0.069537,-0.000000,-0.000000,-0.125094
3.620000,-2.348835,0.000000,0.000000,-3.200843,0.000000,0.000000,0.000000,0.000000,0.000000,0.000000,0.000000,0.000000,0.000000,0.000000,-2.284328,0.000000,0.000000,-3.130551,0.000000,0.000000,0.000000,0.000000,0.000000,0.000000,0.000000,0.000000,0.000000,0.000000,-0.702484,0.000000,0.000000,-1.240211,0.000000,0.000000,0.000000,0.000000,0.000000,0.000000,0.000000,0.000000,0.000000,0.000000,0.000000,0.000000,0.000000,0.000029,-0.042853,0.000011,-0.000055,-0.066306,0.000000,0.000001,0.000000,0.000000,0.000000,0.000000,0.000000,0.000000,-0.000043,-0.000011,-0.026618,-0.000023,-0.000000,-0.060151,0.000001,0.000000,0.000000,0.000000,0.000000,0.000000,0.000000,-0.000023,0.000084,0.000033,-0.069153,-0.000000,-0.000000,-0.125089
3.630000,-2.340764,0.000000,0.000000,-3.199628,0.000000,0.000000,0.000000,0.000000,0.000000,0.000000,0.000000,0.000000,0.000000,0.000000,-2.276366,0.000000,0.000000,-3.129317,0.000000,0.000000,0.000000,0.000000,0.000000,0.000000,0.000000,0.000000,0.000000,0.000000,-0.698458,0.000000,0.000000,-1.238094,0.000000,0.000000,0.000000,0.000000,0.000000,0.000000,0.000000,0.000000,0.000000,0.000000,0.000000,0.000000,0.000000,0.000028,-0.042626,0.000010,-0.000055,-0.066303,0.000000,0.000001,0.000000,0.000000,0.000000,0.000000,0.000000,0.000000,-0.000043,-0.000011,-0.026461,-0.000023,-0.000000,-0.060149,0.000001,0.000000,0.000000,0.000000,0.000000,0.000000,0.000000,-0.000023,0.000083,0.000032,-0.068767,-0.000000,-0.000000,-0.125084
3.640000,-2.332555,0.000000,0.000000,-3.198392,0.000000,0.000000,0.000000,0.000000,0.000000,0.000000,0.000000,0.000000,0.000000,0.000000,-2.268268,0.000000,0.000000,-3.128062,0.000000,0.000000,0.000000,0.000000,0.000000,0.000000,0.000000,0.000000,0.000000,0.000000,-0.694385,0.000000,0.000000,-1.235948,0.000000,0.000000,0.000000,0.000000,0.000000,0.000000,0.000000,0.000000,0.000000,0.000000,0.000000,0.000000,0.000000,0.000028,-0.042398,0.000010,-0.000054,-0.066300,0.000000,0.000001,0.000000,0.000000,0.000000,0.000000,0.000000,0.000000,-0.000043,-0.000011,-0.026303,-0.000023,-0.000000,-0.060147,0.000001,0.000000,0.000000,0.000000,0.000000,0.000000,0.000000,-0.000022,0.000082,0.000032,-0.068379,-0.000000,-0.000000,-0.125079
3.650000,-2.324207,0.000000,0.000000,-3.197135,0.000000,0.000000,-0.000000,0.000000,-0.000000,0.000000,0.000000,-0.000000,-0.000000,0.000000,-2.260034,0.000000,0.000000,-3.126785,0.000000,0.000000,0.000000,0.000000,0.000000,0.000000,0.000000,0.000000,0.000000,0.000000,-0.690264,0.000000,0.000000,-1.233770,0.000000,0.000000,0.000000,0.000000,0.000000,0.000000,0.000000,0.000000,0.000000,0.000000,0.000000,0.000000,0.000000,0.000028,-0.042169,0.000010,-0.000054,-0.066297,0.000000,0.000001,0.000000,0.000000,0.000000,0.000000,0.000000,0.000000,-0.000042,-0.000011,-0.026145,-0.000023,-0.000000,-0.060145,0.000001,-0.000000,-0.000000,-0.000000,-0.000000,-0.000000,-0.000000,-0.000022,0.000082,0.000032,-0.067988,-0.000000,-0.000000,-0.125074
3.660000,-2.315717,0.000000,0.000000,-3.195857,0.000000,0.000000,0.000000,0.000000,0.000000,0.000000,0.000000,0.000000,0.000000,0.000000,-2.251661,0.000000,0.000000,-3.125488,0.000000,0.000000,0.000000,0.000000,0.000000,0.000000,0.000000,0.000000,0.000000,0.000000,-0.686096,0.000000,0.000000,-1.231562,0.000000,0.000000,0.000000,0.000000,0.000000,0.000000,0.000000,0.000000,0.000000,0.000000,0.000000,0.000000,0.000000,0.000028,-0.041938,0.000010,-0.000053,-0.066294,0.000000,0.000001,0.000000,0.000000,0.000000,0.000000,0.000000,0.000000,-0.000042,-0.000011,-0.025986,-0.000022,-0.000000,-0.060143,0.000001,0.000000,0.000000,0.000000,0.000000,0.000000,0.000000,-0.000022,0.000081,0.000031,-0.067596,-0.000000,-0.000000,-0.125069
3.670000,-2.307085,0.000000,0.000000,-3.194557,0.000000,0.000000,0.000000,0.000000,0.000000,0.000000,0.000000,0.000000,0.000000,0.000000,-2.243146,0.000000,0.000000,-3.124168,0.000000,0.000000,0.000000,0.000000,0.000000,0.000000,0.000000,0.000000,0.000000,0.000000,-0.681880,0.000000,0.000000,-1.229323,0.000000,0.000000,0.000000,0.000000,0.000000,0.000000,0.000000,0.000000,0.000000,0.000000,0.000000,0.000000,0.000000,0.000027,-0.041705,0.000010,-0.000053,-0.066291,0.000000,0.000001,0.000000,0.000000,0.000000,0.000000,0.000000,0.000000,-0.000042,-0.000011,-0.025826,-0.000022,-0.000000,-0.060141,0.000001,0.000000,0.000000,0.000000,0.000000,0.000000,0.000000,-0.000022,0.000080,0.000031,-0.067201,-0.000000,-0.000000,-0.125064
3.680000,-2.298307,0.000000,0.000000,-3.193236,0.000000,0.000000,0.000000,0.000000,0.000000,0.000000,0.000000,0.000000,0.000000,0.000000,-2.234490,0.000000,0.000000,-3.122826,0.000000,0.000000,0.000000,0.000000,0.000000,0.000000,0.000000,0.000000,0.000000,0.000000,-0.677617,0.000000,0.000000,-1.227052,0.000000,0.000000,0.000000,0.000000,0.000000,0.000000,0.000000,0.000000,0.000000,0.000000,0.000000,0.000000,0.000000,0.000027,-0.041471,0.000010,-0.000053,-0.066288,0.000000,0.000001,0.000000,0.000000,0.000000,0.000000,0.000000,0.000000,-0.000041,-0.000010,-0.025665,-0.000022,-0.000000,-0.060139,0.000001,0.000000,0.000000,0.000000,0.000000,0.000000,0.000000,-0.000022,0.000080,0.000031,-0.066804,-0.000000,-0.000000,-0.125059
3.690000,-2.289383,0.000000,0.000000,-3.191892,0.000000,0.000000,0.000000,0.000000,0.000000,0.000000,0.000000,0.000000,0.000000,0.000000,-2.225689,0.000000,0.000000,-3.121462,0.000000,0.000000,0.000000,0.000000,0.000000,0.000000,0.000000,0.000000,0.000000,0.000000,-0.673305,0.000000,0.000000,-1.224748,0.000000,0.000000,0.000000,0.000000,0.000000,0.000000,0.000000,0.000000,0.000000,0.000000,0.000000,0.000000,0.000000,0.000027,-0.041236,0.000010,-0.000052,-0.066285,0.000000,0.000001,0.000000,0.000000,0.000000,0.000000,0.000000,0.000000,-0.000041,-0.000010,-0.025504,-0.000022,-0.000000,-0.060137,0.000001,0.000000,0.000000,0.000000,0.000000,0.000000,0.000000,-0.000021,0.000079,0.000031,-0.066405,-0.000000,-0.000000,-0.125053
3.700000,-2.280310,0.000000,0.000000,-3.190527,0.000000,0.000000,-0.000000,0.000000,-0.000000,0.000000,0.000000,-0.000000,-0.000000,0.000000,-2.216742,0.000000,0.000000,-3.120076,0.000000,0.000000,0.000000,0.000000,0.000000,0.000000,0.000000,0.000000,0.000000,0.000000,-0.668946,0.000000,0.000000,-1.222412,0.000000,0.000000,0.000000,0.000000,0.000000,0.000000,0.000000,0.000000,0.000000,0.000000,0.000000,0.000000,0.000000,0.000027,-0.040999,0.000010,-0.000052,-0.066282,0.000000,0.000001,0.000000,0.000000,0.000000,0.000000,0.000000,0.000000,-0.000041,-0.000010,-0.025342,-0.000022,-0.000000,-0.060135,0.000001,-0.000000,-0.000000,-0.000000,-0.000000,-0.000000,-0.000000,-0.000021,0.000079,0.000030,-0.066004,-0.000000,-0.000000,-0.125048
3.710000,-2.271086,0.000000,0.000000,-3.189138,0.000000,0.000000,0.000000,0.000000,0.000000,0.000000,0.000000,0.000000,0.000000,0.000000,-2.207647,0.000000,0.000000,-3.118666,0.000000,0.000000,0.000000,0.000000,0.000000,0.000000,0.000000,0.000000,0.000000,0.000000,-0.664539,0.000000,0.000000,-1.220043,0.000000,0.000000,0.000000,0.000000,0.000000,0.000000,0.000000,0.000000,0.000000,0.000000,0.000000,0.000000,0.000000,0.000026,-0.040760,0.000010,-0.000051,-0.066279,0.000000,0.000001,0.000000,0.000000,0.000000,0.000000,0.000000,0.000000,-0.000040,-0.000010,-0.025179,-0.000021,-0.000000,-0.060133,0.000001,0.000000,0.000000,0.000000,0.000000,0.000000,0.000000,-0.000021,0.000078,0.000030,-0.065600,-0.000000,-0.000000,-0.125043
3.720000,-2.261710,0.000000,0.000000,-3.187727,0.000000,0.000000,0.000000,0.000000,0.000000,0.000000,0.000000,0.000000,0.000000,0.000000,-2.198403,0.000000,0.000000,-3.117234,0.000000,0.000000,0.000000,0.000000,0.000000,0.000000,0.000000,0.000000,0.000000,0.000000,-0.660084,0.000000,0.000000,-1.217639,0.000000,0.000000,0.000000,0.000000,0.000000,0.000000,0.000000,0.000000,0.000000,0.000000,0.000000,0.000000,0.000000,0.000026,-0.040520,0.000010,-0.000051,-0.066276,0.000000,0.000001,0.000000,0.000000,0.000000,0.000000,0.000000,0.000000,-0.000040,-0.000010,-0.025016,-0.000021,-0.000000,-0.060131,0.000001,0.000000,0.000000,0.000000,0.000000,0.000000,0.000000,-0.000021,0.000077,0.000030,-0.065194,-0.000000,-0.000000,-0.125038
3.730000,-2.252180,0.000000,0.000000,-3.186293,0.000000,0.000000,0.000000,0.000000,0.000000,0.000000,0.000000,0.000000,0.000000,0.000000,-2.189007,0.000000,0.000000,-3.115778,0.000000,0.000000,0.000000,0.000000,0.000000,0.000000,0.000000,0.000000,0.000000,0.000000,-0.655582,0.000000,0.000000,-1.215202,0.000000,0.000000,0.000000,0.000000,0.000000,0.000000,0.000000,0.000000,0.000000,0.000000,0.000000,0.000000,0.000000,0.000026,-0.040279,0.000010,-0.000051,-0.066273,0.000000,0.000001,0.000000,0.000000,0.000000,0.000000,0.000000,0.000000,-0.000040,-0.000010,-0.024852,-0.000021,-0.000000,-0.060129,0.000001,0.000000,0.000000,0.000000,0.000000,0.000000,0.000000,-0.000021,0.000077,0.000029,-0.064786,-0.000000,-0.000000,-0.125033
3.740000,-2.242494,0.000000,0.000000,-3.184835,0.000000,0.000000,0.000000,0.000000,0.000000,0.000000,0.000000,0.000000,0.000000,0.000000,-2.179457,0.000000,0.000000,-3.114298,0.000000,0.000000,0.000000,0.000000,0.000000,0.000000,0.000000,0.000000,0.000000,0.000000,-0.651031,0.000000,0.000000,-1.212729,0.000000,0.000000,0.000000,0.000000,0.000000,0.000000,0.000000,0.000000,0.000000,0.000000,0.000000,0.000000,0.000000,0.000026,-0.040036,0.000010,-0.000050,-0.066270,0.000000,0.000001,0.000000,0.000000,0.000000,0.000000,0.000000,0.000000,-0.000039,-0.000010,-0.024687,-0.000021,-0.000000,-0.060127,0.000001,0.000000,0.000000,0.000000,0.000000,0.000000,0.000000,-0.000020,0.000076,0.000029,-0.064376,-0.000000,-0.000000,-0.125027
3.750000,-2.232649,0.000000,0.000000,-3.183353,0.000000,0.000000,-0.000000,0.000000,-0.000000,0.000000,0.000000,-0.000000,-0.000000,0.000000,-2.169753,0.000000,0.000000,-3.112794,0.000000,0.000000,0.000000,0.000000,0.000000,0.000000,0.000000,0.000000,0.000000,0.000000,-0.646434,0.000000,0.000000,-1.210221,0.000000,0.000000,0.000000,0.000000,0.000000,0.000000,0.000000,0.000000,0.000000,0.000000,0.000000,0.000000,0.000000,0.000025,-0.039791,0.000009,-0.000050,-0.066267,0.000000,0.000001,0.000000,0.000000,0.000000,0.000000,0.000000,0.000000,-0.000039,-0.000010,-0.024522,-0.000021,-0.000000,-0.060125,0.000001,-0.000000,-0.000000,-0.000000,-0.000000,-0.000000,-0.000000,-0.000020,0.000075,0.000029,-0.063964,-0.000000,-0.000000,-0.125022
3.760000,-2.222645,0.000000,0.000000,-3.181848,0.000000,0.000000,0.000000,0.000000,0.000000,0.000000,0.000000,0.000000,0.000000,0.000000,-2.159892,0.000000,0.000000,-3.111266,0.000000,0.000000,0.000000,0.000000,0.000000,0.000000,0.000000,0.000000,0.000000,0.000000,-0.641788,0.000000,0.000000,-1.207677,0.000000,0.000000,0.000000,0.000000,0.000000,0.000000,0.000000,0.000000,0.000000,0.000000,0.000000,0.000000,0.000000,0.000025,-0.039545,0.000009,-0.000049,-0.066264,0.000000,0.000001,0.000000,0.000000,0.000000,0.000000,0.000000,0.000000,-0.000039,-0.000010,-0.024356,-0.000020,-0.000000,-0.060123,0.000001,0.000000,0.000000,0.000000,0.000000,0.000000,0.000000,-0.000020,0.000075,0.000029,-0.063550,-0.000000,-0.000000,-0.125017
3.770000,-2.212479,0.000000,0.000000,-3.180318,0.000000,0.000000,0.000000,0.000000,0.000000,0.000000,0.000000,0.000000,0.000000,0.000000,-2.149872,0.000000,0.000000,-3.109714,0.000000,0.000000,0.000000,0.000000,0.000000,0.000000,0.000000,0.000000,0.000000,0.000000,-0.637095,0.000000,0.000000,-1.205096,0.000000,0.000000,0.000000,0.000000,0.000000,0.000000,0.000000,0.000000,0.000000,0.000000,0.000000,0.000000,0.000000,0.000025,-0.039297,0.000009,-0.000049,-0.066261,0.000000,0.000001,0.000000,0.000000,0.000000,0.000000,0.000000,0.000000,-0.000038,-0.000010,-0.024189,-0.000020,-0.000000,-0.060120,0.000001,0.000000,0.000000,0.000000,0.000000,0.000000,0.000000,-0.000020,0.000074,0.000028,-0.063133,-0.000000,-0.000000,-0.125011
3.780000,-2.202150,0.000000,0.000000,-3.178763,0.000000,0.000000,0.000000,0.000000,0.000000,0.000000,0.000000,0.000000,0.000000,0.000000,-2.139692,0.000000,0.000000,-3.108137,0.000000,0.000000,0.000000,0.000000,0.000000,0.000000,0.000000,0.000000,0.000000,0.000000,-0.632354,0.000000,0.000000,-1.202478,0.000000,0.000000,0.000000,0.000000,0.000000,0.000000,0.000000,0.000000,0.000000,0.000000,0.000000,0.000000,0.000000,0.000025,-0.039048,0.000009,-0.000049,-0.066258,0.000000,0.000001,0.000000,0.000000,0.000000,0.000000,0.000000,0.000000,-0.000038,-0.000010,-0.024021,-0.000020,-0.000000,-0.060118,0.000001,0.000000,0.000000,0.000000,0.000000,0.000000,0.000000,-0.000020,0.000073,0.000028,-0.062714,-0.000000,-0.000000,-0.125006
3.790000,-2.191655,0.000000,0.000000,-3.177184,0.000000,0.000000,0.000000,0.000000,0.000000,0.000000,0.000000,0.000000,0.000000,0.000000,-2.129349,0.000000,0.000000,-3.106535,0.000000,0.000000,0.000000,0.000000,0.000000,0.000000,0.000000,0.000000,0.000000,0.000000,-0.627566,0.000000,0.000000,-1.199821,0.000000,0.000000,0.000000,0.000000,0.000000,0.000000,0.000000,0.000000,0.000000,0.000000,0.000000,0.000000,0.000000,0.000025,-0.038797,0.000009,-0.000048,-0.066255,0.000000,0.000001,0.000000,0.000000,0.000000,0.000000,0.000000,0.000000,-0.000038,-0.000009,-0.023853,-0.000020,-0.000000,-0.060116,0.000001,0.000000,0.000000,0.000000,0.000000,0.000000,0.000000,-0.000020,0.000073,0.000028,-0.062294,-0.000000,-0.000000,-0.125001
3.800000,-2.180993,0.000000,0.000000,-3.175580,0.000000,0.000000,-0.000000,0.000000,-0.000000,0.000000,0.000000,-0.000000,-0.000000,0.000000,-2.118843,0.000000,0.000000,-3.104907,0.000000,0.000000,0.000000,0.000000,0.000000,0.000000,0.000000,0.000000,0.000000,0.000000,-0.622731,0.000000,0.000000,-1.197126,0.000000,0.000000,0.000000,0.000000,0.000000,0.000000,0.000000,0.000000,0.000000,0.000000,0.000000,0.000000,0.000000,0.000024,-0.038545,0.000009,-0.000048,-0.066251,0.000000,0.000001,0.000000,0.000000,0.000000,0.000000,0.000000,0.000000,-0.000037,-0.000009,-0.023684,-0.000020,-0.000000,-0.060114,0.000001,-0.000000,-0.000000,-0.000000,-0.000000,-0.000000,-0.000000,-0.000019,0.000072,0.000028,-0.061870,-0.000000,-0.000000,-0.124995
3.810000,-2.170163,0.000000,0.000000,-3.173951,0.000000,0.000000,0.000000,0.000000,0.000000,0.000000,0.000000,0.000000,0.000000,0.000000,-2.108171,0.000000,0.000000,-3.103255,0.000000,0.000000,0.000000,0.000000,0.000000,0.000000,0.000000,0.000000,0.000000,0.000000,-0.617849,0.000000,0.000000,-1.194392,0.000000,0.000000,0.000000,0.000000,0.000000,0.000000,0.000000,0.000000,0.000000,0.000000,0.000000,0.000000,0.000000,0.000024,-0.038291,0.000009,-0.000047,-0.066248,0.000000,0.000001,0.000000,0.000000,0.000000,0.000000,0.000000,0.000000,-0.000037,-0.000009,-0.023515,-0.000019,-0.000000,-0.060112,0.000001,0.000000,0.000000,0.000000,0.000000,0.000000,0.000000,-0.000019,0.000072,0.000027,-0.061445,-0.000000,-0.000000,-0.124990
3.820000,-2.159161,0.000000,0.000000,-3.172296,0.000000,0.000000,0.000000,0.000000,0.000000,0.000000,0.000000,0.000000,0.000000,0.000000,-2.097331,0.000000,0.000000,-3.101576,0.000000,0.000000,0.000000,0.000000,0.000000,0.000000,0.000000,0.000000,0.000000,0.000000,-0.612920,0.000000,0.000000,-1.191617,0.000000,0.000000,0.000000,0.000000,0.000000,0.000000,0.000000,0.000000,0.000000,0.000000,0.000000,0.000000,0.000000,0.000024,-0.038036,0.000009,-0.000047,-0.066245,0.000000,0.000001,0.000000,0.000000,0.000000,0.000000,0.000000,0.000000,-0.000037,-0.000009,-0.023344,-0.000019,-0.000000,-0.060110,0.000001,0.000000,0.000000,0.000000,0.000000,0.000000,0.000000,-0.000019,0.000071,0.000027,-0.061018,-0.000000,-0.000000,-0.124984
3.830000,-2.147987,0.000000,0.000000,-3.170615,0.000000,0.000000,0.000000,0.000000,0.000000,0.000000,0.000000,0.000000,0.000000,0.000000,-2.086323,0.000000,0.000000,-3.099871,0.000000,0.000000,0.000000,0.000000,0.000000,0.000000,0.000000,0.000000,0.000000,0.000000,-0.607944,0.000000,0.000000,-1.188802,0.000000,0.000000,0.000000,0.000000,0.000000,0.000000,0.000000,0.000000,0.000000,0.000000,0.000000,0.000000,0.000000,0.000024,-0.037779,0.000009,-0.000046,-0.066242,0.000000,0.000001,0.000000,0.000000,0.000000,0.000000,0.000000,0.000000,-0.000036,-0.000009,-0.023173,-0.000019,-0.000000,-0.060108,0.000001,0.000000,0.000000,0.000000,0.000000,0.000000,0.000000,-0.000019,0.000070,0.000027,-0.060588,-0.000000,-0.000000,-0.124979
3.840000,-2.136640,0.000000,0.000000,-3.168908,0.000000,0.000000,0.000000,0.000000,0.000000,0.000000,0.000000,0.000000,0.000000,0.000000,-2.075144,0.000000,0.000000,-3.098140,0.000000,0.000000,0.000000,0.000000,0.000000,0.000000,0.000000,0.000000,0.000000,0.000000,-0.602922,0.000000,0.000000,-1.185945,0.000000,0.000000,0.000000,0.000000,0.000000,0.000000,0.000000,0.000000,0.000000,0.000000,0.000000,0.000000,0.000000,0.000023,-0.037521,0.000009,-0.000046,-0.066239,0.000000,0.000001,0.000000,0.000000,0.000000,0.000000,0.000000,0.000000,-0.000036,-0.000009,-0.023002,-0.000019,-0.000000,-0.060105,0.000001,0.000000,0.000000,0.000000,0.000000,0.000000,0.000000,-0.000019,0.000070,0.000027,-0.060156,-0.000000,-0.000000,-0.124973
3.850000,-2.125116,0.000000,0.000000,-3.167174,0.000000,0.000000,-0.000000,0.000000,-0.000000,0.000000,0.000000,-0.000000,-0.000000,0.000000,-2.063793,0.000000,0.000000,-3.096382,0.000000,0.000000,0.000000,0.000000,0.000000,0.000000,0.000000,0.000000,0.000000,0.000000,-0.597853,0.000000,0.000000,-1.183045,0.000000,0.000000,0.000000,0.000000,0.000000,0.000000,0.000000,0.000000,0.000000,0.000000,0.000000,0.000000,0.000000,0.000023,-0.037261,0.000009,-0.000046,-0.066235,0.000000,0.000001,0.000000,0.000000,0.000000,0.000000,0.000000,0.000000,-0.000036,-0.000009,-0.022829,-0.000019,-0.000000,-0.060103,0.000000,-0.000000,-0.000000,-0.000000,-0.000000,-0.000000,-0.000000,-0.000018,0.000069,0.000026,-0.059723,-0.000000,-0.000000,-0.124967
3.860000,-2.113414,0.000000,0.000000,-3.165414,0.000000,0.000000,0.000000,0.000000,0.000000,0.000000,0.000000,0.000000,0.000000,0.000000,-2.052268,0.000000,0.000000,-3.094598,0.000000,0.000000,0.000000,0.000000,0.000000,0.000000,0.000000,0.000000,0.000000,0.000000,-0.592739,0.000000,0.000000,-1.180101,0.000000,0.000000,0.000000,0.000000,0.000000,0.000000,0.000000,0.000000,0.000000,0.000000,0.000000,0.000000,0.000000,0.000023,-0.037000,0.000009,-0.000045,-0.066232,0.000000,0.000001,0.000000,0.000000,0.000000,0.000000,0.000000,0.000000,-0.000035,-0.000009,-0.022656,-0.000018,-0.000000,-0.060101,0.000000,0.000000,0.000000,0.000000,0.000000,0.000000,0.000000,-0.000018,0.000068,0.000026,-0.059287,-0.000000,-0.000000,-0.124962
3.870000,-2.101533,0.000000,0.000000,-3.163628,0.000000,0.000000,0.000000,0.000000,0.000000,0.000000,0.000000,0.000000,0.000000,0.000000,-2.040567,0.000000,0.000000,-3.092787,0.000000,0.000000,0.000000,0.000000,0.000000,0.000000,0.000000,0.000000,0.000000,0.000000,-0.587578,0.000000,0.000000,-1.177114,0.000000,0.000000,0.000000,0.000000,0.000000,0.000000,0.000000,0.000000,0.000000,0.000000,0.000000,0.000000,0.000000,0.000023,-0.036737,0.000009,-0.000045,-0.066229,0.000000,0.000001,0.000000,0.000000,0.000000,0.000000,0.000000,0.000000,-0.000035,-0.000009,-0.022483,-0.000018,-0.000000,-0.060099,0.000000,0.000000,0.000000,0.000000,0.000000,0.000000,0.000000,-0.000018,0.000068,0.000026,-0.058848,-0.000000,-0.000000,-0.124956
3.880000,-2.089472,0.000000,0.000000,-3.161814,0.000000,0.000000,0.000000,0.000000,0.000000,0.000000,0.000000,0.000000,0.000000,0.000000,-2.028690,0.000000,0.000000,-3.090948,0.000000,0.000000,0.000000,0.000000,0.000000,0.000000,0.000000,0.000000,0.000000,0.000000,-0.582372,0.000000,0.000000,-1.174081,0.000000,0.000000,0.000000,0.000000,0.000000,0.000000,0.000000,0.000000,0.000000,0.000000,0.000000,0.000000,0.000000,0.000022,-0.036473,0.000008,-0.000044,-0.066225,0.000000,0.000001,0.000000,0.000000,0.000000,0.000000,0.000000,0.000000,-0.000035,-0.000009,-0.022308,-0.000018,-0.000000,-0.060097,0.000000,0.000000,0.000000,0.000000,0.000000,0.000000,0.000000,-0.000018,0.000067,0.000025,-0.058408,-0.000000,-0.000000,-0.124951
3.890000,-2.077228,0.000000,0.000000,-3.159973,0.000000,0.000000,0.000000,0.000000,0.000000,0.000000,0.000000,0.000000,0.000000,0.000000,-2.016633,0.000000,0.000000,-3.089082,0.000000,0.000000,0.000000,0.000000,0.000000,0.000000,0.000000,0.000000,0.000000,0.000000,-0.577121,0.000000,0.000000,-1.171002,0.000000,0.000000,0.000000,0.000000,0.000000,0.000000,0.000000,0.000000,0.000000,0.000000,0.000000,0.000000,0.000000,0.000022,-0.036207,0.000008,-0.000044,-0.066222,0.000000,0.000001,0.000000,0.000000,0.000000,0.000000,0.000000,0.000000,-0.000034,-0.000009,-0.022133,-0.000018,-0.000000,-0.060095,0.000000,0.000000,0.000000,0.000000,0.000000,0.000000,0.000000,-0.000018,0.000067,0.000025,-0.057966,-0.000000,-0.000000,-0.124945
3.900000,-2.064800,0.000000,0.000000,-3.158104,0.000000,0.000000,-0.000000,0.000000,-0.000000,0.000000,0.000000,-0.000000,-0.000000,0.000000,-2.004397,0.000000,0.000000,-3.087189,0.000000,0.000000,0.000000,0.000000,0.000000,0.000000,0.000000,0.000000,0.000000,0.000000,-0.571825,0.000000,0.000000,-1.167876,0.000000,0.000000,0.000000,0.000000,0.000000,0.000000,0.000000,0.000000,0.000000,0.000000,0.000000,0.000000,0.000000,0.000022,-0.035939,0.000008,-0.000044,-0.066219,0.000000,0.000001,0.000000,0.000000,0.000000,0.000000,0.000000,0.000000,-0.000034,-0.000009,-0.021958,-0.000018,-0.000000,-0.060092,0.000000,-0.000000,-0.000000,-0.000000,-0.000000,-0.000000,-0.000000,-0.000018,0.000066,0.000025,-0.057521,-0.000000,-0.000000,-0.124939
3.910000,-2.052186,0.000000,0.000000,-3.156208,0.000000,0.000000,0.000000,0.000000,0.000000,0.000000,0.000000,0.000000,0.000000,0.000000,-1.991979,0.000000,0.000000,-3.085267,0.000000,0.000000,0.000000,0.000000,0.000000,0.000000,0.000000,0.000000,0.000000,0.000000,-0.566485,0.000000,0.000000,-1.164701,0.000000,0.000000,0.000000,0.000000,0.000000,0.000000,0.000000,0.000000,0.000000,0.000000,0.000000,0.000000,0.000000,0.000022,-0.035671,0.000008,-0.000043,-0.066215,0.000000,0.000001,0.000000,0.000000,0.000000,0.000000,0.000000,0.000000,-0.000034,-0.000008,-0.021781,-0.000017,-0.000000,-0.060090,0.000000,0.000000,0.000000,0.000000,0.000000,0.000000,0.000000,-0.000017,0.000065,0.000025,-0.057075,-0.000000,-0.000000,-0.124933
3.920000,-2.039385,0.000000,0.000000,-3.154284,0.000000,0.000000,0.000000,0.000000,0.000000,0.000000,0.000000,0.000000,0.000000,0.000000,-1.979378,0.000000,0.000000,-3.083317,0.000000,0.000000,0.000000,0.000000,0.000000,0.000000,0.000000,0.000000,0.000000,0.000000,-0.561100,0.000000,0.000000,-1.161478,0.000000,0.000000,0.000000,0.000000,0.000000,0.000000,0.000000,0.000000,0.000000,0.000000,0.000000,0.000000,0.000000,0.000021,-0.035400,0.000008,-0.000043,-0.066212,0.000000,0.000001,0.000000,0.000000,0.000000,0.000000,0.000000,0.000000,-0.000033,-0.000008,-0.021604,-0.000017,-0.000000,-0.060088,0.000000,0.000000,0.000000,0.000000,0.000000,0.000000,0.000000,-0.000017,0.000065,0.000024,-0.056626,-0.000000,-0.000000,-0.124928
3.930000,-2.026395,0.000000,0.000000,-3.152332,0.000000,0.000000,0.000000,0.000000,0.000000,0.000000,0.000000,0.000000,0.000000,0.000000,-1.966593,0.000000,0.000000,-3.081340,0.000000,0.000000,0.000000,0.000000,0.000000,0.000000,0.000000,0.000000,0.000000,0.000000,-0.555672,0.000000,0.000000,-1.158204,0.000000,0.000000,0.000000,0.000000,0.000000,0.000000,0.000000,0.000000,0.000000,0.000000,0.000000,0.000000,0.000000,0.000021,-0.035128,0.000008,-0.000042,-0.066208,0.000000,0.000001,0.000000,0.000000,0.000000,0.000000,0.000000,0.000000,-0.000033,-0.000008,-0.021427,-0.000017,-0.000000,-0.060086,0.000000,0.000000,0.000000,0.000000,0.000000,0.000000,0.000000,-0.000017,0.000064,0.000024,-0.056175,-0.000000,-0.000000,-0.124922
3.940000,-2.013216,0.000000,0.000000,-3.150351,0.000000,0.000000,0.000000,0.000000,0.000000,0.000000,0.000000,0.000000,0.000000,0.000000,-1.953622,0.000000,0.000000,-3.079333,0.000000,0.000000,0.000000,0.000000,0.000000,0.000000,0.000000,0.000000,0.000000,0.000000,-0.550199,0.000000,0.000000,-1.154878,0.000000,0.000000,0.000000,0.000000,0.000000,0.000000,0.000000,0.000000,0.000000,0.000000,0.000000,0.000000,0.000000,0.000021,-0.034855,0.000008,-0.000042,-0.066205,0.000000,0.000001,0.000000,0.000000,0.000000,0.000000,0.000000,0.000000,-0.000033,-0.000008,-0.021249,-0.000017,-0.000000,-0.060083,0.000000,0.000000,0.000000,0.000000,0.000000,0.000000,0.000000,-0.000017,0.000063,0.000024,-0.055722,-0.000000,-0.000000,-0.124916
3.950000,-1.999845,0.000000,0.000000,-3.148342,0.000000,0.000000,-0.000000,0.000000,-0.000000,0.000000,0.000000,-0.000000,-0.000000,0.000000,-1.940464,0.000000,0.000000,-3.077298,0.000000,0.000000,0.000000,0.000000,0.000000,0.000000,0.000000,0.000000,0.000000,0.000000,-0.544684,0.000000,0.000000,-1.151499,0.000000,0.000000,0.000000,0.000000,0.000000,0.000000,0.000000,0.000000,0.000000,0.000000,0.000000,0.000000,0.000000,0.000021,-0.034580,0.000008,-0.000042,-0.066202,0.000000,0.000001,0.000000,0.000000,0.000000,0.000000,0.000000,0.000000,-0.000032,-0.000008,-0.021070,-0.000017,-0.000000,-0.060081,0.000000,-0.000000,-0.000000,-0.000000,-0.000000,-0.000000,-0.000000,-0.000017,0.000063,0.000024,-0.055267,-0.000000,-0.000000,-0.124910
3.960000,-1.986281,0.000000,0.000000,-3.146304,0.000000,0.000000,0.000000,0.000000,0.000000,0.000000,0.000000,0.000000,0.000000,0.000000,-1.927119,0.000000,0.000000,-3.075234,0.000000,0.000000,0.000000,0.000000,0.000000,0.000000,0.000000,0.000000,0.000000,0.000000,-0.539127,0.000000,0.000000,-1.148067,0.000000,0.000000,0.000000,0.000000,0.000000,0.000000,0.000000,0.000000,0.000000,0.000000,0.000000,0.000000,0.000000,0.000021,-0.034304,0.000008,-0.000041,-0.066198,0.000000,0.000001,0.000000,0.000000,0.000000,0.000000,0.000000,0.000000,-0.000032,-0.000008,-0.020890,-0.000017,-0.000000,-0.060079,0.000000,0.000000,0.000000,0.000000,0.000000,0.000000,0.000000,-0.000017,0.000062,0.000023,-0.054810,-0.000000,-0.000000,-0.124904
3.970000,-1.972523,0.000000,0.000000,-3.144237,0.000000,0.000000,0.000000,0.000000,0.000000,0.000000,0.000000,0.000000,0.000000,0.000000,-1.913583,0.000000,0.000000,-3.073142,0.000000,0.000000,0.000000,0.000000,0.000000,0.000000,0.000000,0.000000,0.000000,0.000000,-0.533527,0.000000,0.000000,-1.144579,0.000000,0.000000,0.000000,0.000000,0.000000,0.000000,0.000000,0.000000,0.000000,0.000000,0.000000,0.000000,0.000000,0.000020,-0.034026,0.000008,-0.000041,-0.066195,0.000000,0.000001,0.000000,0.000000,0.000000,0.000000,0.000000,0.000000,-0.000032,-0.000008,-0.020710,-0.000016,-0.000000,-0.060077,0.000000,0.000000,0.000000,0.000000,0.000000,0.000000,0.000000,-0.000016,0.000062,0.000023,-0.054351,-0.000000,-0.000000,-0.124898
3.980000,-1.958571,0.000000,0.000000,-3.142141,0.000000,0.000000,0.000000,0.000000,0.000000,0.000000,0.000000,0.000000,0.000000,0.000000,-1.899857,0.000000,0.000000,-3.071020,0.000000,0.000000,0.000000,0.000000,0.000000,0.000000,0.000000,0.000000,0.000000,0.000000,-0.527886,0.000000,0.000000,-1.141034,0.000000,0.000000,0.000000,0.000000,0.000000,0.000000,0.000000,0.000000,0.000000,0.000000,0.000000,0.000000,0.000000,0.000020,-0.033747,0.000008,-0.000040,-0.066191,0.000000,0.000001,0.000000,0.000000,0.000000,0.000000,0.000000,0.000000,-0.000031,-0.000008,-0.020529,-0.000016,-0.000000,-0.060074,0.000000,0.000000,0.000000,0.000000,0.000000,0.000000,0.000000,-0.000016,0.000061,0.000023,-0.053889,-0.000000,-0.000000,-0.124892
3.990000,-1.944421,0.000000,0.000000,-3.140016,0.000000,0.000000,0.000000,0.000000,0.000000,0.000000,0.000000,0.000000,0.000000,0.000000,-1.885940,0.000000,0.000000,-3.068868,0.000000,0.000000,0.000000,0.000000,0.000000,0.000000,0.000000,0.000000,0.000000,0.000000,-0.522203,0.000000,0.000000,-1.137432,0.000000,0.000000,0.000000,0.000000,0.000000,0.000000,0.000000,0.000000,0.000000,0.000000,0.000000,0.000000,0.000000,0.000020,-0.033466,0.000008,-0.000040,-0.066187,0.000000,0.000001,0.000000,0.000000,0.000000,0.000000,0.000000,0.000000,-0.000031,-0.000008,-0.020347,-0.000016,-0.000000,-0.060072,0.000000,0.000000,0.000000,0.000000,0.000000,0.000000,0.000000,-0.000016,0.000060,0.000023,-0.053426,-0.000000,-0.000000,-0.124886
4.000000,-1.930074,0.000000,0.000000,-3.137862,0.000000,0.000000,-0.000000,0.000000,-0.000000,0.000000,0.000000,-0.000000,-0.000000,0.000000,-1.871830,0.000000,0.000000,-3.066688,0.000000,0.000000,0.000000,0.000000,0.000000,0.000000,0.000000,0.000000,0.000000,0.000000,-0.516480,0.000000,0.000000,-1.133769,0.000000,0.000000,0.000000,0.000000,0.000000,0.000000,0.000000,0.000000,0.000000,0.000000,0.000000,0.000000,0.000000,0.000020,-0.033184,0.000007,-0.000040,-0.066184,0.000000,0.000001,0.000000,0.000000,0.000000,0.000000,0.000000,0.000000,-0.000031,-0.000008,-0.020165,-0.000016,-0.000000,-0.060070,0.000000,-0.000000,-0.000000,-0.000000,-0.000000,-0.000000,-0.000000,-0.000016,0.000060,0.000022,-0.052961,-0.000000,-0.000000,-0.124880
4.010000,-1.915529,0.000000,0.000000,-3.135678,0.000000,0.000000,0.000000,0.000000,0.000000,0.000000,0.000000,0.000000,0.000000,0.000000,-1.857527,0.000000,0.000000,-3.064477,0.000000,0.000000,0.000000,0.000000,0.000000,0.000000,0.000000,0.000000,0.000000,0.000000,-0.510716,0.000000,0.000000,-1.130046,0.000000,0.000000,0.000000,0.000000,0.000000,0.000000,0.000000,0.000000,0.000000,0.000000,0.000000,0.000000,0.000000,0.000019,-0.032900,0.000007,-0.000039,-0.066180,0.000000,0.000001,0.000000,0.000000,0.000000,0.000000,0.000000,0.000000,-0.000030,-0.000008,-0.019982,-0.000016,-0.000000,-0.060067,0.000000,0.000000,0.000000,0.000000,0.000000,0.000000,0.000000,-0.000016,0.000059,0.000022,-0.052493,-0.000000,-0.000000,-0.124874
4.020000,-1.900784,0.000000,0.000000,-3.133464,0.000000,0.000000,0.000000,0.000000,0.000000,0.000000,0.000000,0.000000,0.000000,0.000000,-1.843029,0.000000,0.000000,-3.062237,0.000000,0.000000,0.000000,0.000000,0.000000,0.000000,0.000000,0.000000,0.000000,0.000000,-0.504914,0.000000,0.000000,-1.126260,0.000000,0.000000,0.000000,0.000000,0.000000,0.000000,0.000000,0.000000,0.000000,0.000000,0.000000,0.000000,0.000000,0.000019,-0.032615,0.000007,-0.000039,-0.066177,0.000000,0.000001,0.000000,0.000000,0.000000,0.000000,0.000000,0.000000,-0.000030,-0.000008,-0.019799,-0.000015,-0.000000,-0.060065,0.000000,0.000000,0.000000,0.000000,0.000000,0.000000,0.000000,-0.000015,0.000058,0.000022,-0.052024,-0.000000,-0.000000,-0.124868
4.030000,-1.885839,0.000000,0.000000,-3.131221,0.000000,0.000000,0.000000,0.000000,0.000000,0.000000,0.000000,0.000000,0.000000,0.000000,-1.828337,0.000000,0.000000,-3.059968,0.000000,0.000000,0.000000,0.000000,0.000000,0.000000,0.000000,0.000000,0.000000,0.000000,-0.499072,0.000000,0.000000,-1.122410,0.000000,0.000000,0.000000,0.000000,0.000000,0.000000,0.000000,0.000000,0.000000,0.000000,0.000000,0.000000,0.000000,0.000019,-0.032328,0.000007,-0.000038,-0.066173,0.000000,0.000001,0.000000,0.000000,0.000000,0.000000,0.000000,0.000000,-0.000030,-0.000007,-0.019615,-0.000015,-0.000000,-0.060063,0.000000,0.000000,0.000000,0.000000,0.000000,0.000000,0.000000,-0.000015,0.000058,0.000022,-0.051552,-0.000000,-0.000000,-0.124862
4.040000,-1.870693,0.000000,0.000000,-3.128948,0.000000,0.000000,0.000000,0.000000,0.000000,0.000000,0.000000,0.000000,0.000000,0.000000,-1.813448,0.000000,0.000000,-3.057668,0.000000,0.000000,0.000000,0.000000,0.000000,0.000000,0.000000,0.000000,0.000000,0.000000,-0.493192,0.000000,0.000000,-1.118494,0.000000,0.000000,0.000000,0.000000,0.000000,0.000000,0.000000,0.000000,0.000000,0.000000,0.000000,0.000000,0.000000,0.000019,-0.032040,0.000007,-0.000038,-0.066170,0.000000,0.000001,0.000000,0.000000,0.000000,0.000000,0.000000,0.000000,-0.000029,-0.000007,-0.019430,-0.000015,-0.000000,-0.060061,0.000000,0.000000,0.000000,0.000000,0.000000,0.000000,0.000000,-0.000015,0.000057,0.000021,-0.051079,-0.000000,-0.000000,-0.124856
4.050000,-1.855344,0.000000,0.000000,-3.126645,0.000000,0.000000,-0.000000,0.000000,-0.000000,0.000000,0.000000,-0.000000,-0.000000,0.000000,-1.798363,0.000000,0.000000,-3.055339,0.000000,0.000000,0.000000,0.000000,0.000000,0.000000,0.000000,0.000000,0.000000,0.000000,-0.487274,0.000000,0.000000,-1.114511,0.000000,0.000000,0.000000,0.000000,0.000000,0.000000,0.000000,0.000000,0.000000,0.000000,0.000000,0.000000,0.000000,0.000019,-0.031751,0.000007,-0.000038,-0.066166,0.000000,0.000001,0.000000,0.000000,0.000000,0.000000,0.000000,0.000000,-0.000029,-0.000007,-0.019245,-0.000015,-0.000000,-0.060058,0.000000,-0.000000,-0.000000,-0.000000,-0.000000,-0.000000,-0.000000,-0.000015,0.000057,0.000021,-0.050603,-0.000000,-0.000000,-0.124850
4.060000,-1.839793,0.000000,0.000000,-3.124312,0.000000,0.000000,0.000000,0.000000,0.000000,0.000000,0.000000,0.000000,0.000000,0.000000,-1.783081,0.000000,0.000000,-3.052979,0.000000,0.000000,0.000000,0.000000,0.000000,0.000000,0.000000,0.000000,0.000000,0.000000,-0.481319,0.000000,0.000000,-1.110458,0.000000,0.000000,0.000000,0.000000,0.000000,0.000000,0.000000,0.000000,0.000000,0.000000,0.000000,0.000000,0.000000,0.000018,-0.031460,0.000007,-0.000037,-0.066162,0.000000,0.000001,0.000000,0.000000,0.000000,0.000000,0.000000,0.000000,-0.000029,-0.000007,-0.019059,-0.000015,-0.000000,-0.060056,0.000000,0.000000,0.000000,0.000000,0.000000,0.000000,0.000000,-0.000015,0.000056,0.000021,-0.050126,-0.000000,-0.000000,-0.124844
4.070000,-1.824039,0.000000,0.000000,-3.121948,0.000000,0.000000,0.000000,0.000000,0.000000,0.000000,0.000000,0.000000,0.000000,0.000000,-1.767602,0.000000,0.000000,-3.050589,0.000000,0.000000,0.000000,0.000000,0.000000,0.000000,0.000000,0.000000,0.000000,0.000000,-0.475328,0.000000,0.000000,-1.106333,0.000000,0.000000,0.000000,0.000000,0.000000,0.000000,0.000000,0.000000,0.000000,0.000000,0.000000,0.000000,0.000000,0.000018,-0.031167,0.000007,-0.000037,-0.066159,0.000000,0.000001,0.000000,0.000000,0.000000,0.000000,0.000000,0.000000,-0.000028,-0.000007,-0.018873,-0.000014,-0.000000,-0.060054,0.000000,0.000000,0.000000,0.000000,0.000000,0.000000,0.000000,-0.000015,0.000055,0.000021,-0.049646,-0.000000,-0.000000,-0.124838
4.080000,-1.808081,0.000000,0.000000,-3.119555,0.000000,0.000000,0.000000,0.000000,0.000000,0.000000,0.000000,0.000000,0.000000,0.000000,-1.751924,0.000000,0.000000,-3.048170,0.000000,0.000000,0.000000,0.000000,0.000000,0.000000,0.000000,0.000000,0.000000,0.000000,-0.469301,0.000000,0.000000,-1.102136,0.000000,0.000000,0.000000,0.000000,0.000000,0.000000,0.000000,0.000000,0.000000,0.000000,0.000000,0.000000,0.000000,0.000018,-0.030874,0.000007,-0.000036,-0.066155,0.000000,0.000001,0.000000,0.000000,0.000000,0.000000,0.000000,0.000000,-0.000028,-0.000007,-0.018686,-0.000014,-0.000000,-0.060051,0.000000,0.000000,0.000000,0.000000,0.000000,0.000000,0.000000,-0.000014,0.000055,0.000020,-0.049165,-0.000000,-0.000000,-0.124832
4.090000,-1.791919,0.000000,0.000000,-3.117131,0.000000,0.000000,0.000000,0.000000,0.000000,0.000000,0.000000,0.000000,0.000000,0.000000,-1.736049,0.000000,0.000000,-3.045720,0.000000,0.000000,0.000000,0.000000,0.000000,0.000000,0.000000,0.000000,0.000000,0.000000,-0.463240,0.000000,0.000000,-1.097863,0.000000,0.000000,0.000000,0.000000,0.000000,0.000000,0.000000,0.000000,0.000000,0.000000,0.000000,0.000000,0.000000,0.000018,-0.030578,0.000007,-0.000036,-0.066151,0.000000,0.000001,0.000000,0.000000,0.000000,0.000000,0.000000,0.000000,-0.000028,-0.000007,-0.018498,-0.000014,-0.000000,-0.060049,0.000000,0.000000,0.000000,0.000000,0.000000,0.000000,0.000000,-0.000014,0.000054,0.000020,-0.048681,-0.000000,-0.000000,-0.124825
4.100000,-1.775553,0.000000,0.000000,-3.114677,0.000000,0.000000,-0.000000,0.000000,-0.000000,0.000000,0.000000,-0.000000,-0.000000,0.000000,-1.719975,0.000000,0.000000,-3.043239,0.000000,0.000000,0.000000,0.000000,0.000000,0.000000,0.000000,0.000000,0.000000,0.000000,-0.457144,0.000000,0.000000,-1.093513,0.000000,0.000000,0.000000,0.000000,0.000000,0.000000,0.000000,0.000000,0.000000,0.000000,0.000000,0.000000,0.000000,0.000017,-0.030282,0.000007,-0.000036,-0.066147,0.000000,0.000001,0.000000,0.000000,0.000000,0.000000,0.000000,0.000000,-0.000027,-0.000007,-0.018310,-0.000014,-0.000000,-0.060046,0.000000,-0.000000,-0.000000,-0.000000,-0.000000,-0.000000,-0.000000,-0.000014,0.000054,0.000020,-0.048196,-0.000000,-0.000000,-0.124819
4.110000,-1.758982,0.000000,0.000000,-3.112193,0.000000,0.000000,0.000000,0.000000,0.000000,0.000000,0.000000,0.000000,0.000000,0.000000,-1.703704,0.000000,0.000000,-3.040729,0.000000,0.000000,0.000000,0.000000,0.000000,0.000000,0.000000,0.000000,0.000000,0.000000,-0.451015,0.000000,0.000000,-1.089084,0.000000,0.000000,0.000000,0.000000,0.000000,0.000000,0.000000,0.000000,0.000000,0.000000,0.000000,0.000000,0.000000,0.000017,-0.029983,0.000007,-0.000035,-0.066144,0.000000,0.000001,0.000000,0.000000,0.000000,0.000000,0.000000,0.000000,-0.000027,-0.000007,-0.018121,-0.000014,-0.000000,-0.060044,0.000000,0.000000,0.000000,0.000000,0.000000,0.000000,0.000000,-0.000014,0.000053,0.000020,-0.047709,-0.000000,-0.000000,-0.124813
4.120000,-1.742207,0.000000,0.000000,-3.109679,0.000000,0.000000,0.000000,0.000000,0.000000,0.000000,0.000000,0.000000,0.000000,0.000000,-1.687234,0.000000,0.000000,-3.038188,0.000000,0.000000,0.000000,0.000000,0.000000,0.000000,0.000000,0.000000,0.000000,0.000000,-0.444854,0.000000,0.000000,-1.084572,0.000000,0.000000,0.000000,0.000000,0.000000,0.000000,0.000000,0.000000,0.000000,0.000000,0.000000,0.000000,0.000000,0.000017,-0.029684,0.000007,-0.000035,-0.066140,0.000000,0.000001,0.000000,0.000000,0.000000,0.000000,0.000000,0.000000,-0.000027,-0.000007,-0.017931,-0.000014,-0.000000,-0.060042,0.000000,0.000000,0.000000,0.000000,0.000000,0.000000,0.000000,-0.000014,0.000052,0.000019,-0.047219,-0.000000,-0.000000,-0.124807
4.130000,-1.725227,0.000000,0.000000,-3.107134,0.000000,0.000000,0.000000,0.000000,0.000000,0.000000,0.000000,0.000000,0.000000,0.000000,-1.670566,0.000000,0.000000,-3.035617,0.000000,0.000000,0.000000,0.000000,0.000000,0.000000,0.000000,0.000000,0.000000,0.000000,-0.438661,0.000000,0.000000,-1.079977,0.000000,0.000000,0.000000,0.000000,0.000000,0.000000,0.000000,0.000000,0.000000,0.000000,0.000000,0.000000,0.000000,0.000017,-0.029383,0.000006,-0.000034,-0.066136,0.000000,0.000001,0.000000,0.000000,0.000000,0.000000,0.000000,0.000000,-0.000026,-0.000007,-0.017741,-0.000013,-0.000000,-0.060039,0.000000,0.000000,0.000000,0.000000,0.000000,0.000000,0.000000,-0.000014,0.000052,0.000019,-0.046728,-0.000000,-0.000000,-0.124800
4.140000,-1.708043,0.000000,0.000000,-3.104559,0.000000,0.000000,0.000000,0.000000,0.000000,0.000000,0.000000,0.000000,0.000000,0.000000,-1.653700,0.000000,0.000000,-3.033015,0.000000,0.000000,0.000000,0.000000,0.000000,0.000000,0.000000,0.000000,0.000000,0.000000,-0.432437,0.000000,0.000000,-1.075296,0.000000,0.000000,0.000000,0.000000,0.000000,0.000000,0.000000,0.000000,0.000000,0.000000,0.000000,0.000000,0.000000,0.000017,-0.029081,0.000006,-0.000034,-0.066132,0.000000,0.000001,0.000000,0.000000,0.000000,0.000000,0.000000,0.000000,-0.000026,-0.000007,-0.017550,-0.000013,-0.000000,-0.060037,0.000000,0.000000,0.000000,0.000000,0.000000,0.000000,0.000000,-0.000013,0.000051,0.000019,-0.046235,-0.000000,-0.000000,-0.124794
4.150000,-1.690654,0.000000,0.000000,-3.101953,0.000000,0.000000,-0.000000,0.000000,-0.000000,0.000000,0.000000,-0.000000,-0.000000,0.000000,-1.636637,0.000000,0.000000,-3.030384,0.000000,0.000000,0.000000,0.000000,0.000000,0.000000,0.000000,0.000000,0.000000,0.000000,-0.426184,0.000000,0.000000,-1.070525,0.000000,0.000000,0.000000,0.000000,0.000000,0.000000,0.000000,0.000000,0.000000,0.000000,0.000000,0.000000,0.000000,0.000016,-0.028777,0.000006,-0.000034,-0.066128,0.000000,0.000001,0.000000,0.000000,0.000000,0.000000,0.000000,0.000000,-0.000026,-0.000006,-0.017359,-0.000013,-0.000000,-0.060034,0.000000,-0.000000,-0.000000,-0.000000,-0.000000,-0.000000,-0.000000,-0.000013,0.000050,0.000019,-0.045740,-0.000000,-0.000000,-0.124787
4.160000,-1.673063,0.000000,0.000000,-3.099317,0.000000,0.000000,0.000000,0.000000,0.000000,0.000000,0.000000,0.000000,0.000000,0.000000,-1.619377,0.000000,0.000000,-3.027722,0.000000,0.000000,0.000000,0.000000,0.000000,0.000000,0.000000,0.000000,0.000000,0.000000,-0.419901,0.000000,0.000000,-1.065664,0.000000,0.000000,0.000000,0.000000,0.000000,0.000000,0.000000,0.000000,0.000000,0.000000,0.000000,0.000000,0.000000,0.000016,-0.028472,0.000006,-0.000033,-0.066125,0.000000,0.000001,0.000000,0.000000,0.000000,0.000000,0.000000,0.000000,-0.000025,-0.000006,-0.017167,-0.000013,-0.000000,-0.060032,0.000000,0.000000,0.000000,0.000000,0.000000,0.000000,0.000000,-0.000013,0.000050,0.000018,-0.045243,-0.000000,-0.000000,-0.124781
4.170000,-1.655268,0.000000,0.000000,-3.096651,0.000000,0.000000,0.000000,0.000000,0.000000,0.000000,0.000000,0.000000,0.000000,0.000000,-1.601921,0.000000,0.000000,-3.025029,0.000000,0.000000,0.000000,0.000000,0.000000,0.000000,0.000000,0.000000,0.000000,0.000000,-0.413591,0.000000,0.000000,-1.060708,0.000000,0.000000,0.000000,0.000000,0.000000,0.000000,0.000000,0.000000,0.000000,0.000000,0.000000,0.000000,0.000000,0.000016,-0.028166,0.000006,-0.000033,-0.066121,0.000000,0.000001,0.000000,0.000000,0.000000,0.000000,0.000000,0.000000,-0.000025,-0.000006,-0.016975,-0.000013,-0.000000,-0.060030,0.000000,0.000000,0.000000,0.000000,0.000000,0.000000,0.000000,-0.000013,0.000049,0.000018,-0.044744,-0.000000,-0.000000,-0.124775
4.180000,-1.637270,0.000000,0.000000,-3.093954,0.000000,0.000000,0.000000,0.000000,0.000000,0.000000,0.000000,0.000000,0.000000,0.000000,-1.584270,0.000000,0.000000,-3.022307,0.000000,0.000000,0.000000,0.000000,0.000000,0.000000,0.000000,0.000000,0.000000,0.000000,-0.407254,0.000000,0.000000,-1.055656,0.000000,0.000000,0.000000,0.000000,0.000000,0.000000,0.000000,0.000000,0.000000,0.000000,0.000000,0.000000,0.000000,0.000016,-0.027858,0.000006,-0.000032,-0.066117,0.000000,0.000001,0.000000,0.000000,0.000000,0.000000,0.000000,0.000000,-0.000025,-0.000006,-0.016782,-0.000013,-0.000000,-0.060027,0.000000,0.000000,0.000000,0.000000,0.000000,0.000000,0.000000,-0.000013,0.000049,0.000018,-0.044244,-0.000000,-0.000000,-0.124768
4.190000,-1.619072,0.000000,0.000000,-3.091227,0.000000,0.000000,0.000000,0.000000,0.000000,0.000000,0.000000,0.000000,0.000000,0.000000,-1.566425,0.000000,0.000000,-3.019554,0.000000,0.000000,0.000000,0.000000,0.000000,0.000000,0.000000,0.000000,0.000000,0.000000,-0.400891,0.000000,0.000000,-1.050504,0.000000,0.000000,0.000000,0.000000,0.000000,0.000000,0.000000,0.000000,0.000000,0.000000,0.000000,0.000000,0.000000,0.000015,-0.027549,0.000006,-0.000032,-0.066113,0.000000,0.000001,0.000000,0.000000,0.000000,0.000000,0.000000,0.000000,-0.000024,-0.000006,-0.016589,-0.000012,-0.000000,-0.060025,0.000000,0.000000,0.000000,0.000000,0.000000,0.000000,0.000000,-0.000013,0.000048,0.000018,-0.043741,-0.000000,-0.000000,-0.124762
4.200000,-1.600672,0.000000,0.000000,-3.088470,0.000000,0.000000,-0.000000,0.000000,-0.000000,0.000000,0.000000,-0.000000,-0.000000,0.000000,-1.548387,0.000000,0.000000,-3.016771,0.000000,0.000000,0.000000,0.000000,0.000000,0.000000,0.000000,0.000000,0.000000,0.000000,-0.394503,0.000000,0.000000,-1.045251,0.000000,0.000000,0.000000,0.000000,0.000000,0.000000,0.000000,0.000000,0.000000,0.000000,0.000000,0.000000,0.000000,0.000015,-0.027238,0.000006,-0.000031,-0.066109,0.000000,0.000001,0.000000,0.000000,0.000000,0.000000,0.000000,0.000000,-0.000024,-0.000006,-0.016395,-0.000012,-0.000000,-0.060022,0.000000,-0.000000,-0.000000,-0.000000,-0.000000,-0.000000,-0.000000,-0.000012,0.000047,0.000018,-0.043237,-0.000000,-0.000000,-0.124755
4.210000,-1.582074,0.000000,0.000000,-3.085683,0.000000,0.000000,0.000000,0.000000,0.000000,0.000000,0.000000,0.000000,0.000000,0.000000,-1.530157,0.000000,0.000000,-3.013957,0.000000,0.000000,0.000000,0.000000,0.000000,0.000000,0.000000,0.000000,0.000000,0.000000,-0.388092,0.000000,0.000000,-1.039892,0.000000,0.000000,0.000000,0.000000,0.000000,0.000000,0.000000,0.000000,0.000000,0.000000,0.000000,0.000000,0.000000,0.000015,-0.026927,0.000006,-0.000031,-0.066105,0.000000,0.000001,0.000000,0.000000,0.000000,0.000000,0.000000,0.000000,-0.000024,-0.000006,-0.016200,-0.000012,-0.000000,-0.060020,0.000000,0.000000,0.000000,0.000000,0.000000,0.000000,0.000000,-0.000012,0.000047,0.000017,-0.042731,-0.000000,-0.000000,-0.124749
4.220000,-1.563277,0.000000,0.000000,-3.082865,0.000000,0.000000,0.000000,0.000000,0.000000,0.000000,0.000000,0.000000,0.000000,0.000000,-1.511737,0.000000,0.000000,-3.011114,0.000000,0.000000,0.000000,0.000000,0.000000,0.000000,0.000000,0.000000,0.000000,0.000000,-0.381658,0.000000,0.000000,-1.034424,0.000000,0.000000,0.000000,0.000000,0.000000,0.000000,0.000000,0.000000,0.000000,0.000000,0.000000,0.000000,0.000000,0.000015,-0.026614,0.000006,-0.000031,-0.066101,0.000000,0.000001,0.000000,0.000000,0.000000,0.000000,0.000000,0.000000,-0.000023,-0.000006,-0.016005,-0.000012,-0.000000,-0.060017,0.000000,0.000000,0.000000,0.000000,0.000000,0.000000,0.000000,-0.000012,0.000046,0.000017,-0.042223,-0.000000,-0.000000,-0.124742
4.230000,-1.544284,0.000000,0.000000,-3.080017,0.000000,0.000000,0.000000,0.000000,0.000000,0.000000,0.000000,0.000000,0.000000,0.000000,-1.493128,0.000000,0.000000,-3.008239,0.000000,0.000000,0.000000,0.000000,0.000000,0.000000,0.000000,0.000000,0.000000,0.000000,-0.375203,0.000000,0.000000,-1.028846,0.000000,0.000000,0.000000,0.000000,0.000000,0.000000,0.000000,0.000000,0.000000,0.000000,0.000000,0.000000,0.000000,0.000015,-0.026299,0.000006,-0.000030,-0.066097,0.000000,0.000001,0.000000,0.000000,0.000000,0.000000,0.000000,0.000000,-0.000023,-0.000006,-0.015809,-0.000012,-0.000000,-0.060015,0.000000,0.000000,0.000000,0.000000,0.000000,0.000000,0.000000,-0.000012,0.000046,0.000017,-0.041713,-0.000000,-0.000000,-0.124736
4.240000,-1.525097,0.000000,0.000000,-3.077139,0.000000,0.000000,0.000000,0.000000,0.000000,0.000000,0.000000,0.000000,0.000000,0.000000,-1.474333,0.000000,0.000000,-3.005335,0.000000,0.000000,0.000000,0.000000,0.000000,0.000000,0.000000,0.000000,0.000000,0.000000,-0.368728,0.000000,0.000000,-1.023152,0.000000,0.000000,0.000000,0.000000,0.000000,0.000000,0.000000,0.000000,0.000000,0.000000,0.000000,0.000000,0.000000,0.000014,-0.025983,0.000006,-0.000030,-0.066093,0.000000,0.000001,0.000000,0.000000,0.000000,0.000000,0.000000,0.000000,-0.000023,-0.000006,-0.015613,-0.000011,-0.000000,-0.060012,0.000000,0.000000,0.000000,0.000000,0.000000,0.000000,0.000000,-0.000012,0.000045,0.000017,-0.041202,-0.000000,-0.000000,-0.124729
4.250000,-1.505716,0.000000,0.000000,-3.074230,0.000000,0.000000,-0.000000,0.000000,-0.000000,0.000000,0.000000,-0.000000,-0.000000,0.000000,-1.455352,0.000000,0.000000,-3.002399,0.000000,0.000000,0.000000,0.000000,0.000000,0.000000,0.000000,0.000000,0.000000,0.000000,-0.362234,0.000000,0.000000,-1.017341,0.000000,0.000000,0.000000,0.000000,0.000000,0.000000,0.000000,0.000000,0.000000,0.000000,0.000000,0.000000,0.000000,0.000014,-0.025666,0.000006,-0.000029,-0.066089,0.000000,0.000000,0.000000,0.000000,0.000000,0.000000,0.000000,0.000000,-0.000022,-0.000006,-0.015416,-0.000011,-0.000000,-0.060010,0.000000,-0.000000,-0.000000,-0.000000,-0.000000,-0.000000,-0.000000,-0.000012,0.000044,0.000016,-0.040689,-0.000000,-0.000000,-0.124722
4.260000,-1.486145,0.000000,0.000000,-3.071291,0.000000,0.000000,0.000000,0.000000,0.000000,0.000000,0.000000,0.000000,0.000000,0.000000,-1.436189,0.000000,0.000000,-2.999433,0.000000,0.000000,0.000000,0.000000,0.000000,0.000000,0.000000,0.000000,0.000000,0.000000,-0.355723,0.000000,0.000000,-1.011409,0.000000,0.000000,0.000000,0.000000,0.000000,0.000000,0.000000,0.000000,0.000000,0.000000,0.000000,0.000000,0.000000,0.000014,-0.025348,0.000006,-0.000029,-0.066085,0.000000,0.000000,0.000000,0.000000,0.000000,0.000000,0.000000,0.000000,-0.000022,-0.000006,-0.015219,-0.000011,-0.000000,-0.060008,0.000000,0.000000,0.000000,0.000000,0.000000,0.000000,0.000000,-0.000011,0.000044,0.000016,-0.040174,-0.000000,-0.000000,-0.124716
4.270000,-1.466385,0.000000,0.000000,-3.068320,0.000000,0.000000,0.000000,0.000000,0.000000,0.000000,0.000000,0.000000,0.000000,0.000000,-1.416846,0.000000,0.000000,-2.996435,0.000000,0.000000,0.000000,0.000000,0.000000,0.000000,0.000000,0.000000,0.000000,0.000000,-0.349195,0.000000,0.000000,-1.005352,0.000000,0.000000,0.000000,0.000000,0.000000,0.000000,0.000000,0.000000,0.000000,0.000000,0.000000,0.000000,0.000000,0.000014,-0.025028,0.000005,-0.000029,-0.066081,0.000000,0.000000,0.000000,0.000000,0.000000,0.000000,0.000000,0.000000,-0.000022,-0.000006,-0.015021,-0.000011,-0.000000,-0.060005,0.000000,0.000000,0.000000,0.000000,0.000000,0.000000,0.000000,-0.000011,0.000043,0.000016,-0.039657,-0.000000,-0.000000,-0.124709
4.280000,-1.446439,0.000000,0.000000,-3.065319,0.000000,0.000000,0.000000,0.000000,0.000000,0.000000,0.000000,0.000000,0.000000,0.000000,-1.397325,0.000000,0.000000,-2.993407,0.000000,0.000000,0.000000,0.000000,0.000000,0.000000,0.000000,0.000000,0.000000,0.000000,-0.342653,0.000000,0.000000,-0.999166,0.000000,0.000000,0.000000,0.000000,0.000000,0.000000,0.000000,0.000000,0.000000,0.000000,0.000000,0.000000,0.000000,0.000014,-0.024708,0.000005,-0.000028,-0.066077,0.000000,0.000000,0.000000,0.000000,0.000000,0.000000,0.000000,0.000000,-0.000021,-0.000005,-0.014823,-0.000011,-0.000000,-0.060003,0.000000,0.000000,0.000000,0.000000,0.000000,0.000000,0.000000,-0.000011,0.000042,0.000016,-0.039138,-0.000000,-0.000000,-0.124702
4.290000,-1.426309,0.000000,0.000000,-3.062287,0.000000,0.000000,0.000000,0.000000,0.000000,0.000000,0.000000,0.000000,0.000000,0.000000,-1.377629,0.000000,0.000000,-2.990346,0.000000,0.000000,0.000000,0.000000,0.000000,0.000000,0.000000,0.000000,0.000000,0.000000,-0.336097,0.000000,0.000000,-0.992849,0.000000,0.000000,0.000000,0.000000,0.000000,0.000000,0.000000,0.000000,0.000000,0.000000,0.000000,0.000000,0.000000,0.000013,-0.024386,0.000005,-0.000028,-0.066073,0.000000,0.000000,0.000000,0.000000,0.000000,0.000000,0.000000,0.000000,-0.000021,-0.000005,-0.014624,-0.000011,-0.000000,-0.060000,0.000000,0.000000,0.000000,0.000000,0.000000,0.000000,0.000000,-0.000011,0.000042,0.000015,-0.038618,-0.000000,-0.000000,-0.124696
4.300000,-1.405999,0.000000,0.000000,-3.059223,0.000000,0.000000,-0.000000,0.000000,-0.000000,0.000000,0.000000,-0.000000,-0.000000,0.000000,-1.357761,0.000000,0.000000,-2.987253,0.000000,0.000000,0.000000,0.000000,0.000000,0.000000,0.000000,0.000000,0.000000,0.000000,-0.329530,0.000000,0.000000,-0.986396,0.000000,0.000000,0.000000,0.000000,0.000000,0.000000,0.000000,0.000000,0.000000,0.000000,0.000000,0.000000,0.000000,0.000013,-0.024062,0.000005,-0.000027,-0.066069,0.000000,0.000000,0.000000,0.000000,0.000000,0.000000,0.000000,0.000000,-0.000021,-0.000005,-0.014425,-0.000010,-0.000000,-0.059998,0.000000,-0.000000,-0.000000,-0.000000,-0.000000,-0.000000,-0.000000,-0.000011,0.000041,0.000015,-0.038096,-0.000000,-0.000000,-0.124689
4.310000,-1.385512,0.000000,0.000000,-3.056127,0.000000,0.000000,0.000000,0.000000,0.000000,0.000000,0.000000,0.000000,0.000000,0.000000,-1.337725,0.000000,0.000000,-2.984127,0.000000,0.000000,0.000000,0.000000,0.000000,0.000000,0.000000,0.000000,0.000000,0.000000,-0.322953,0.000000,0.000000,-0.979804,0.000000,0.000000,0.000000,0.000000,0.000000,0.000000,0.000000,0.000000,0.000000,0.000000,0.000000,0.000000,0.000000,0.000013,-0.023738,0.000005,-0.000027,-0.066065,0.000000,0.000000,0.000000,0.000000,0.000000,0.000000,0.000000,0.000000,-0.000021,-0.000005,-0.014225,-0.000010,-0.000000,-0.059995,0.000000,0.000000,0.000000,0.000000,0.000000,0.000000,0.000000,-0.000011,0.000041,0.000015,-0.037573,-0.000000,-0.000000,-0.124682
4.320000,-1.364851,0.000000,0.000000,-3.052998,0.000000,0.000000,0.000000,0.000000,0.000000,0.000000,0.000000,0.000000,0.000000,0.000000,-1.317523,0.000000,0.000000,-2.980967,0.000000,0.000000,0.000000,0.000000,0.000000,0.000000,0.000000,0.000000,0.000000,0.000000,-0.316366,0.000000,0.000000,-0.973068,0.000000,0.000000,0.000000,0.000000,0.000000,0.000000,0.000000,0.000000,0.000000,0.000000,0.000000,0.000000,0.000000,0.000013,-0.023412,0.000005,-0.000027,-0.066061,0.000000,0.000000,0.000000,0.000000,0.000000,0.000000,0.000000,0.000000,-0.000020,-0.000005,-0.014024,-0.000010,-0.000000,-0.059992,0.000000,0.000000,0.000000,0.000000,0.000000,0.000000,0.000000,-0.000010,0.000040,0.000015,-0.037048,-0.000000,-0.000000,-0.124676
4.330000,-1.344019,0.000000,0.000000,-3.049836,0.000000,0.000000,0.000000,0.000000,0.000000,0.000000,0.000000,0.000000,0.000000,0.000000,-1.297160,0.000000,0.000000,-2.977772,0.000000,0.000000,0.000000,0.000000,0.000000,0.000000,0.000000,0.000000,0.000000,0.000000,-0.309773,0.000000,0.000000,-0.966185,0.000000,0.000000,0.000000,0.000000,0.000000,0.000000,0.000000,0.000000,0.000000,0.000000,0.000000,0.000000,0.000000,0.000012,-0.023085,0.000005,-0.000026,-0.066057,0.000000,0.000000,0.000000,0.000000,0.000000,0.000000,0.000000,0.000000,-0.000020,-0.000005,-0.013824,-0.000010,-0.000000,-0.059990,0.000000,0.000000,0.000000,0.000000,0.000000,0.000000,0.000000,-0.000010,0.000039,0.000014,-0.036521,-0.000000,-0.000000,-0.124669
4.340000,-1.323020,0.000000,0.000000,-3.046639,0.000000,0.000000,0.000000,0.000000,0.000000,0.000000,0.000000,0.000000,0.000000,0.000000,-1.276639,0.000000,0.000000,-2.974541,0.000000,0.000000,0.000000,0.000000,0.000000,0.000000,0.000000,0.000000,0.000000,0.000000,-0.303175,0.000000,0.000000,-0.959151,0.000000,0.000000,0.000000,0.000000,0.000000,0.000000,0.000000,0.000000,0.000000,0.000000,0.000000,0.000000,0.000000,0.000012,-0.022757,0.000005,-0.000026,-0.066053,0.000000,0.000000,0.000000,0.000000,0.000000,0.000000,0.000000,0.000000,-0.000020,-0.000005,-0.013622,-0.000010,-0.000000,-0.059987,0.000000,0.000000,0.000000,0.000000,0.000000,0.000000,0.000000,-0.000010,0.000039,0.000014,-0.035993,-0.000000,-0.000000,-0.124662
4.350000,-1.301858,0.000000,0.000000,-3.043407,0.000000,0.000000,-0.000000,0.000000,-0.000000,0.000000,0.000000,-0.000000,-0.000000,0.000000,-1.255964,0.000000,0.000000,-2.971273,0.000000,0.000000,0.000000,0.000000,0.000000,0.000000,0.000000,0.000000,0.000000,0.000000,-0.296573,0.000000,0.000000,-0.951962,0.000000,0.000000,0.000000,0.000000,0.000000,0.000000,0.000000,0.000000,0.000000,0.000000,0.000000,0.000000,0.000000,0.000012,-0.022427,0.000005,-0.000025,-0.066048,0.000000,0.000000,0.000000,0.000000,0.000000,0.000000,0.000000,0.000000,-0.000019,-0.000005,-0.013421,-0.000010,-0.000000,-0.059985,0.000000,-0.000000,-0.000000,-0.000000,-0.000000,-0.000000,-0.000000,-0.000010,0.000038,0.000014,-0.035463,-0.000000,-0.000000,-0.124655
4.360000,-1.280538,0.000000,0.000000,-3.040137,0.000000,0.000000,0.000000,0.000000,0.000000,0.000000,0.000000,0.000000,0.000000,0.000000,-1.235140,0.000000,0.000000,-2.967966,0.000000,0.000000,0.000000,0.000000,0.000000,0.000000,0.000000,0.000000,0.000000,0.000000,-0.289970,0.000000,0.000000,-0.944612,0.000000,0.000000,0.000000,0.000000,0.000000,0.000000,0.000000,0.000000,0.000000,0.000000,0.000000,0.000000,0.000000,0.000012,-0.022097,0.000005,-0.000025,-0.066044,0.000000,0.000000,0.000000,0.000000,0.000000,0.000000,0.000000,0.000000,-0.000019,-0.000005,-0.013218,-0.000009,-0.000000,-0.059982,0.000000,0.000000,0.000000,0.000000,0.000000,0.000000,0.000000,-0.000010,0.000038,0.000014,-0.034931,-0.000000,-0.000000,-0.124648
4.370000,-1.259065,0.000000,0.000000,-3.036829,0.000000,0.000000,0.000000,0.000000,0.000000,0.000000,0.000000,0.000000,0.000000,0.000000,-1.214171,0.000000,0.000000,-2.964618,0.000000,0.000000,0.000000,0.000000,0.000000,0.000000,0.000000,0.000000,0.000000,0.000000,-0.283366,0.000000,0.000000,-0.937099,0.000000,0.000000,0.000000,0.000000,0.000000,0.000000,0.000000,0.000000,0.000000,0.000000,0.000000,0.000000,0.000000,0.000012,-0.021765,0.000005,-0.000025,-0.066040,0.000000,0.000000,0.000000,0.000000,0.000000,0.000000,0.000000,0.000000,-0.000019,-0.000005,-0.013016,-0.000009,-0.000000,-0.059980,0.000000,0.000000,0.000000,0.000000,0.000000,0.000000,0.000000,-0.000010,0.000037,0.000014,-0.034398,-0.000000,-0.000000,-0.124641
4.380000,-1.237442,0.000000,0.000000,-3.033480,0.000000,0.000000,0.000000,0.000000,0.000000,0.000000,0.000000,0.000000,0.000000,0.000000,-1.193062,0.000000,0.000000,-2.961226,0.000000,0.000000,0.000000,0.000000,0.000000,0.000000,0.000000,0.000000,0.000000,0.000000,-0.276765,0.000000,0.000000,-0.929418,0.000000,0.000000,0.000000,0.000000,0.000000,0.000000,0.000000,0.000000,0.000000,0.000000,0.000000,0.000000,0.000000,0.000011,-0.021432,0.000005,-0.000024,-0.066036,0.000000,0.000000,0.000000,0.000000,0.000000,0.000000,0.000000,0.000000,-0.000018,-0.000005,-0.012812,-0.000009,-0.000000,-0.059977,0.000000,0.000000,0.000000,0.000000,0.000000,0.000000,0.000000,-0.000009,0.000036,0.000013,-0.033863,-0.000000,-0.000000,-0.124635
4.390000,-1.215675,0.000000,0.000000,-3.030087,0.000000,0.000000,0.000000,0.000000,0.000000,0.000000,0.000000,0.000000,0.000000,0.000000,-1.171819,0.000000,0.000000,-2.957788,0.000000,0.000000,0.000000,0.000000,0.000000,0.000000,0.000000,0.000000,0.000000,0.000000,-0.270168,0.000000,0.000000,-0.921564,0.000000,0.000000,0.000000,0.000000,0.000000,0.000000,0.000000,0.000000,0.000000,0.000000,0.000000,0.000000,0.000000,0.000011,-0.021098,0.000005,-0.000024,-0.066032,0.000000,0.000000,0.000000,0.000000,0.000000,0.000000,0.000000,0.000000,-0.000018,-0.000005,-0.012609,-0.000009,-0.000000,-0.059975,0.000000,0.000000,0.000000,0.000000,0.000000,0.000000,0.000000,-0.000009,0.000036,0.000013,-0.033327,-0.000000,-0.000000,-0.124628
4.400000,-1.193770,0.000000,0.000000,-3.026649,0.000000,0.000000,-0.000000,0.000000,-0.000000,0.000000,0.000000,-0.000000,-0.000000,0.000000,-1.150446,0.000000,0.000000,-2.954300,0.000000,0.000000,0.000000,0.000000,0.000000,0.000000,0.000000,0.000000,0.000000,0.000000,-0.263577,0.000000,0.000000,-0.913533,0.000000,0.000000,0.000000,0.000000,0.000000,0.000000,0.000000,0.000000,0.000000,0.000000,0.000000,0.000000,0.000000,0.000011,-0.020763,0.000004,-0.000023,-0.066027,0.000000,0.000000,0.000000,0.000000,0.000000,0.000000,0.000000,0.000000,-0.000018,-0.000005,-0.012405,-0.000009,-0.000000,-0.059972,0.000000,-0.000000,-0.000000,-0.000000,-0.000000,-0.000000,-0.000000,-0.000009,0.000035,0.000013,-0.032790,-0.000000,-0.000000,-0.124621
4.410000,-1.171731,0.000000,0.000000,-3.023161,0.000000,0.000000,0.000000,0.000000,0.000000,0.000000,0.000000,0.000000,0.000000,0.000000,-1.128948,0.000000,0.000000,-2.950759,0.000000,0.000000,0.000000,0.000000,0.000000,0.000000,0.000000,0.000000,0.000000,0.000000,-0.256995,0.000000,0.000000,-0.905321,0.000000,0.000000,0.000000,0.000000,0.000000,0.000000,0.000000,0.000000,0.000000,0.000000,0.000000,0.000000,0.000000,0.000011,-0.020427,0.000004,-0.000023,-0.066023,0.000000,0.000000,0.000000,0.000000,0.000000,0.000000,0.000000,0.000000,-0.000017,-0.000004,-0.012200,-0.000009,-0.000000,-0.059970,0.000000,0.000000,0.000000,0.000000,0.000000,0.000000,0.000000,-0.000009,0.000035,0.000013,-0.032251,-0.000000,-0.000000,-0.124614
4.420000,-1.149565,0.000000,0.000000,-3.019620,0.000000,0.000000,0.000000,0.000000,0.000000,0.000000,0.000000,0.000000,0.000000,0.000000,-1.107333,0.000000,0.000000,-2.947159,0.000000,0.000000,0.000000,0.000000,0.000000,0.000000,0.000000,0.000000,0.000000,0.000000,-0.250423,0.000000,0.000000,-0.896923,0.000000,0.000000,0.000000,0.000000,0.000000,0.000000,0.000000,0.000000,0.000000,0.000000,0.000000,0.000000,0.000000,0.000011,-0.020090,0.000004,-0.000023,-0.066019,0.000000,0.000000,0.000000,0.000000,0.000000,0.000000,0.000000,0.000000,-0.000017,-0.000004,-0.011995,-0.000009,-0.000000,-0.059967,0.000000,0.000000,0.000000,0.000000,0.000000,0.000000,0.000000,-0.000009,0.000034,0.000012,-0.031710,-0.000000,-0.000000,-0.124607
4.430000,-1.127278,0.000000,0.000000,-3.016020,0.000000,0.000000,0.000000,0.000000,0.000000,0.000000,0.000000,0.000000,0.000000,0.000000,-1.085606,0.000000,0.000000,-2.943496,0.000000,0.000000,0.000000,0.000000,0.000000,0.000000,0.000000,0.000000,0.000000,0.000000,-0.243864,0.000000,0.000000,-0.888334,0.000000,0.000000,0.000000,0.000000,0.000000,0.000000,0.000000,0.000000,0.000000,0.000000,0.000000,0.000000,0.000000,0.000010,-0.019751,0.000004,-0.000022,-0.066015,0.000000,0.000000,0.000000,0.000000,0.000000,0.000000,0.000000,0.000000,-0.000017,-0.000004,-0.011790,-0.000008,-0.000000,-0.059964,0.000000,0.000000,0.000000,0.000000,0.000000,0.000000,0.000000,-0.000009,0.000033,0.000012,-0.031168,-0.000000,-0.000000,-0.124600
4.440000,-1.104876,0.000000,0.000000,-3.012356,0.000000,0.000000,0.000000,0.000000,0.000000,0.000000,0.000000,0.000000,0.000000,0.000000,-1.063772,0.000000,0.000000,-2.939762,0.000000,0.000000,0.000000,0.000000,0.000000,0.000000,0.000000,0.000000,0.000000,0.000000,-0.237320,0.000000,0.000000,-0.879551,0.000000,0.000000,0.000000,0.000000,0.000000,0.000000,0.000000,0.000000,0.000000,0.000000,0.000000,0.000000,0.000000,0.000010,-0.019412,0.000004,-0.000022,-0.066010,0.000000,0.000000,0.000000,0.000000,0.000000,0.000000,0.000000,0.000000,-0.000016,-0.000004,-0.011584,-0.000008,-0.000000,-0.059962,0.000000,0.000000,0.000000,0.000000,0.000000,0.000000,0.000000,-0.000008,0.000033,0.000012,-0.030624,-0.000000,-0.000000,-0.124593
4.450000,-1.082366,0.000000,0.000000,-3.008622,0.000000,0.000000,-0.000000,0.000000,-0.000000,0.000000,0.000000,-0.000000,-0.000000,0.000000,-1.041839,0.000000,0.000000,-2.935952,0.000000,0.000000,0.000000,0.000000,0.000000,0.000000,0.000000,0.000000,0.000000,0.000000,-0.230794,0.000000,0.000000,-0.870567,0.000000,0.000000,0.000000,0.000000,0.000000,0.000000,0.000000,0.000000,0.000000,0.000000,0.000000,0.000000,0.000000,0.000010,-0.019071,0.000004,-0.000021,-0.066006,0.000000,0.000000,0.000000,0.000000,0.000000,0.000000,0.000000,0.000000,-0.000016,-0.000004,-0.011378,-0.000008,-0.000000,-0.059959,0.000000,-0.000000,-0.000000,-0.000000,-0.000000,-0.000000,-0.000000,-0.000008,0.000032,0.000012,-0.030079,-0.000000,-0.000000,-0.124586
4.460000,-1.059754,0.000000,0.000000,-3.004811,0.000000,0.000000,0.000000,0.000000,0.000000,0.000000,0.000000,0.000000,0.000000,0.000000,-1.019813,0.000000,0.000000,-2.932056,0.000000,0.000000,0.000000,0.000000,0.000000,0.000000,0.000000,0.000000,0.000000,0.000000,-0.224288,0.000000,0.000000,-0.861380,0.000000,0.000000,0.000000,0.000000,0.000000,0.000000,0.000000,0.000000,0.000000,0.000000,0.000000,0.000000,0.000000,0.000010,-0.018730,0.000004,-0.000021,-0.066002,0.000000,0.000000,0.000000,0.000000,0.000000,0.000000,0.000000,0.000000,-0.000016,-0.000004,-0.011171,-0.000008,-0.000000,-0.059957,0.000000,0.000000,0.000000,0.000000,0.000000,0.000000,0.000000,-0.000008,0.000032,0.000012,-0.029533,-0.000000,-0.000000,-0.124579
4.470000,-1.037048,0.000000,0.000000,-3.000912,0.000000,0.000000,0.000000,0.000000,0.000000,0.000000,0.000000,0.000000,0.000000,0.000000,-0.997702,0.000000,0.000000,-2.928065,0.000000,0.000000,0.000000,0.000000,0.000000,0.000000,0.000000,0.000000,0.000000,0.000000,-0.217804,0.000000,0.000000,-0.851984,0.000000,0.000000,0.000000,0.000000,0.000000,0.000000,0.000000,0.000000,0.000000,0.000000,0.000000,0.000000,0.000000,0.000010,-0.018387,0.000004,-0.000021,-0.065998,0.000000,0.000000,0.000000,0.000000,0.000000,0.000000,0.000000,0.000000,-0.000015,-0.000004,-0.010964,-0.000008,-0.000000,-0.059954,0.000000,0.000000,0.000000,0.000000,0.000000,0.000000,0.000000,-0.000008,0.000031,0.000011,-0.028986,-0.000000,-0.000000,-0.124572
4.480000,-1.014255,0.000000,0.000000,-2.996916,0.000000,0.000000,0.000000,0.000000,0.000000,0.000000,0.000000,0.000000,0.000000,0.000000,-0.975511,0.000000,0.000000,-2.923967,0.000000,0.000000,0.000000,0.000000,0.000000,0.000000,0.000000,0.000000,0.000000,0.000000,-0.211346,0.000000,0.000000,-0.842375,0.000000,0.000000,0.000000,0.000000,0.000000,0.000000,0.000000,0.000000,0.000000,0.000000,0.000000,0.000000,0.000000,0.000009,-0.018044,0.000004,-0.000020,-0.065993,0.000000,0.000000,0.000000,0.000000,0.000000,0.000000,0.000000,0.000000,-0.000015,-0.000004,-0.010757,-0.000008,-0.000000,-0.059951,0.000000,0.000000,0.000000,0.000000,0.000000,0.000000,0.000000,-0.000008,0.000030,0.000011,-0.028437,-0.000000,-0.000000,-0.124565
4.490000,-0.991382,0.000000,0.000000,-2.992811,0.000000,0.000000,0.000000,0.000000,0.000000,0.000000,0.000000,0.000000,0.000000,0.000000,-0.953250,0.000000,0.000000,-2.919749,0.000000,0.000000,0.000000,0.000000,0.000000,0.000000,0.000000,0.000000,0.000000,0.000000,-0.204917,0.000000,0.000000,-0.832547,0.000000,0.000000,0.000000,0.000000,0.000000,0.000000,0.000000,0.000000,0.000000,0.000000,0.000000,0.000000,0.000000,0.000009,-0.017699,0.000004,-0.000020,-0.065989,0.000000,0.000000,0.000000,0.000000,0.000000,0.000000,0.000000,0.000000,-0.000015,-0.000004,-0.010549,-0.000007,-0.000000,-0.059949,0.000000,0.000000,0.000000,0.000000,0.000000,0.000000,0.000000,-0.000008,0.000030,0.000011,-0.027886,-0.000000,-0.000000,-0.124558
4.500000,-0.968438,0.000000,0.000000,-2.988583,0.000000,0.000000,-0.000000,0.000000,-0.000000,0.000000,0.000000,-0.000000,-0.000000,0.000000,-0.930924,0.000000,0.000000,-2.915396,0.000000,0.000000,0.000000,0.000000,0.000000,0.000000,0.000000,0.000000,0.000000,0.000000,-0.198518,0.000000,0.000000,-0.822498,0.000000,0.000000,0.000000,0.000000,0.000000,0.000000,0.000000,0.000000,0.000000,0.000000,0.000000,0.000000,0.000000,0.000009,-0.017354,0.000004,-0.000019,-0.065984,0.000000,0.000000,0.000000,0.000000,0.000000,0.000000,0.000000,0.000000,-0.000014,-0.000004,-0.010341,-0.000007,-0.000000,-0.059946,0.000000,-0.000000,-0.000000,-0.000000,-0.000000,-0.000000,-0.000000,-0.000007,0.000029,0.000011,-0.027335,-0.000000,-0.000000,-0.124551
4.510000,-0.945430,0.000000,0.000000,-2.984216,0.000000,0.000000,0.000000,0.000000,0.000000,0.000000,0.000000,0.000000,0.000000,0.000000,-0.908542,0.000000,0.000000,-2.910892,0.000000,0.000000,0.000000,0.000000,0.000000,0.000000,0.000000,0.000000,0.000000,0.000000,-0.192153,0.000000,0.000000,-0.812221,0.000000,0.000000,0.000000,0.000000,0.000000,0.000000,0.000000,0.000000,0.000000,0.000000,0.000000,0.000000,0.000000,0.000009,-0.017007,0.000004,-0.000019,-0.065980,0.000000,0.000000,0.000000,0.000000,0.000000,0.000000,0.000000,0.000000,-0.000014,-0.000004,-0.010132,-0.000007,-0.000000,-0.059943,0.000000,0.000000,0.000000,0.000000,0.000000,0.000000,0.000000,-0.000007,0.000028,0.000010,-0.026782,-0.000000,-0.000000,-0.124543
4.520000,-0.922366,0.000000,0.000000,-2.979692,0.000000,0.000000,0.000000,0.000000,0.000000,0.000000,0.000000,0.000000,0.000000,0.000000,-0.886112,0.000000,0.000000,-2.906215,0.000000,0.000000,0.000000,0.000000,0.000000,0.000000,0.000000,0.000000,0.000000,0.000000,-0.185825,0.000000,0.000000,-0.801714,0.000000,0.000000,0.000000,0.000000,0.000000,0.000000,0.000000,0.000000,0.000000,0.000000,0.000000,0.000000,0.000000,0.000009,-0.016660,0.000004,-0.000019,-0.065976,0.000000,0.000000,0.000000,0.000000,0.000000,0.000000,0.000000,0.000000,-0.000014,-0.000004,-0.009923,-0.000007,-0.000000,-0.059941,0.000000,0.000000,0.000000,0.000000,0.000000,0.000000,0.000000,-0.000007,0.000028,0.000010,-0.026228,-0.000000,-0.000000,-0.124536
4.530000,-0.899255,0.000000,0.000000,-2.974988,0.000000,0.000000,0.000000,0.000000,0.000000,0.000000,0.000000,0.000000,0.000000,0.000000,-0.863642,0.000000,0.000000,-2.901343,0.000000,0.000000,0.000000,0.000000,0.000000,0.000000,0.000000,0.000000,0.000000,0.000000,-0.179537,0.000000,0.000000,-0.790971,0.000000,0.000000,0.000000,0.000000,0.000000,0.000000,0.000000,0.000000,0.000000,0.000000,0.000000,0.000000,0.000000,0.000008,-0.016311,0.000003,-0.000018,-0.065971,0.000000,0.000000,0.000000,0.000000,0.000000,0.000000,0.000000,0.000000,-0.000014,-0.000003,-0.009714,-0.000007,-0.000000,-0.059938,0.000000,0.000000,0.000000,0.000000,0.000000,0.000000,0.000000,-0.000007,0.000027,0.000010,-0.025672,-0.000000,-0.000000,-0.124529
4.540000,-0.876106,0.000000,0.000000,-2.970081,0.000000,0.000000,0.000000,0.000000,0.000000,0.000000,0.000000,0.000000,0.000000,0.000000,-0.841140,0.000000,0.000000,-2.896249,0.000000,0.000000,0.000000,0.000000,0.000000,0.000000,0.000000,0.000000,0.000000,0.000000,-0.173292,0.000000,0.000000,-0.779989,0.000000,0.000000,0.000000,0.000000,0.000000,0.000000,0.000000,0.000000,0.000000,0.000000,0.000000,0.000000,0.000000,0.000008,-0.015962,0.000003,-0.000018,-0.065967,0.000000,0.000000,0.000000,0.000000,0.000000,0.000000,0.000000,0.000000,-0.000013,-0.000003,-0.009504,-0.000007,-0.000000,-0.059936,0.000000,0.000000,0.000000,0.000000,0.000000,0.000000,0.000000,-0.000007,0.000027,0.000010,-0.025116,-0.000000,-0.000000,-0.124522
4.550000,-0.852926,0.000000,0.000000,-2.964941,0.000000,0.000000,-0.000000,0.000000,-0.000000,0.000000,0.000000,-0.000000,-0.000000,0.000000,-0.818613,0.000000,0.000000,-2.890904,0.000000,0.000000,0.000000,0.000000,0.000000,0.000000,0.000000,0.000000,0.000000,0.000000,-0.167093,0.000000,0.000000,-0.768763,0.000000,0.000000,0.000000,0.000000,0.000000,0.000000,0.000000,0.000000,0.000000,0.000000,0.000000,0.000000,0.000000,0.000008,-0.015612,0.000003,-0.000017,-0.065963,0.000000,0.000000,0.000000,0.000000,0.000000,0.000000,0.000000,0.000000,-0.000013,-0.000003,-0.009294,-0.000006,-0.000000,-0.059933,0.000000,-0.000000,-0.000000,-0.000000,-0.000000,-0.000000,-0.000000,-0.000007,0.000026,0.000010,-0.024558,-0.000000,-0.000000,-0.124515
4.560000,-0.829724,0.000000,0.000000,-2.959536,0.000000,0.000000,0.000000,0.000000,0.000000,0.000000,0.000000,0.000000,0.000000,0.000000,-0.796070,0.000000,0.000000,-2.885272,0.000000,0.000000,0.000000,0.000000,0.000000,0.000000,0.000000,0.000000,0.000000,0.000000,-0.160945,0.000000,0.000000,-0.757289,0.000000,0.000000,0.000000,0.000000,0.000000,0.000000,0.000000,0.000000,0.000000,0.000000,0.000000,0.000000,0.000000,0.000008,-0.015261,0.000003,-0.000017,-0.065958,0.000000,0.000000,0.000000,0.000000,0.000000,0.000000,0.000000,0.000000,-0.000013,-0.000003,-0.009084,-0.000006,-0.000000,-0.059930,0.000000,0.000000,0.000000,0.000000,0.000000,0.000000,0.000000,-0.000006,0.000025,0.000009,-0.023999,-0.000000,-0.000000,-0.124508
4.570000,-0.806509,0.000000,0.000000,-2.953829,0.000000,0.000000,0.000000,0.000000,0.000000,0.000000,0.000000,0.000000,0.000000,0.000000,-0.773520,0.000000,0.000000,-2.879315,0.000000,0.000000,0.000000,0.000000,0.000000,0.000000,0.000000,0.000000,0.000000,0.000000,-0.154849,0.000000,0.000000,-0.745564,0.000000,0.000000,0.000000,0.000000,0.000000,0.000000,0.000000,0.000000,0.000000,0.000000,0.000000,0.000000,0.000000,0.000008,-0.014909,0.000003,-0.000017,-0.065954,0.000000,0.000000,0.000000,0.000000,0.000000,0.000000,0.000000,0.000000,-0.000012,-0.000003,-0.008873,-0.000006,-0.000000,-0.059928,0.000000,0.000000,0.000000,0.000000,0.000000,0.000000,0.000000,-0.000006,0.000025,0.000009,-0.023439,-0.000000,-0.000000,-0.124500
4.580000,-0.783290,0.000000,0.000000,-2.947776,0.000000,0.000000,0.000000,0.000000,0.000000,0.000000,0.000000,0.000000,0.000000,0.000000,-0.750970,0.000000,0.000000,-2.872987,0.000000,0.000000,0.000000,0.000000,0.000000,0.000000,0.000000,0.000000,0.000000,0.000000,-0.148810,0.000000,0.000000,-0.733583,0.000000,0.000000,0.000000,0.000000,0.000000,0.000000,0.000000,0.000000,0.000000,0.000000,0.000000,0.000000,0.000000,0.000007,-0.014556,0.000003,-0.000016,-0.065949,0.000000,0.000000,0.000000,0.000000,0.000000,0.000000,0.000000,0.000000,-0.000012,-0.000003,-0.008662,-0.000006,-0.000000,-0.059925,0.000000,0.000000,0.000000,0.000000,0.000000,0.000000,0.000000,-0.000006,0.000024,0.000009,-0.022877,-0.000000,-0.000000,-0.124493
4.590000,-0.760076,0.000000,0.000000,-2.941327,0.000000,0.000000,0.000000,0.000000,0.000000,0.000000,0.000000,0.000000,0.000000,0.000000,-0.728430,0.000000,0.000000,-2.866237,0.000000,0.000000,0.000000,0.000000,0.000000,0.000000,0.000000,0.000000,0.000000,0.000000,-0.142831,0.000000,0.000000,-0.721344,0.000000,0.000000,0.000000,0.000000,0.000000,0.000000,0.000000,0.000000,0.000000,0.000000,0.000000,0.000000,0.000000,0.000007,-0.014202,0.000003,-0.000016,-0.065945,0.000000,0.000000,0.000000,0.000000,0.000000,0.000000,0.000000,0.000000,-0.000012,-0.000003,-0.008450,-0.000006,-0.000000,-0.059922,0.000000,0.000000,0.000000,0.000000,0.000000,0.000000,0.000000,-0.000006,0.000024,0.000009,-0.022315,-0.000000,-0.000000,-0.124486
4.600000,-0.736874,0.000000,0.000000,-2.934425,0.000000,0.000000,-0.000000,0.000000,-0.000000,0.000000,0.000000,-0.000000,-0.000000,0.000000,-0.705907,0.000000,0.000000,-2.859006,0.000000,0.000000,0.000000,0.000000,0.000000,0.000000,0.000000,0.000000,0.000000,0.000000,-0.136917,0.000000,0.000000,-0.708843,0.000000,0.000000,0.000000,0.000000,0.000000,0.000000,0.000000,0.000000,0.000000,0.000000,0.000000,0.000000,0.000000,0.000007,-0.013848,0.000003,-0.000015,-0.065940,0.000000,0.000000,0.000000,0.000000,0.000000,0.000000,0.000000,0.000000,-0.000011,-0.000003,-0.008239,-0.000006,-0.000000,-0.059920,0.000000,-0.000000,-0.000000,-0.000000,-0.000000,-0.000000,-0.000000,-0.000006,0.000023,0.000008,-0.021752,-0.000000,-0.000000,-0.124479
4.610000,-0.713694,0.000000,0.000000,-2.927005,0.000000,0.000000,0.000000,0.000000,0.000000,0.000000,0.000000,0.000000,0.000000,0.000000,-0.683408,0.000000,0.000000,-2.851225,0.000000,0.000000,0.000000,0.000000,0.000000,0.000000,0.000000,0.000000,0.000000,0.000000,-0.131070,0.000000,0.000000,-0.696077,0.000000,0.000000,0.000000,0.000000,0.000000,0.000000,0.000000,0.000000,0.000000,0.000000,0.000000,0.000000,0.000000,0.000007,-0.013493,0.000003,-0.000015,-0.065936,0.000000,0.000000,0.000000,0.000000,0.000000,0.000000,0.000000,0.000000,-0.000011,-0.000003,-0.008027,-0.000006,-0.000000,-0.059917,0.000000,0.000000,0.000000,0.000000,0.000000,0.000000,0.000000,-0.000006,0.000022,0.000008,-0.021187,-0.000000,-0.000000,-0.124471
4.620000,-0.690545,0.000000,0.000000,-2.918993,0.000000,0.000000,0.000000,0.000000,0.000000,0.000000,0.000000,0.000000,0.000000,0.000000,-0.660944,0.000000,0.000000,-2.842820,0.000000,0.000000,0.000000,0.000000,0.000000,0.000000,0.000000,0.000000,0.000000,0.000000,-0.125294,0.000000,0.000000,-0.683043,0.000000,0.000000,0.000000,0.000000,0.000000,0.000000,0.000000,0.000000,0.000000,0.000000,0.000000,0.000000,0.000000,0.000007,-0.013137,0.000003,-0.000015,-0.065931,0.000000,0.000000,0.000000,0.000000,0.000000,0.000000,0.000000,0.000000,-0.000011,-0.000003,-0.007814,-0.000005,-0.000000,-0.059914,0.000000,0.000000,0.000000,0.000000,0.000000,0.000000,0.000000,-0.000005,0.000022,0.000008,-0.020622,-0.000000,-0.000000,-0.124464
4.630000,-0.667433,0.000000,0.000000,-2.910305,0.000000,0.000000,0.000000,0.000000,0.000000,0.000000,0.000000,0.000000,0.000000,0.000000,-0.638520,0.000000,0.000000,-2.833705,0.000000,0.000000,0.000000,0.000000,0.000000,0.000000,0.000000,0.000000,0.000000,0.000000,-0.119594,0.000000,0.000000,-0.669739,0.000000,0.000000,0.000000,0.000000,0.000000,0.000000,0.000000,0.000000,0.000000,0.000000,0.000000,0.000000,0.000000,0.000006,-0.012780,0.000003,-0.000014,-0.065927,0.000000,0.000000,0.000000,0.000000,0.000000,0.000000,0.000000,0.000000,-0.000010,-0.000003,-0.007602,-0.000005,-0.000000,-0.059912,0.000000,0.000000,0.000000,0.000000,0.000000,0.000000,0.000000,-0.000005,0.000021,0.000008,-0.020055,-0.000000,-0.000000,-0.124457
4.640000,-0.644369,0.000000,0.000000,-2.900843,0.000000,0.000000,0.000000,0.000000,0.000000,0.000000,0.000000,0.000000,0.000000,0.000000,-0.616145,0.000000,0.000000,-2.823780,0.000000,0.000000,0.000000,0.000000,0.000000,0.000000,0.000000,0.000000,0.000000,0.000000,-0.113974,0.000000,0.000000,-0.656162,0.000000,0.000000,0.000000,0.000000,0.000000,0.000000,0.000000,0.000000,0.000000,0.000000,0.000000,0.000000,0.000000,0.000006,-0.012422,0.000003,-0.000014,-0.065922,0.000000,0.000000,0.000000,0.000000,0.000000,0.000000,0.000000,0.000000,-0.000010,-0.000003,-0.007389,-0.000005,-0.000000,-0.059909,0.000000,0.000000,0.000000,0.000000,0.000000,0.000000,0.000000,-0.000005,0.000021,0.000008,-0.019488,-0.000000,-0.000000,-0.124450
4.650000,-0.621359,0.000000,0.000000,-2.890496,0.000000,0.000000,-0.000000,0.000000,-0.000000,0.000000,0.000000,-0.000000,-0.000000,0.000000,-0.593827,0.000000,0.000000,-2.812935,0.000000,0.000000,0.000000,0.000000,0.000000,0.000000,0.000000,0.000000,0.000000,0.000000,-0.108437,0.000000,0.000000,-0.642310,0.000000,0.000000,0.000000,0.000000,0.000000,0.000000,0.000000,0.000000,0.000000,0.000000,0.000000,0.000000,0.000000,0.000006,-0.012064,0.000003,-0.000013,-0.065918,0.000000,0.000000,0.000000,0.000000,0.000000,0.000000,0.000000,0.000000,-0.000010,-0.000003,-0.007176,-0.000005,-0.000000,-0.059906,0.000000,-0.000000,-0.000000,-0.000000,-0.000000,-0.000000,-0.000000,-0.000005,0.000020,0.000007,-0.018919,-0.000000,-0.000000,-0.124442
4.660000,-0.598410,0.000000,0.000000,-2.879135,0.000000,0.000000,0.000000,0.000000,0.000000,0.000000,0.000000,0.000000,0.000000,0.000000,-0.571573,0.000000,0.000000,-2.801038,0.000000,0.000000,0.000000,0.000000,0.000000,0.000000,0.000000,0.000000,0.000000,0.000000,-0.102988,0.000000,0.000000,-0.628182,0.000000,0.000000,0.000000,0.000000,0.000000,0.000000,0.000000,0.000000,0.000000,0.000000,0.000000,0.000000,0.000000,0.000006,-0.011705,0.000002,-0.000013,-0.065913,0.000000,0.000000,0.000000,0.000000,0.000000,0.000000,0.000000,0.000000,-0.000009,-0.000002,-0.006962,-0.000005,-0.000000,-0.059904,0.000000,0.000000,0.000000,0.000000,0.000000,0.000000,0.000000,-0.000005,0.000019,0.000007,-0.018350,-0.000000,-0.000000,-0.124435
4.670000,-0.575531,0.000000,0.000000,-2.866621,0.000000,0.000000,0.000000,0.000000,0.000000,0.000000,0.000000,0.000000,0.000000,0.000000,-0.549389,0.000000,0.000000,-2.787952,0.000000,0.000000,0.000000,0.000000,0.000000,0.000000,0.000000,0.000000,0.000000,0.000000,-0.097631,0.000000,0.000000,-0.613776,0.000000,0.000000,0.000000,0.000000,0.000000,0.000000,0.000000,0.000000,0.000000,0.000000,0.000000,0.000000,0.000000,0.000006,-0.011346,0.000002,-0.000012,-0.065909,0.000000,0.000000,0.000000,0.000000,0.000000,0.000000,0.000000,0.000000,-0.000009,-0.000002,-0.006748,-0.000005,-0.000000,-0.059901,0.000000,0.000000,0.000000,0.000000,0.000000,0.000000,0.000000,-0.000005,0.000019,0.000007,-0.017780,-0.000000,-0.000000,-0.124428
4.680000,-0.552729,0.000000,0.000000,-2.852794,0.000000,0.000000,0.000000,0.000000,0.000000,0.000000,0.000000,0.000000,0.000000,0.000000,-0.527284,0.000000,0.000000,-2.773516,0.000000,0.000000,0.000000,0.000000,0.000000,0.000000,0.000000,0.000000,0.000000,0.000000,-0.092369,0.000000,0.000000,-0.599092,0.000000,0.000000,0.000000,0.000000,0.000000,0.000000,0.000000,0.000000,0.000000,0.000000,0.000000,0.000000,0.000000,0.000005,-0.010985,0.000002,-0.000012,-0.065904,0.000000,0.000000,0.000000,0.000000,0.000000,0.000000,0.000000,0.000000,-0.000009,-0.000002,-0.006534,-0.000004,-0.000000,-0.059898,0.000000,0.000000,0.000000,0.000000,0.000000,0.000000,0.000000,-0.000004,0.000018,0.000007,-0.017208,-0.000000,-0.000000,-0.124420
4.690000,-0.530010,0.000000,0.000000,-2.837470,0.000000,0.000000,0.000000,0.000000,0.000000,0.000000,0.000000,0.000000,0.000000,0.000000,-0.505264,0.000000,0.000000,-2.757550,0.000000,0.000000,0.000000,0.000000,0.000000,0.000000,0.000000,0.000000,0.000000,0.000000,-0.087209,0.000000,0.000000,-0.584128,0.000000,0.000000,0.000000,0.000000,0.000000,0.000000,0.000000,0.000000,0.000000,0.000000,0.000000,0.000000,0.000000,0.000005,-0.010624,0.000002,-0.000012,-0.065900,0.000000,0.000000,0.000000,0.000000,0.000000,0.000000,0.000000,0.000000,-0.000008,-0.000002,-0.006320,-0.000004,-0.000000,-0.059896,0.000000,0.000000,0.000000,0.000000,0.000000,0.000000,0.000000,-0.000004,0.000018,0.000006,-0.016636,-0.000000,-0.000000,-0.124413
4.700000,-0.507382,0.000000,0.000000,-2.820441,0.000000,0.000000,-0.000000,0.000000,-0.000000,0.000000,0.000000,-0.000000,-0.000000,0.000000,-0.483336,0.000000,0.000000,-2.739849,0.000000,0.000000,0.000000,0.000000,0.000000,0.000000,0.000000,0.000000,0.000000,0.000000,-0.082153,0.000000,0.000000,-0.568885,0.000000,0.000000,0.000000,0.000000,0.000000,0.000000,0.000000,0.000000,0.000000,0.000000,0.000000,0.000000,0.000000,0.000005,-0.010263,0.000002,-0.000011,-0.065895,0.000000,0.000000,0.000000,0.000000,0.000000,0.000000,0.000000,0.000000,-0.000008,-0.000002,-0.006106,-0.000004,-0.000000,-0.059893,0.000000,-0.000000,-0.000000,-0.000000,-0.000000,-0.000000,-0.000000,-0.000004,0.000017,0.000006,-0.016064,-0.000000,-0.000000,-0.124405
4.710000,-0.484850,0.000000,0.000000,-2.801458,0.000000,0.000000,0.000000,0.000000,0.000000,0.000000,0.000000,0.000000,0.000000,0.000000,-0.461507,0.000000,0.000000,-2.720171,0.000000,0.000000,0.000000,0.000000,0.000000,0.000000,0.000000,0.000000,0.000000,0.000000,-0.077206,0.000000,0.000000,-0.553362,0.000000,0.000000,0.000000,0.000000,0.000000,0.000000,0.000000,0.000000,0.000000,0.000000,0.000000,0.000000,0.000000,0.000005,-0.009900,0.000002,-0.000011,-0.065891,0.000000,0.000000,0.000000,0.000000,0.000000,0.000000,0.000000,0.000000,-0.000008,-0.000002,-0.005891,-0.000004,-0.000000,-0.059890,0.000000,0.000000,0.000000,0.000000,0.000000,0.000000,0.000000,-0.000004,0.000016,0.000006,-0.015490,-0.000000,-0.000000,-0.124398
4.720000,-0.462422,0.000000,0.000000,-2.780276,0.000000,0.000000,0.000000,0.000000,0.000000,0.000000,0.000000,0.000000,0.000000,0.000000,-0.439784,0.000000,0.000000,-2.698274,0.000000,0.000000,0.000000,0.000000,0.000000,0.000000,0.000000,0.000000,0.000000,0.000000,-0.072373,0.000000,0.000000,-0.537561,0.000000,0.000000,0.000000,0.000000,0.000000,0.000000,0.000000,0.000000,0.000000,0.000000,0.000000,0.000000,0.000000,0.000005,-0.009538,0.000002,-0.000010,-0.065886,0.000000,0.000000,0.000000,0.000000,0.000000,0.000000,0.000000,0.000000,-0.000008,-0.000002,-0.005676,-0.000004,-0.000000,-0.059887,0.000000,0.000000,0.000000,0.000000,0.000000,0.000000,0.000000,-0.000004,0.000016,0.000006,-0.014915,-0.000000,-0.000000,-0.124391
4.730000,-0.440103,0.000000,0.000000,-2.756600,0.000000,0.000000,0.000000,0.000000,0.000000,0.000000,0.000000,0.000000,0.000000,0.000000,-0.418174,0.000000,0.000000,-2.673876,0.000000,0.000000,0.000000,0.000000,0.000000,0.000000,0.000000,0.000000,0.000000,0.000000,-0.067658,0.000000,0.000000,-0.521482,0.000000,0.000000,0.000000,0.000000,0.000000,0.000000,0.000000,0.000000,0.000000,0.000000,0.000000,0.000000,0.000000,0.000004,-0.009174,0.000002,-0.000010,-0.065881,0.000000,0.000000,0.000000,0.000000,0.000000,0.000000,0.000000,0.000000,-0.000007,-0.000002,-0.005461,-0.000004,-0.000000,-0.059885,0.000000,0.000000,0.000000,0.000000,0.000000,0.000000,0.000000,-0.000004,0.000015,0.000006,-0.014340,-0.000000,-0.000000,-0.124383
4.740000,-0.417901,0.000000,0.000000,-2.730102,0.000000,0.000000,0.000000,0.000000,0.000000,0.000000,0.000000,0.000000,0.000000,0.000000,-0.396686,0.000000,0.000000,-2.646659,0.000000,0.000000,0.000000,0.000000,0.000000,0.000000,0.000000,0.000000,0.000000,0.000000,-0.063065,0.000000,0.000000,-0.505128,0.000000,0.000000,0.000000,0.000000,0.000000,0.000000,0.000000,0.000000,0.000000,0.000000,0.000000,0.000000,0.000000,0.000004,-0.008810,0.000002,-0.000010,-0.065877,0.000000,0.000000,0.000000,0.000000,0.000000,0.000000,0.000000,0.000000,-0.000007,-0.000002,-0.005245,-0.000004,-0.000000,-0.059882,0.000000,0.000000,0.000000,0.000000,0.000000,0.000000,0.000000,-0.000004,0.000015,0.000005,-0.013764,-0.000000,-0.000000,-0.124376
4.750000,-0.395823,0.000000,0.000000,-2.700414,0.000000,0.000000,-0.000000,0.000000,-0.000000,0.000000,0.000000,-0.000000,-0.000000,0.000000,-0.375327,0.000000,0.000000,-2.616272,0.000000,0.000000,0.000000,0.000000,0.000000,0.000000,0.000000,0.000000,0.000000,0.000000,-0.058600,0.000000,0.000000,-0.488500,0.000000,0.000000,0.000000,0.000000,0.000000,0.000000,0.000000,0.000000,0.000000,0.000000,0.000000,0.000000,0.000000,0.000004,-0.008446,0.000002,-0.000009,-0.065872,0.000000,0.000000,0.000000,0.000000,0.000000,0.000000,0.000000,0.000000,-0.000007,-0.000002,-0.005030,-0.000003,-0.000000,-0.059879,0.000000,-0.000000,-0.000000,-0.000000,-0.000000,-0.000000,-0.000000,-0.000003,0.000014,0.000005,-0.013188,-0.000000,-0.000000,-0.124368
4.760000,-0.373880,0.000000,0.000000,-2.667110,0.000000,0.000000,0.000000,0.000000,0.000000,0.000000,0.000000,0.000000,0.000000,0.000000,-0.354111,0.000000,0.000000,-2.582316,0.000000,0.000000,0.000000,0.000000,0.000000,0.000000,0.000000,0.000000,0.000000,0.000000,-0.054266,0.000000,0.000000,-0.471600,0.000000,0.000000,0.000000,0.000000,0.000000,0.000000,0.000000,0.000000,0.000000,0.000000,0.000000,0.000000,0.000000,0.000004,-0.008081,0.000002,-0.000009,-0.065868,0.000000,0.000000,0.000000,0.000000,0.000000,0.000000,0.000000,0.000000,-0.000006,-0.000002,-0.004814,-0.000003,-0.000000,-0.059877,0.000000,0.000000,0.000000,0.000000,0.000000,0.000000,0.000000,-0.000003,0.000013,0.000005,-0.012610,-0.000000,-0.000000,-0.124361
4.770000,-0.352079,0.000000,0.000000,-2.629761,0.000000,0.000000,0.000000,0.000000,0.000000,0.000000,0.000000,0.000000,0.000000,0.000000,-0.333047,0.000000,0.000000,-2.544380,0.000000,0.000000,0.000000,0.000000,0.000000,0.000000,0.000000,0.000000,0.000000,0.000000,-0.050067,0.000000,0.000000,-0.454432,0.000000,0.000000,0.000000,0.000000,0.000000,0.000000,0.000000,0.000000,0.000000,0.000000,0.000000,0.000000,0.000000,0.000004,-0.007716,0.000002,-0.000008,-0.065863,0.000000,0.000000,0.000000,0.000000,0.000000,0.000000,0.000000,0.000000,-0.000006,-0.000002,-0.004598,-0.000003,-0.000000,-0.059874,0.000000,0.000000,0.000000,0.000000,0.000000,0.000000,0.000000,-0.000003,0.000013,0.000005,-0.012032,-0.000000,-0.000000,-0.124354
4.780000,-0.330433,0.000000,0.000000,-2.587875,0.000000,0.000000,0.000000,0.000000,0.000000,0.000000,0.000000,0.000000,0.000000,0.000000,-0.312149,0.000000,0.000000,-2.502004,0.000000,0.000000,0.000000,0.000000,0.000000,0.000000,0.000000,0.000000,0.000000,0.000000,-0.046009,0.000000,0.000000,-0.437000,0.000000,0.000000,0.000000,0.000000,0.000000,0.000000,0.000000,0.000000,0.000000,0.000000,0.000000,0.000000,0.000000,0.000003,-0.007350,0.000002,-0.000008,-0.065858,0.000000,0.000000,0.000000,0.000000,0.000000,0.000000,0.000000,0.000000,-0.000006,-0.000002,-0.004382,-0.000003,-0.000000,-0.059871,0.000000,0.000000,0.000000,0.000000,0.000000,0.000000,0.000000,-0.000003,0.000012,0.000004,-0.011454,-0.000000,-0.000000,-0.124346
4.790000,-0.308955,0.000000,0.000000,-2.540917,0.000000,0.000000,0.000000,0.000000,0.000000,0.000000,0.000000,0.000000,0.000000,0.000000,-0.291433,0.000000,0.000000,-2.454690,0.000000,0.000000,0.000000,0.000000,0.000000,0.000000,0.000000,0.000000,0.000000,0.000000,-0.042096,0.000000,0.000000,-0.419307,0.000000,0.000000,0.000000,0.000000,0.000000,0.000000,0.000000,0.000000,0.000000,0.000000,0.000000,0.000000,0.000000,0.000003,-0.006983,0.000001,-0.000008,-0.065854,0.000000,0.000000,0.000000,0.000000,0.000000,0.000000,0.000000,0.000000,-0.000005,-0.000001,-0.004165,-0.000003,-0.000000,-0.059868,0.000000,0.000000,0.000000,0.000000,0.000000,0.000000,0.000000,-0.000003,0.000011,0.000004,-0.010874,-0.000000,-0.000000,-0.124339
4.800000,-0.287664,0.000000,0.000000,-2.488309,0.000000,0.000000,-0.000000,0.000000,-0.000000,0.000000,0.000000,-0.000000,-0.000000,0.000000,-0.270920,0.000000,0.000000,-2.401904,0.000000,0.000000,0.000000,0.000000,0.000000,0.000000,0.000000,0.000000,0.000000,0.000000,-0.038332,0.000000,0.000000,-0.401359,0.000000,0.000000,0.000000,0.000000,0.000000,0.000000,0.000000,0.000000,0.000000,0.000000,0.000000,0.000000,0.000000,0.000003,-0.006616,0.000001,-0.000007,-0.065849,0.000000,0.000000,0.000000,0.000000,0.000000,0.000000,0.000000,0.000000,-0.000005,-0.000001,-0.003949,-0.000003,-0.000000,-0.059866,0.000000,-0.000000,-0.000000,-0.000000,-0.000000,-0.000000,-0.000000,-0.000003,0.000011,0.000004,-0.010295,-0.000000,-0.000000,-0.124331
4.810000,-0.266554,0.000000,0.000000,-2.427953,0.000000,0.000000,0.000000,0.000000,0.000000,0.000000,0.000000,0.000000,0.000000,0.000000,-0.250611,0.000000,0.000000,-2.341686,0.000000,0.000000,0.000000,0.000000,0.000000,0.000000,0.000000,0.000000,0.000000,0.000000,-0.034718,0.000000,0.000000,-0.383017,0.000000,0.000000,0.000000,0.000000,0.000000,0.000000,0.000000,0.000000,0.000000,0.000000,0.000000,0.000000,0.000000,0.000003,-0.006244,0.000001,-0.000007,-0.065845,0.000000,0.000000,0.000000,0.000000,0.000000,0.000000,0.000000,0.000000,-0.000005,-0.000001,-0.003730,-0.000002,-0.000000,-0.059863,0.000000,0.000000,0.000000,0.000000,0.000000,0.000000,0.000000,-0.000002,0.000010,0.000004,-0.009711,-0.000000,-0.000000,-0.124322
4.820000,-0.245692,0.000000,0.000000,-2.361155,0.000000,0.000000,0.000000,0.000000,0.000000,0.000000,0.000000,0.000000,0.000000,0.000000,-0.230571,0.000000,0.000000,-2.275290,0.000000,0.000000,0.000000,0.000000,0.000000,0.000000,0.000000,0.000000,0.000000,0.000000,-0.031263,0.000000,0.000000,-0.364478,0.000000,0.000000,0.000000,0.000000,0.000000,0.000000,0.000000,0.000000,0.000000,0.000000,0.000000,0.000000,0.000000,0.000003,-0.005873,0.000001,-0.000006,-0.065840,0.000000,0.000000,0.000000,0.000000,0.000000,0.000000,0.000000,0.000000,-0.000004,-0.000001,-0.003512,-0.000002,-0.000000,-0.059860,0.000000,0.000000,0.000000,0.000000,0.000000,0.000000,0.000000,-0.000002,0.000010,0.000004,-0.009128,-0.000000,-0.000000,-0.124314
4.830000,-0.225119,0.000000,0.000000,-2.287605,0.000000,0.000000,0.000000,0.000000,0.000000,0.000000,0.000000,0.000000,0.000000,0.000000,-0.210842,0.000000,0.000000,-2.202452,0.000000,0.000000,0.000000,0.000000,0.000000,0.000000,0.000000,0.000000,0.000000,0.000000,-0.027972,0.000000,0.000000,-0.345782,0.000000,0.000000,0.000000,0.000000,0.000000,0.000000,0.000000,0.000000,0.000000,0.000000,0.000000,0.000000,0.000000,0.000002,-0.005505,0.000001,-0.000006,-0.065836,0.000000,0.000000,0.000000,0.000000,0.000000,0.000000,0.000000,0.000000,-0.000004,-0.000001,-0.003294,-0.000002,-0.000000,-0.059857,0.000000,0.000000,0.000000,0.000000,0.000000,0.000000,0.000000,-0.000002,0.000009,0.000003,-0.008546,-0.000000,-0.000000,-0.124306
4.840000,-0.204884,0.000000,0.000000,-2.206762,0.000000,0.000000,0.000000,0.000000,0.000000,0.000000,0.000000,0.000000,0.000000,0.000000,-0.191474,0.000000,0.000000,-2.122699,0.000000,0.000000,0.000000,0.000000,0.000000,0.000000,0.000000,0.000000,0.000000,0.000000,-0.024848,0.000000,0.000000,-0.326953,0.000000,0.000000,0.000000,0.000000,0.000000,0.000000,0.000000,0.000000,0.000000,0.000000,0.000000,0.000000,0.000000,0.000002,-0.005139,0.000001,-0.000006,-0.065831,0.000000,0.000000,0.000000,0.000000,0.000000,0.000000,0.000000,0.000000,-0.000004,-0.000001,-0.003078,-0.000002,-0.000000,-0.059855,0.000000,0.000000,0.000000,0.000000,0.000000,0.000000,0.000000,-0.000002,0.000008,0.000003,-0.007966,-0.000000,-0.000000,-0.124300
4.850000,-0.185034,0.000000,0.000000,-2.117808,0.000000,0.000000,-0.000000,0.000000,-0.000000,0.000000,0.000000,-0.000000,-0.000000,0.000000,-0.172517,0.000000,0.000000,-2.035300,0.000000,0.000000,0.000000,0.000000,0.000000,0.000000,0.000000,0.000000,0.000000,0.000000,-0.021896,0.000000,0.000000,-0.307985,0.000000,0.000000,0.000000,0.000000,0.000000,0.000000,0.000000,0.000000,0.000000,0.000000,0.000000,0.000000,0.000000,0.000002,-0.004776,0.000001,-0.000005,-0.065826,0.000000,0.000000,0.000000,0.000000,0.000000,0.000000,0.000000,0.000000,-0.000003,-0.000001,-0.002864,-0.000002,-0.000000,-0.059852,0.000000,-0.000000,-0.000000,-0.000000,-0.000000,-0.000000,-0.000000,-0.000002,0.000008,0.000003,-0.007388,-0.000000,-0.000000,-0.124294
4.860000,-0.165623,0.000000,0.000000,-2.019627,0.000000,0.000000,0.000000,0.000000,0.000000,0.000000,0.000000,0.000000,0.000000,0.000000,-0.154027,0.000000,0.000000,-1.939251,0.000000,0.000000,0.000000,0.000000,0.000000,0.000000,0.000000,0.000000,0.000000,0.000000,-0.019118,0.000000,0.000000,-0.288847,0.000000,0.000000,0.000000,0.000000,0.000000,0.000000,0.000000,0.000000,0.000000,0.000000,0.000000,0.000000,0.000000,0.000002,-0.004414,0.000001,-0.000005,-0.065821,0.000000,0.000000,0.000000,0.000000,0.000000,0.000000,0.000000,0.000000,-0.000003,-0.000001,-0.002650,-0.000002,-0.000000,-0.059849,0.000000,0.000000,0.000000,0.000000,0.000000,0.000000,0.000000,-0.000002,0.000007,0.000003,-0.006810,-0.000000,-0.000000,-0.124289
4.870000,-0.146709,0.000000,0.000000,-1.910861,0.000000,0.000000,0.000000,0.000000,0.000000,0.000000,0.000000,0.000000,0.000000,0.000000,-0.136064,0.000000,0.000000,-1.833322,0.000000,0.000000,0.000000,0.000000,0.000000,0.000000,0.000000,0.000000,0.000000,0.000000,-0.016517,0.000000,0.000000,-0.269477,0.000000,0.000000,0.000000,0.000000,0.000000,0.000000,0.000000,0.000000,0.000000,0.000000,0.000000,0.000000,0.000000,0.000002,-0.004051,0.000001,-0.000004,-0.065816,0.000000,0.000000,0.000000,0.000000,0.000000,0.000000,0.000000,0.000000,-0.000003,-0.000001,-0.002435,-0.000002,-0.000000,-0.059847,0.000000,0.000000,0.000000,0.000000,0.000000,0.000000,0.000000,-0.000001,0.000007,0.000002,-0.006232,-0.000000,-0.000000,-0.124283
4.880000,-0.128359,0.000000,0.000000,-1.790031,0.000000,0.000000,0.000000,0.000000,0.000000,0.000000,0.000000,0.000000,0.000000,0.000000,-0.118695,0.000000,0.000000,-1.716173,0.000000,0.000000,0.000000,0.000000,0.000000,0.000000,0.000000,0.000000,0.000000,0.000000,-0.014095,0.000000,0.000000,-0.249800,0.000000,0.000000,0.000000,0.000000,0.000000,0.000000,0.000000,0.000000,0.000000,0.000000,0.000000,0.000000,0.000000,0.000002,-0.003684,0.000001,-0.000004,-0.065811,0.000000,0.000000,0.000000,0.000000,0.000000,0.000000,0.000000,0.000000,-0.000002,-0.000001,-0.002219,-0.000001,-0.000000,-0.059844,0.000000,0.000000,0.000000,0.000000,0.000000,0.000000,0.000000,-0.000001,0.000006,0.000002,-0.005650,-0.000000,-0.000000,-0.124277
4.890000,-0.110653,0.000000,0.000000,-1.655747,0.000000,0.000000,0.000000,0.000000,0.000000,0.000000,0.000000,0.000000,0.000000,0.000000,-0.102001,0.000000,0.000000,-1.586552,0.000000,0.000000,0.000000,0.000000,0.000000,0.000000,0.000000,0.000000,0.000000,0.000000,-0.011853,0.000000,0.000000,-0.229738,0.000000,0.000000,0.000000,0.000000,0.000000,0.000000,0.000000,0.000000,0.000000,0.000000,0.000000,0.000000,0.000000,0.000001,-0.003311,0.000001,-0.000004,-0.065807,0.000000,0.000000,0.000000,0.000000,0.000000,0.000000,0.000000,0.000000,-0.000002,-0.000001,-0.001999,-0.000001,-0.000000,-0.059841,0.000000,0.000000,0.000000,0.000000,0.000000,0.000000,0.000000,-0.000001,0.000005,0.000002,-0.005064,-0.000000,-0.000000,-0.124269
4.900000,-0.093690,0.000000,0.000000,-1.507028,0.000000,0.000000,-0.000000,0.000000,-0.000000,0.000000,0.000000,-0.000000,-0.000000,0.000000,-0.086076,0.000000,0.000000,-1.443585,0.000000,0.000000,0.000000,0.000000,0.000000,0.000000,0.000000,0.000000,0.000000,0.000000,-0.009792,0.000000,0.000000,-0.209243,0.000000,0.000000,0.000000,0.000000,0.000000,0.000000,0.000000,0.000000,0.000000,0.000000,0.000000,0.000000,0.000000,0.000001,-0.002927,0.000001,-0.000003,-0.065803,0.000000,0.000000,0.000000,0.000000,0.000000,0.000000,0.000000,0.000000,-0.000002,-0.000001,-0.001775,-0.000001,-0.000000,-0.059838,0.000000,-0.000000,-0.000000,-0.000000,-0.000000,-0.000000,-0.000000,-0.000001,0.000005,0.000002,-0.004472,-0.000000,-0.000000,-0.124256
4.910000,-0.077598,0.000000,0.000000,-1.343724,0.000000,0.000000,0.000000,0.000000,0.000000,0.000000,0.000000,0.000000,0.000000,0.000000,-0.071042,0.000000,0.000000,-1.287188,0.000000,0.000000,0.000000,0.000000,0.000000,0.000000,0.000000,0.000000,0.000000,0.000000,-0.007917,0.000000,0.000000,-0.188331,0.000000,0.000000,0.000000,0.000000,0.000000,0.000000,0.000000,0.000000,0.000000,0.000000,0.000000,0.000000,0.000000,0.000001,-0.002530,0.000001,-0.000003,-0.065800,0.000000,0.000000,0.000000,0.000000,0.000000,0.000000,0.000000,0.000000,-0.000002,-0.000001,-0.001546,-0.000001,-0.000000,-0.059835,0.000000,0.000000,0.000000,0.000000,0.000000,0.000000,0.000000,-0.000001,0.000004,0.000002,-0.003875,-0.000000,-0.000000,-0.124239
4.920000,-0.062543,0.000000,0.000000,-1.167090,0.000000,0.000000,0.000000,0.000000,0.000000,0.000000,0.000000,0.000000,0.000000,0.000000,-0.057051,0.000000,0.000000,-1.118587,0.000000,0.000000,0.000000,0.000000,0.000000,0.000000,0.000000,0.000000,0.000000,0.000000,-0.006233,0.000000,0.000000,-0.167135,0.000000,0.000000,0.000000,0.000000,0.000000,0.000000,0.000000,0.000000,0.000000,0.000000,0.000000,0.000000,0.000000,0.000001,-0.002122,0.000000,-0.000002,-0.065798,0.000000,0.000000,0.000000,0.000000,0.000000,0.000000,0.000000,0.000000,-0.000001,-0.000000,-0.001312,-0.000001,-0.000000,-0.059831,0.000000,0.000000,0.000000,0.000000,0.000000,0.000000,0.000000,-0.000001,0.000004,0.000001,-0.003276,-0.000000,0.000000,-0.124215
4.930000,-0.048744,0.000000,0.000000,-0.980487,0.000000,0.000000,0.000000,0.000000,0.000000,0.000000,0.000000,0.000000,0.000000,0.000000,-0.044301,0.000000,0.000000,-0.940985,0.000000,0.000000,0.000000,0.000000,0.000000,0.000000,0.000000,0.000000,0.000000,0.000000,-0.004748,0.000000,0.000000,-0.145965,0.000000,0.000000,0.000000,0.000000,0.000000,0.000000,0.000000,0.000000,0.000000,0.000000,0.000000,0.000000,0.000000,0.000001,-0.001707,0.000000,-0.000002,-0.065798,0.000000,0.000000,0.000000,0.000000,0.000000,0.000000,0.000000,0.000000,-0.000001,-0.000000,-0.001077,-0.000001,-0.000000,-0.059828,0.000000,0.000000,0.000000,0.000000,0.000000,0.000000,0.000000,-0.000001,0.000003,0.000001,-0.002686,-0.000000,0.000000,-0.124184
4.940000,-0.036491,0.000000,0.000000,-0.790251,0.000000,0.000000,0.000000,0.000000,0.000000,0.000000,0.000000,0.000000,0.000000,0.000000,-0.033049,0.000000,0.000000,-0.760379,0.000000,0.000000,0.000000,0.000000,0.000000,0.000000,0.000000,0.000000,0.000000,0.000000,-0.003477,0.000000,0.000000,-0.125388,0.000000,0.000000,0.000000,0.000000,0.000000,0.000000,0.000000,0.000000,0.000000,0.000000,0.000000,0.000000,0.000000,0.000000,-0.001294,0.000000,-0.000001,-0.065800,0.000000,0.000000,0.000000,0.000000,0.000000,0.000000,0.000000,0.000000,-0.000001,-0.000000,-0.000845,-0.000001,-0.000000,-0.059824,0.000000,0.000000,0.000000,0.000000,0.000000,0.000000,0.000000,-0.000000,0.000002,0.000001,-0.002118,-0.000000,0.000000,-0.124147
4.950000,-0.026162,0.000000,0.000000,-0.606741,0.000000,0.000000,-0.000000,0.000000,-0.000000,0.000000,0.000000,-0.000000,-0.000000,0.000000,-0.023627,0.000000,0.000000,-0.586535,0.000000,0.000000,0.000000,0.000000,0.000000,0.000000,0.000000,0.000000,0.000000,0.000000,-0.002443,0.000000,0.000000,-0.106326,0.000000,0.000000,0.000000,0.000000,0.000000,0.000000,0.000000,0.000000,0.000000,0.000000,0.000000,0.000000,0.000000,0.000000,-0.000902,0.000000,-0.000001,-0.065803,0.000000,0.000000,0.000000,0.000000,0.000000,0.000000,0.000000,0.000000,-0.000001,-0.000000,-0.000628,-0.000000,-0.000000,-0.059820,0.000000,-0.000000,-0.000000,-0.000000,-0.000000,-0.000000,-0.000000,-0.000000,0.000002,0.000001,-0.001597,-0.000000,0.000000,-0.124105
4.960000,-0.018249,0.000000,0.000000,-0.445567,0.000000,0.000000,0.000000,0.000000,0.000000,0.000000,0.000000,0.000000,0.000000,0.000000,-0.016463,0.000000,0.000000,-0.434145,0.000000,0.000000,0.000000,0.000000,0.000000,0.000000,0.000000,0.000000,0.000000,0.000000,-0.001677,0.000000,0.000000,-0.090162,0.000000,0.000000,0.000000,0.000000,0.000000,0.000000,0.000000,0.000000,0.000000,0.000000,0.000000,0.000000,0.000000,0.000000,-0.000561,0.000000,-0.000001,-0.065807,0.000000,0.000000,0.000000,0.000000,0.000000,0.000000,0.000000,0.000000,-0.000000,-0.000000,-0.000441,-0.000000,-0.000000,-0.059816,0.000000,0.000000,0.000000,0.000000,0.000000,0.000000,0.000000,-0.000000,0.000001,0.000000,-0.001160,-0.000000,0.000000,-0.124064
4.970000,-0.013383,0.000000,0.000000,-0.329022,0.000000,0.000000,0.000000,0.000000,0.000000,0.000000,0.000000,0.000000,0.000000,0.000000,-0.012101,0.000000,0.000000,-0.324170,0.000000,0.000000,0.000000,0.000000,0.000000,0.000000,0.000000,0.000000,0.000000,0.000000,-0.001223,0.000000,0.000000,-0.078875,0.000000,0.000000,0.000000,0.000000,0.000000,0.000000,0.000000,0.000000,0.000000,0.000000,0.000000,0.000000,0.000000,0.000000,-0.000316,0.000000,-0.000000,-0.065810,0.000000,0.000000,0.000000,0.000000,0.000000,0.000000,0.000000,0.000000,-0.000000,-0.000000,-0.000308,-0.000000,-0.000000,-0.059813,0.000000,0.000000,0.000000,0.000000,0.000000,0.000000,0.000000,-0.000000,0.000001,0.000000,-0.000859,-0.000000,0.000000,-0.124029
4.980000,-0.012366,0.000000,0.000000,-0.287742,0.000000,0.000000,0.000000,0.000000,0.000000,0.000000,0.000000,0.000000,0.000000,0.000000,-0.011231,0.000000,0.000000,-0.285396,0.000000,0.000000,0.000000,0.000000,0.000000,0.000000,0.000000,0.000000,0.000000,0.000000,-0.001142,0.000000,0.000000,-0.075190,0.000000,0.000000,0.000000,0.000000,0.000000,0.000000,0.000000,0.000000,0.000000,0.000000,0.000000,0.000000,0.000000,0.000000,-0.000229,0.000000,-0.000000,-0.065813,0.000000,0.000000,0.000000,0.000000,0.000000,0.000000,0.000000,0.000000,-0.000000,-0.000000,-0.000263,-0.000000,-0.000000,-0.059812,0.000000,0.000000,0.000000,0.000000,0.000000,0.000000,0.000000,-0.000000,0.000001,0.000000,-0.000763,-0.000000,0.000000,-0.124013
4.990000,-0.016207,0.000000,0.000000,-0.362579,0.000000,0.000000,0.000000,0.000000,0.000000,0.000000,0.000000,0.000000,0.000000,0.000000,-0.014716,0.000000,0.000000,-0.356197,0.000000,0.000000,0.000000,0.000000,0.000000,0.000000,0.000000,0.000000,0.000000,0.000000,-0.001514,0.000000,0.000000,-0.082754,0.000000,0.000000,0.000000,0.000000,0.000000,0.000000,0.000000,0.000000,0.000000,0.000000,0.000000,0.000000,0.000000,0.000000,-0.000386,0.000000,-0.000000,-0.065811,0.000000,0.000000,0.000000,0.000000,0.000000,0.000000,0.000000,0.000000,-0.000000,-0.000000,-0.000350,-0.000000,-0.000000,-0.059814,0.000000,0.000000,0.000000,0.000000,0.000000,0.000000,0.000000,-0.000000,0.000001,0.000000,-0.000968,-0.000000,0.000000,-0.124031
5.000000,-0.026162,0.000000,0.000000,-0.606741,0.000000,0.000000,-0.000000,0.000000,-0.000000,0.000000,0.000000,-0.000000,-0.000000,0.000000,-0.023627,0.000000,0.000000,-0.586535,0.000000,0.000000,0.000000,0.000000,0.000000,0.000000,0.000000,0.000000,0.000000,0.000000,-0.002443,0.000000,0.000000,-0.106326,0.000000,0.000000,0.000000,0.000000,0.000000,0.000000,0.000000,0.000000,0.000000,0.000000,0.000000,0.000000,0.000000,0.000000,-0.000902,0.000000,-0.000001,-0.065803,0.000000,0.000000,0.000000,0.000000,0.000000,0.000000,0.000000,0.000000,-0.000001,-0.000000,-0.000628,-0.000000,-0.000000,-0.059820,0.000000,-0.000000,-0.000000,-0.000000,-0.000000,-0.000000,-0.000000,-0.000000,0.000002,0.000001,-0.001597,-0.000000,0.000000,-0.124105
