time,k0_0,k0_1,k0_2,k0_3,k0_4,k0_5,k0_6,k0_7,k0_8,k0_9,k0_10,k0_11,k0_12,k1_0,k1_1,k1_2,k1_3,k1_4,k1_5,k1_6,k1_7,k1_8,k1_9,k1_10,k1_11,k1_12,k2_0,k2_1,k2_2,k2_3,k2_4,k2_5,k2_6,k2_7,k2_8,k2_9,k2_10,k2_11,k2_12,k3_0,k3_1,k3_2,k3_3,k3_4,k3_5,k3_6,k3_7,k3_8,k3_9,k3_10,k3_11,k3_12,k4_0,k4_1,k4_2,k4_3,k4_4,k4_5,k4_6,k4_7,k4_8,k4_9,k4_10,k4_11,k4_12,k5_0,k5_1,k5_2,k5_3,k5_4,k5_5,k5_6,k5_7,k5_8,k5_9,k5_10,k5_11,k5_12
0.000000,-1.462233,0.000000,0.000000,-1.857174,0.000000,0.000000,-0.000000,0.000000,-0.000000,0.000000,0.000000,-0.000000,0.000000,0.000000,-1.323767,0.000000,0.000000,-1.712753,0.000000,0.000000,0.000000,0.000000,0.000000,0.000000,0.000000,0.000000,0.000000,0.000000,-0.866791,0.000000,0.000000,-1.229296,0.000000,0.000000,0.000000,0.000000,0.000000,0.000000,0.000000,0.000000,0.000000,0.000000,0.000000,0.000000,0.000000,0.000264,-0.070950,0.000077,-0.000320,-0.072553,0.000007,-0.000015,0.000000,0.000000,0.000000,0.000000,0.000000,0.000000,-0.000322,-0.000084,-0.072657,-0.000280,-0.000008,-0.077878,-0.000001,-0.000000,-0.000000,-0.000000,-0.000000,-0.000000,-0.000000,-0.000186,0.000653,0.000521,-0.138241,-0.000001,-0.000000,-0.147655
0.010000,-1.462229,0.000000,0.000000,-1.857173,0.000000,0.000000,0.000000,0.000000,0.000000,0.000000,0.000000,0.000000,0.000000,0.000000,-1.323764,0.000000,0.000000,-1.712752,0.000000,0.000000,0.000000,0.000000,0.000000,0.000000,0.000000,0.000000,0.000000,0.000000,-0.866789,0.000000,0.000000,-1.229295,0.000000,0.000000,0.000000,0.000000,0.000000,0.000000,0.000000,0.000000,0.000000,0.000000,0.000000,0.000000,0.000000,0.000265,-0.070941,0.000079,-0.000316,-0.072553,0.000005,-0.000004,0.000000,0.000000,0.000000,0.000000,0.000000,0.000000,-0.000328,-0.000086,-0.072646,-0.000278,-0.000006,-0.077878,0.000003,0.000000,0.000000,0.000000,0.000000,0.000000,0.000000,-0.000182,0.000637,0.000514,-0.138221,-0.000000,-0.000000,-0.147654
0.020000,-1.462225,0.000000,0.000000,-1.857172,0.000000,0.000000,0.000000,0.000000,0.000000,0.000000,0.000000,0.000000,0.000000,0.000000,-1.323760,0.000000,0.000000,-1.712751,0.000000,0.000000,0.000000,0.000000,0.000000,0.000000,0.000000,0.000000,0.000000,0.000000,-0.866787,0.000000,0.000000,-1.229294,0.000000,0.000000,0.000000,0.000000,0.000000,0.000000,0.000000,0.000000,0.000000,0.000000,0.000000,0.000000,0.000000,0.000266,-0.070932,0.000080,-0.000313,-0.072553,0.000004,0.000002,0.000000,0.000000,0.000000,0.000000,0.000000,0.000000,-0.000331,-0.000087,-0.072634,-0.000276,-0.000004,-0.077878,0.000005,0.000000,0.000000,0.000000,0.000000,0.000000,0.000000,-0.000179,0.000625,0.000508,-0.138200,0.000000,-0.000000,-0.147654
0.030000,-1.462221,0.000000,0.000000,-1.857171,0.000000,0.000000,0.000000,0.000000,0.000000,0.000000,0.000000,0.000000,0.000000,0.000000,-1.323757,0.000000,0.000000,-1.712750,0.000000,0.000000,0.000000,0.000000,0.000000,0.000000,0.000000,0.000000,0.000000,0.000000,-0.866785,0.000000,0.000000,-1.229293,0.000000,0.000000,0.000000,0.000000,0.000000,0.000000,0.000000,0.000000,0.000000,0.000000,0.000000,0.000000,0.000000,0.000265,-0.070923,0.000081,-0.000311,-0.072552,0.000003,0.000006,0.000000,0.000000,0.000000,0.000000,0.000000,0.000000,-0.000332,-0.000088,-0.072623,-0.000275,-0.000003,-0.077878,0.000007,0.000000,0.000000,0.000000,0.000000,0.000000,0.000000,-0.000177,0.000617,0.000504,-0.138178,0.000000,-0.000001,-0.147654
0.040000,-1.462217,0.000000,0.000000,-1.857170,0.000000,0.000000,0.000000,0.000000,0.000000,0.000000,0.000000,0.000000,0.000000,0.000000,-1.323753,0.000000,0.000000,-1.712749,0.000000,0.000000,0.000000,0.000000,0.000000,0.000000,0.000000,0.000000,0.000000,0.000000,-0.866783,0.000000,0.000000,-1.229292,0.000000,0.000000,0.000000,0.000000,0.000000,0.000000,0.000000,0.000000,0.000000,0.000000,0.000000,0.000000,0.000000,0.000264,-0.070913,0.000081,-0.000309,-0.072552,0.000002,0.000008,0.000000,0.000000,0.000000,0.000000,0.000000,0.000000,-0.000332,-0.000088,-0.072611,-0.000273,-0.000003,-0.077878,0.000007,0.000000,0.000000,0.000000,0.000000,0.000000,0.000000,-0.000175,0.000611,0.000500,-0.138157,0.000001,-0.000001,-0.147654
0.050000,-1.462213,0.000000,0.000000,-1.857169,0.000000,0.000000,-0.000000,0.000000,-0.000000,0.000000,0.000000,-0.000000,-0.000000,0.000000,-1.323750,0.000000,0.000000,-1.712748,0.000000,0.000000,0.000000,0.000000,0.000000,0.000000,0.000000,0.000000,0.000000,0.000000,-0.866781,0.000000,0.000000,-1.229290,0.000000,0.000000,0.000000,0.000000,0.000000,0.000000,0.000000,0.000000,0.000000,0.000000,0.000000,0.000000,0.000000,0.000263,-0.070904,0.000081,-0.000307,-0.072552,0.000002,0.000010,0.000000,0.000000,0.000000,0.000000,0.000000,0.000000,-0.000331,-0.000088,-0.072599,-0.000271,-0.000002,-0.077878,0.000008,-0.000000,-0.000000,-0.000000,-0.000000,-0.000000,-0.000000,-0.000174,0.000606,0.000497,-0.138135,0.000001,-0.000001,-0.147653
0.060000,-1.462209,0.000000,0.000000,-1.857168,0.000000,0.000000,0.000000,0.000000,0.000000,0.000000,0.000000,0.000000,0.000000,0.000000,-1.323746,0.000000,0.000000,-1.712746,0.000000,0.000000,0.000000,0.000000,0.000000,0.000000,0.000000,0.000000,0.000000,0.000000,-0.866778,0.000000,0.000000,-1.229289,0.000000,0.000000,0.000000,0.000000,0.000000,0.000000,0.000000,0.000000,0.000000,0.000000,0.000000,0.000000,0.000000,0.000262,-0.070894,0.000081,-0.000305,-0.072552,0.000002,0.000010,0.000000,0.000000,0.000000,0.000000,0.000000,0.000000,-0.000329,-0.000088,-0.072588,-0.000270,-0.000002,-0.077877,0.000008,0.000000,0.000000,0.000000,0.000000,0.000000,0.000000,-0.000173,0.000601,0.000494,-0.138113,0.000001,-0.000001,-0.147653
0.070000,-1.462205,0.000000,0.000000,-1.857167,0.000000,0.000000,0.000000,0.000000,0.000000,0.000000,0.000000,0.000000,0.000000,0.000000,-1.323742,0.000000,0.000000,-1.712745,0.000000,0.000000,0.000000,0.000000,0.000000,0.000000,0.000000,0.000000,0.000000,0.000000,-0.866776,0.000000,0.000000,-1.229288,0.000000,0.000000,0.000000,0.000000,0.000000,0.000000,0.000000,0.000000,0.000000,0.000000,0.000000,0.000000,0.000000,0.000261,-0.070884,0.000080,-0.000303,-0.072552,0.000002,0.000010,0.000000,0.000000,0.000000,0.000000,0.000000,0.000000,-0.000327,-0.000087,-0.072576,-0.000268,-0.000002,-0.077877,0.000008,0.000000,0.000000,0.000000,0.000000,0.000000,0.000000,-0.000172,0.000598,0.000491,-0.138091,0.000001,-0.000001,-0.147653
0.080000,-1.462201,0.000000,0.000000,-1.857165,0.000000,0.000000,0.000000,0.000000,0.000000,0.000000,0.000000,0.000000,0.000000,0.000000,-1.323738,0.000000,0.000000,-1.712744,0.000000,0.000000,0.000000,0.000000,0.000000,0.000000,0.000000,0.000000,0.000000,0.000000,-0.866774,0.000000,0.000000,-1.229286,0.000000,0.000000,0.000000,0.000000,0.000000,0.000000,0.000000,0.000000,0.000000,0.000000,0.000000,0.000000,0.000000,0.000259,-0.070874,0.000080,-0.000301,-0.072552,0.000002,0.000010,0.000000,0.000000,0.000000,0.000000,0.000000,0.000000,-0.000325,-0.000087,-0.072564,-0.000267,-0.000002,-0.077877,0.000008,0.000000,0.000000,0.000000,0.000000,0.000000,0.000000,-0.000171,0.000594,0.000489,-0.138068,0.000001,-0.000001,-0.147652
0.090000,-1.462196,0.000000,0.000000,-1.857164,0.000000,0.000000,0.000000,0.000000,0.000000,0.000000,0.000000,0.000000,0.000000,0.000000,-1.323735,0.000000,0.000000,-1.712743,0.000000,0.000000,0.000000,0.000000,0.000000,0.000000,0.000000,0.000000,0.000000,0.000000,-0.866771,0.000000,0.000000,-1.229285,0.000000,0.000000,0.000000,0.000000,0.000000,0.000000,0.000000,0.000000,0.000000,0.000000,0.000000,0.000000,0.000000,0.000258,-0.070865,0.000080,-0.000300,-0.072552,0.000002,0.000010,0.000000,0.000000,0.000000,0.000000,0.000000,0.000000,-0.000323,-0.000086,-0.072552,-0.000266,-0.000002,-0.077877,0.000008,0.000000,0.000000,0.000000,0.000000,0.000000,0.000000,-0.000171,0.000591,0.000486,-0.138046,0.000001,-0.000001,-0.147652
0.100000,-1.462192,0.000000,0.000000,-1.857163,0.000000,0.000000,-0.000000,0.000000,-0.000000,0.000000,0.000000,-0.000000,-0.000000,0.000000,-1.323731,0.000000,0.000000,-1.712742,0.000000,0.000000,0.000000,0.000000,0.000000,0.000000,0.000000,0.000000,0.000000,0.000000,-0.866769,0.000000,0.000000,-1.229283,0.000000,0.000000,0.000000,0.000000,0.000000,0.000000,0.000000,0.000000,0.000000,0.000000,0.000000,0.000000,0.000000,0.000256,-0.070855,0.000079,-0.000298,-0.072552,0.000002,0.000009,0.000000,0.000000,0.000000,0.000000,0.000000,0.000000,-0.000321,-0.000086,-0.072539,-0.000264,-0.000002,-0.077877,0.000008,-0.000000,-0.000000,-0.000000,-0.000000,-0.000000,-0.000000,-0.000170,0.000587,0.000484,-0.138023,0.000001,-0.000001,-0.147652
0.110000,-1.462187,0.000000,0.000000,-1.857162,0.000000,0.000000,0.000000,0.000000,0.000000,0.000000,0.000000,0.000000,0.000000,0.000000,-1.323726,0.000000,0.000000,-1.712740,0.000000,0.000000,0.000000,0.000000,0.000000,0.000000,0.000000,0.000000,0.000000,0.000000,-0.866766,0.000000,0.000000,-1.229282,0.000000,0.000000,0.000000,0.000000,0.000000,0.000000,0.000000,0.000000,0.000000,0.000000,0.000000,0.000000,0.000000,0.000255,-0.070844,0.000079,-0.000296,-0.072551,0.000002,0.000009,0.000000,0.000000,0.000000,0.000000,0.000000,0.000000,-0.000319,-0.000085,-0.072527,-0.000263,-0.000002,-0.077877,0.000008,0.000000,0.000000,0.000000,0.000000,0.000000,0.000000,-0.000169,0.000584,0.000481,-0.138000,0.000001,-0.000001,-0.147652
0.120000,-1.462183,0.000000,0.000000,-1.857160,0.000000,0.000000,0.000000,0.000000,0.000000,0.000000,0.000000,0.000000,0.000000,0.000000,-1.323722,0.000000,0.000000,-1.712739,0.000000,0.000000,0.000000,0.000000,0.000000,0.000000,0.000000,0.000000,0.000000,0.000000,-0.866763,0.000000,0.000000,-1.229281,0.000000,0.000000,0.000000,0.000000,0.000000,0.000000,0.000000,0.000000,0.000000,0.000000,0.000000,0.000000,0.000000,0.000254,-0.070834,0.000078,-0.000294,-0.072551,0.000002,0.000009,0.000000,0.000000,0.000000,0.000000,0.000000,0.000000,-0.000317,-0.000085,-0.072514,-0.000261,-0.000002,-0.077877,0.000008,0.000000,0.000000,0.000000,0.000000,0.000000,0.000000,-0.000168,0.000581,0.000478,-0.137977,0.000001,-0.000001,-0.147651
0.130000,-1.462178,0.000000,0.000000,-1.857159,0.000000,0.000000,0.000000,0.000000,0.000000,0.000000,0.000000,0.000000,0.000000,0.000000,-1.323718,0.000000,0.000000,-1.712738,0.000000,0.000000,0.000000,0.000000,0.000000,0.000000,0.000000,0.000000,0.000000,0.000000,-0.866761,0.000000,0.000000,-1.229279,0.000000,0.000000,0.000000,0.000000,0.000000,0.000000,0.000000,0.000000,0.000000,0.000000,0.000000,0.000000,0.000000,0.000252,-0.070824,0.000078,-0.000292,-0.072551,0.000002,0.000009,0.000000,0.000000,0.000000,0.000000,0.000000,0.000000,-0.000315,-0.000085,-0.072502,-0.000260,-0.000002,-0.077876,0.000008,0.000000,0.000000,0.000000,0.000000,0.000000,0.000000,-0.000167,0.000577,0.000476,-0.137953,0.000001,-0.000001,-0.147651
0.140000,-1.462173,0.000000,0.000000,-1.857158,0.000000,0.000000,0.000000,0.000000,0.000000,0.000000,0.000000,0.000000,0.000000,0.000000,-1.323714,0.000000,0.000000,-1.712736,0.000000,0.000000,0.000000,0.000000,0.000000,0.000000,0.000000,0.000000,0.000000,0.000000,-0.866758,0.000000,0.000000,-1.229277,0.000000,0.000000,0.000000,0.000000,0.000000,0.000000,0.000000,0.000000,0.000000,0.000000,0.000000,0.000000,0.000000,0.000251,-0.070814,0.000078,-0.000291,-0.072551,0.000002,0.000009,0.000000,0.000000,0.000000,0.000000,0.000000,0.000000,-0.000313,-0.000084,-0.072489,-0.000258,-0.000002,-0.077876,0.000007,0.000000,0.000000,0.000000,0.000000,0.000000,0.000000,-0.000167,0.000573,0.000473,-0.137930,0.000001,-0.000001,-0.147651
0.150000,-1.462168,0.000000,0.000000,-1.857156,0.000000,0.000000,-0.000000,0.000000,-0.000000,0.000000,0.000000,-0.000000,-0.000000,0.000000,-1.323709,0.000000,0.000000,-1.712735,0.000000,0.000000,0.000000,0.000000,0.000000,0.000000,0.000000,0.000000,0.000000,0.000000,-0.866755,0.000000,0.000000,-1.229276,0.000000,0.000000,0.000000,0.000000,0.000000,0.000000,0.000000,0.000000,0.000000,0.000000,0.000000,0.000000,0.000000,0.000249,-0.070803,0.000077,-0.000289,-0.072551,0.000002,0.000009,0.000000,0.000000,0.000000,0.000000,0.000000,0.000000,-0.000312,-0.000084,-0.072476,-0.000257,-0.000002,-0.077876,0.000007,-0.000000,-0.000000,-0.000000,-0.000000,-0.000000,-0.000000,-0.000166,0.000570,0.000471,-0.137906,0.000001,-0.000001,-0.147650
0.160000,-1.462163,0.000000,0.000000,-1.857155,0.000000,0.000000,0.000000,0.000000,0.000000,0.000000,0.000000,0.000000,0.000000,0.000000,-1.323705,0.000000,0.000000,-1.712734,0.000000,0.000000,0.000000,0.000000,0.000000,0.000000,0.000000,0.000000,0.000000,0.000000,-0.866752,0.000000,0.000000,-1.229274,0.000000,0.000000,0.000000,0.000000,0.000000,0.000000,0.000000,0.000000,0.000000,0.000000,0.000000,0.000000,0.000000,0.000248,-0.070792,0.000077,-0.000287,-0.072551,0.000002,0.000009,0.000000,0.000000,0.000000,0.000000,0.000000,0.000000,-0.000310,-0.000083,-0.072463,-0.000256,-0.000002,-0.077876,0.000007,0.000000,0.000000,0.000000,0.000000,0.000000,0.000000,-0.000165,0.000566,0.000468,-0.137881,0.000001,-0.000001,-0.147650
0.170000,-1.462158,0.000000,0.000000,-1.857154,0.000000,0.000000,0.000000,0.000000,0.000000,0.000000,0.000000,0.000000,0.000000,0.000000,-1.323700,0.000000,0.000000,-1.712732,0.000000,0.000000,0.000000,0.000000,0.000000,0.000000,0.000000,0.000000,0.000000,0.000000,-0.866749,0.000000,0.000000,-1.229273,0.000000,0.000000,0.000000,0.000000,0.000000,0.000000,0.000000,0.000000,0.000000,0.000000,0.000000,0.000000,0.000000,0.000247,-0.070782,0.000077,-0.000285,-0.072551,0.000002,0.000009,0.000000,0.000000,0.000000,0.000000,0.000000,0.000000,-0.000308,-0.000083,-0.072450,-0.000254,-0.000002,-0.077876,0.000007,0.000000,0.000000,0.000000,0.000000,0.000000,0.000000,-0.000164,0.000563,0.000466,-0.137857,0.000001,-0.000001,-0.147650
0.180000,-1.462153,0.000000,0.000000,-1.857152,0.000000,0.000000,0.000000,0.000000,0.000000,0.000000,0.000000,0.000000,0.000000,0.000000,-1.323695,0.000000,0.000000,-1.712731,0.000000,0.000000,0.000000,0.000000,0.000000,0.000000,0.000000,0.000000,0.000000,0.000000,-0.866746,0.000000,0.000000,-1.229271,0.000000,0.000000,0.000000,0.000000,0.000000,0.000000,0.000000,0.000000,0.000000,0.000000,0.000000,0.000000,0.000000,0.000245,-0.070771,0.000076,-0.000284,-0.072550,0.000002,0.000009,0.000000,0.000000,0.000000,0.000000,0.000000,0.000000,-0.000306,-0.000083,-0.072437,-0.000253,-0.000002,-0.077876,0.000007,0.000000,0.000000,0.000000,0.000000,0.000000,0.000000,-0.000163,0.000560,0.000463,-0.137832,0.000001,-0.000001,-0.147649
0.190000,-1.462147,0.000000,0.000000,-1.857151,0.000000,0.000000,0.000000,0.000000,0.000000,0.000000,0.000000,0.000000,0.000000,0.000000,-1.323691,0.000000,0.000000,-1.712729,0.000000,0.000000,0.000000,0.000000,0.000000,0.000000,0.000000,0.000000,0.000000,0.000000,-0.866743,0.000000,0.000000,-1.229269,0.000000,0.000000,0.000000,0.000000,0.000000,0.000000,0.000000,0.000000,0.000000,0.000000,0.000000,0.000000,0.000000,0.000244,-0.070760,0.000076,-0.000282,-0.072550,0.000002,0.000009,0.000000,0.000000,0.000000,0.000000,0.000000,0.000000,-0.000304,-0.000082,-0.072424,-0.000252,-0.000002,-0.077875,0.000007,0.000000,0.000000,0.000000,0.000000,0.000000,0.000000,-0.000163,0.000556,0.000460,-0.137808,0.000001,-0.000001,-0.147649
0.200000,-1.462142,0.000000,0.000000,-1.857149,0.000000,0.000000,-0.000000,0.000000,-0.000000,0.000000,0.000000,-0.000000,-0.000000,0.000000,-1.323686,0.000000,0.000000,-1.712728,0.000000,0.000000,0.000000,0.000000,0.000000,0.000000,0.000000,0.000000,0.000000,0.000000,-0.866740,0.000000,0.000000,-1.229267,0.000000,0.000000,0.000000,0.000000,0.000000,0.000000,0.000000,0.000000,0.000000,0.000000,0.000000,0.000000,0.000000,0.000243,-0.070749,0.000076,-0.000280,-0.072550,0.000002,0.000009,0.000000,0.000000,0.000000,0.000000,0.000000,0.000000,-0.000302,-0.000082,-0.072410,-0.000250,-0.000002,-0.077875,0.000007,-0.000000,-0.000000,-0.000000,-0.000000,-0.000000,-0.000000,-0.000162,0.000553,0.000458,-0.137782,0.000001,-0.000001,-0.147649
0.210000,-1.462136,0.000000,0.000000,-1.857148,0.000000,0.000000,0.000000,0.000000,0.000000,0.000000,0.000000,0.000000,0.000000,0.000000,-1.323681,0.000000,0.000000,-1.712726,0.000000,0.000000,0.000000,0.000000,0.000000,0.000000,0.000000,0.000000,0.000000,0.000000,-0.866737,0.000000,0.000000,-1.229265,0.000000,0.000000,0.000000,0.000000,0.000000,0.000000,0.000000,0.000000,0.000000,0.000000,0.000000,0.000000,0.000000,0.000241,-0.070738,0.000075,-0.000279,-0.072550,0.000002,0.000009,0.000000,0.000000,0.000000,0.000000,0.000000,0.000000,-0.000301,-0.000082,-0.072396,-0.000249,-0.000002,-0.077875,0.000007,0.000000,0.000000,0.000000,0.000000,0.000000,0.000000,-0.000161,0.000549,0.000455,-0.137757,0.000001,-0.000001,-0.147648
0.220000,-1.462131,0.000000,0.000000,-1.857146,0.000000,0.000000,0.000000,0.000000,0.000000,0.000000,0.000000,0.000000,0.000000,0.000000,-1.323676,0.000000,0.000000,-1.712724,0.000000,0.000000,0.000000,0.000000,0.000000,0.000000,0.000000,0.000000,0.000000,0.000000,-0.866733,0.000000,0.000000,-1.229264,0.000000,0.000000,0.000000,0.000000,0.000000,0.000000,0.000000,0.000000,0.000000,0.000000,0.000000,0.000000,0.000000,0.000240,-0.070726,0.000075,-0.000277,-0.072550,0.000002,0.000009,0.000000,0.000000,0.000000,0.000000,0.000000,0.000000,-0.000299,-0.000081,-0.072383,-0.000247,-0.000002,-0.077875,0.000007,0.000000,0.000000,0.000000,0.000000,0.000000,0.000000,-0.000160,0.000546,0.000453,-0.137731,0.000001,-0.000001,-0.147648
0.230000,-1.462125,0.000000,0.000000,-1.857144,0.000000,0.000000,0.000000,0.000000,0.000000,0.000000,0.000000,0.000000,0.000000,0.000000,-1.323670,0.000000,0.000000,-1.712723,0.000000,0.000000,0.000000,0.000000,0.000000,0.000000,0.000000,0.000000,0.000000,0.000000,-0.866730,0.000000,0.000000,-1.229262,0.000000,0.000000,0.000000,0.000000,0.000000,0.000000,0.000000,0.000000,0.000000,0.000000,0.000000,0.000000,0.000000,0.000239,-0.070715,0.000075,-0.000275,-0.072550,0.000002,0.000009,0.000000,0.000000,0.000000,0.000000,0.000000,0.000000,-0.000297,-0.000081,-0.072369,-0.000246,-0.000002,-0.077875,0.000007,0.000000,0.000000,0.000000,0.000000,0.000000,0.000000,-0.000160,0.000543,0.000451,-0.137706,0.000001,-0.000001,-0.147648
0.240000,-1.462119,0.000000,0.000000,-1.857143,0.000000,0.000000,0.000000,0.000000,0.000000,0.000000,0.000000,0.000000,0.000000,0.000000,-1.323665,0.000000,0.000000,-1.712721,0.000000,0.000000,0.000000,0.000000,0.000000,0.000000,0.000000,0.000000,0.000000,0.000000,-0.866726,0.000000,0.000000,-1.229260,0.000000,0.000000,0.000000,0.000000,0.000000,0.000000,0.000000,0.000000,0.000000,0.000000,0.000000,0.000000,0.000000,0.000238,-0.070703,0.000074,-0.000273,-0.072550,0.000002,0.000009,0.000000,0.000000,0.000000,0.000000,0.000000,0.000000,-0.000295,-0.000080,-0.072355,-0.000245,-0.000002,-0.077875,0.000007,0.000000,0.000000,0.000000,0.000000,0.000000,0.000000,-0.000159,0.000539,0.000448,-0.137679,0.000001,-0.000001,-0.147647
0.250000,-1.462113,0.000000,0.000000,-1.857141,0.000000,0.000000,-0.000000,0.000000,-0.000000,0.000000,0.000000,-0.000000,-0.000000,0.000000,-1.323660,0.000000,0.000000,-1.712719,0.000000,0.000000,0.000000,0.000000,0.000000,0.000000,0.000000,0.000000,0.000000,0.000000,-0.866723,0.000000,0.000000,-1.229258,0.000000,0.000000,0.000000,0.000000,0.000000,0.000000,0.000000,0.000000,0.000000,0.000000,0.000000,0.000000,0.000000,0.000236,-0.070692,0.000074,-0.000272,-0.072549,0.000002,0.000009,0.000000,0.000000,0.000000,0.000000,0.000000,0.000000,-0.000293,-0.000080,-0.072341,-0.000243,-0.000002,-0.077874,0.000007,-0.000000,-0.000000,-0.000000,-0.000000,-0.000000,-0.000000,-0.000158,0.000536,0.000446,-0.137653,0.000001,-0.000001,-0.147647
0.260000,-1.462106,0.000000,0.000000,-1.857139,0.000000,0.000000,0.000000,0.000000,0.000000,0.000000,0.000000,0.000000,0.000000,0.000000,-1.323654,0.000000,0.000000,-1.712718,0.000000,0.000000,0.000000,0.000000,0.000000,0.000000,0.000000,0.000000,0.000000,0.000000,-0.866719,0.000000,0.000000,-1.229256,0.000000,0.000000,0.000000,0.000000,0.000000,0.000000,0.000000,0.000000,0.000000,0.000000,0.000000,0.000000,0.000000,0.000235,-0.070680,0.000073,-0.000270,-0.072549,0.000002,0.000009,0.000000,0.000000,0.000000,0.000000,0.000000,0.000000,-0.000291,-0.000080,-0.072326,-0.000242,-0.000002,-0.077874,0.000007,0.000000,0.000000,0.000000,0.000000,0.000000,0.000000,-0.000157,0.000533,0.000443,-0.137627,0.000001,-0.000001,-0.147647
0.270000,-1.462100,0.000000,0.000000,-1.857137,0.000000,0.000000,0.000000,0.000000,0.000000,0.000000,0.000000,0.000000,0.000000,0.000000,-1.323648,0.000000,0.000000,-1.712716,0.000000,0.000000,0.000000,0.000000,0.000000,0.000000,0.000000,0.000000,0.000000,0.000000,-0.866715,0.000000,0.000000,-1.229254,0.000000,0.000000,0.000000,0.000000,0.000000,0.000000,0.000000,0.000000,0.000000,0.000000,0.000000,0.000000,0.000000,0.000234,-0.070668,0.000073,-0.000268,-0.072549,0.000002,0.000009,0.000000,0.000000,0.000000,0.000000,0.000000,0.000000,-0.000290,-0.000079,-0.072312,-0.000241,-0.000002,-0.077874,0.000007,0.000000,0.000000,0.000000,0.000000,0.000000,0.000000,-0.000156,0.000529,0.000441,-0.137600,0.000001,-0.000001,-0.147646
0.280000,-1.462094,0.000000,0.000000,-1.857136,0.000000,0.000000,0.000000,0.000000,0.000000,0.000000,0.000000,0.000000,0.000000,0.000000,-1.323642,0.000000,0.000000,-1.712714,0.000000,0.000000,0.000000,0.000000,0.000000,0.000000,0.000000,0.000000,0.000000,0.000000,-0.866711,0.000000,0.000000,-1.229251,0.000000,0.000000,0.000000,0.000000,0.000000,0.000000,0.000000,0.000000,0.000000,0.000000,0.000000,0.000000,0.000000,0.000232,-0.070656,0.000073,-0.000267,-0.072549,0.000002,0.000009,0.000000,0.000000,0.000000,0.000000,0.000000,0.000000,-0.000288,-0.000079,-0.072297,-0.000239,-0.000002,-0.077874,0.000007,0.000000,0.000000,0.000000,0.000000,0.000000,0.000000,-0.000156,0.000526,0.000438,-0.137573,0.000001,-0.000001,-0.147646
0.290000,-1.462087,0.000000,0.000000,-1.857134,0.000000,0.000000,0.000000,0.000000,0.000000,0.000000,0.000000,0.000000,0.000000,0.000000,-1.323637,0.000000,0.000000,-1.712712,0.000000,0.000000,0.000000,0.000000,0.000000,0.000000,0.000000,0.000000,0.000000,0.000000,-0.866707,0.000000,0.000000,-1.229249,0.000000,0.000000,0.000000,0.000000,0.000000,0.000000,0.000000,0.000000,0.000000,0.000000,0.000000,0.000000,0.000000,0.000231,-0.070644,0.000072,-0.000265,-0.072549,0.000002,0.000009,0.000000,0.000000,0.000000,0.000000,0.000000,0.000000,-0.000286,-0.000079,-0.072283,-0.000238,-0.000002,-0.077874,0.000007,0.000000,0.000000,0.000000,0.000000,0.000000,0.000000,-0.000155,0.000523,0.000436,-0.137545,0.000001,-0.000001,-0.147646
0.300000,-1.462080,0.000000,0.000000,-1.857132,0.000000,0.000000,-0.000000,0.000000,-0.000000,0.000000,0.000000,-0.000000,-0.000000,0.000000,-1.323630,0.000000,0.000000,-1.712710,0.000000,0.000000,0.000000,0.000000,0.000000,0.000000,0.000000,0.000000,0.000000,0.000000,-0.866703,0.000000,0.000000,-1.229247,0.000000,0.000000,0.000000,0.000000,0.000000,0.000000,0.000000,0.000000,0.000000,0.000000,0.000000,0.000000,0.000000,0.000230,-0.070632,0.000072,-0.000263,-0.072549,0.000002,0.000009,0.000000,0.000000,0.000000,0.000000,0.000000,0.000000,-0.000284,-0.000078,-0.072268,-0.000237,-0.000002,-0.077873,0.000007,-0.000000,-0.000000,-0.000000,-0.000000,-0.000000,-0.000000,-0.000154,0.000519,0.000434,-0.137518,0.000001,-0.000001,-0.147645
0.310000,-1.462073,0.000000,0.000000,-1.857130,0.000000,0.000000,0.000000,0.000000,0.000000,0.000000,0.000000,0.000000,0.000000,0.000000,-1.323624,0.000000,0.000000,-1.712708,0.000000,0.000000,0.000000,0.000000,0.000000,0.000000,0.000000,0.000000,0.000000,0.000000,-0.866699,0.000000,0.000000,-1.229245,0.000000,0.000000,0.000000,0.000000,0.000000,0.000000,0.000000,0.000000,0.000000,0.000000,0.000000,0.000000,0.000000,0.000229,-0.070619,0.000072,-0.000262,-0.072549,0.000002,0.000009,0.000000,0.000000,0.000000,0.000000,0.000000,0.000000,-0.000283,-0.000078,-0.072253,-0.000236,-0.000002,-0.077873,0.000007,0.000000,0.000000,0.000000,0.000000,0.000000,0.000000,-0.000154,0.000516,0.000431,-0.137490,0.000001,-0.000001,-0.147645
0.320000,-1.462066,0.000000,0.000000,-1.857128,0.000000,0.000000,0.000000,0.000000,0.000000,0.000000,0.000000,0.000000,0.000000,0.000000,-1.323618,0.000000,0.000000,-1.712706,0.000000,0.000000,0.000000,0.000000,0.000000,0.000000,0.000000,0.000000,0.000000,0.000000,-0.866695,0.000000,0.000000,-1.229242,0.000000,0.000000,0.000000,0.000000,0.000000,0.000000,0.000000,0.000000,0.000000,0.000000,0.000000,0.000000,0.000000,0.000227,-0.070607,0.000071,-0.000260,-0.072548,0.000002,0.000009,0.000000,0.000000,0.000000,0.000000,0.000000,0.000000,-0.000281,-0.000077,-0.072238,-0.000234,-0.000002,-0.077873,0.000007,0.000000,0.000000,0.000000,0.000000,0.000000,0.000000,-0.000153,0.000513,0.000429,-0.137461,0.000001,-0.000001,-0.147645
0.330000,-1.462059,0.000000,0.000000,-1.857126,0.000000,0.000000,0.000000,0.000000,0.000000,0.000000,0.000000,0.000000,0.000000,0.000000,-1.323612,0.000000,0.000000,-1.712704,0.000000,0.000000,0.000000,0.000000,0.000000,0.000000,0.000000,0.000000,0.000000,0.000000,-0.866691,0.000000,0.000000,-1.229240,0.000000,0.000000,0.000000,0.000000,0.000000,0.000000,0.000000,0.000000,0.000000,0.000000,0.000000,0.000000,0.000000,0.000226,-0.070594,0.000071,-0.000258,-0.072548,0.000002,0.000009,0.000000,0.000000,0.000000,0.000000,0.000000,0.000000,-0.000279,-0.000077,-0.072222,-0.000233,-0.000002,-0.077873,0.000007,0.000000,0.000000,0.000000,0.000000,0.000000,0.000000,-0.000152,0.000510,0.000426,-0.137433,0.000001,-0.000001,-0.147644
0.340000,-1.462052,0.000000,0.000000,-1.857124,0.000000,0.000000,0.000000,0.000000,0.000000,0.000000,0.000000,0.000000,0.000000,0.000000,-1.323605,0.000000,0.000000,-1.712702,0.000000,0.000000,0.000000,0.000000,0.000000,0.000000,0.000000,0.000000,0.000000,0.000000,-0.866686,0.000000,0.000000,-1.229237,0.000000,0.000000,0.000000,0.000000,0.000000,0.000000,0.000000,0.000000,0.000000,0.000000,0.000000,0.000000,0.000000,0.000225,-0.070582,0.000071,-0.000257,-0.072548,0.000002,0.000009,0.000000,0.000000,0.000000,0.000000,0.000000,0.000000,-0.000277,-0.000077,-0.072207,-0.000232,-0.000002,-0.077873,0.000007,0.000000,0.000000,0.000000,0.000000,0.000000,0.000000,-0.000151,0.000506,0.000424,-0.137404,0.000001,-0.000001,-0.147644
0.350000,-1.462044,0.000000,0.000000,-1.857122,0.000000,0.000000,-0.000000,0.000000,-0.000000,0.000000,0.000000,-0.000000,-0.000000,0.000000,-1.323598,0.000000,0.000000,-1.712700,0.000000,0.000000,0.000000,0.000000,0.000000,0.000000,0.000000,0.000000,0.000000,0.000000,-0.866682,0.000000,0.000000,-1.229235,0.000000,0.000000,0.000000,0.000000,0.000000,0.000000,0.000000,0.000000,0.000000,0.000000,0.000000,0.000000,0.000000,0.000224,-0.070569,0.000070,-0.000255,-0.072548,0.000002,0.000009,0.000000,0.000000,0.000000,0.000000,0.000000,0.000000,-0.000276,-0.000076,-0.072191,-0.000230,-0.000002,-0.077872,0.000007,-0.000000,-0.000000,-0.000000,-0.000000,-0.000000,-0.000000,-0.000151,0.000503,0.000422,-0.137375,0.000001,-0.000001,-0.147643
0.360000,-1.462037,0.000000,0.000000,-1.857120,0.000000,0.000000,0.000000,0.000000,0.000000,0.000000,0.000000,0.000000,0.000000,0.000000,-1.323591,0.000000,0.000000,-1.712698,0.000000,0.000000,0.000000,0.000000,0.000000,0.000000,0.000000,0.000000,0.000000,0.000000,-0.866677,0.000000,0.000000,-1.229232,0.000000,0.000000,0.000000,0.000000,0.000000,0.000000,0.000000,0.000000,0.000000,0.000000,0.000000,0.000000,0.000000,0.000222,-0.070556,0.000070,-0.000254,-0.072548,0.000002,0.000009,0.000000,0.000000,0.000000,0.000000,0.000000,0.000000,-0.000274,-0.000076,-0.072176,-0.000229,-0.000002,-0.077872,0.000007,0.000000,0.000000,0.000000,0.000000,0.000000,0.000000,-0.000150,0.000500,0.000419,-0.137346,0.000001,-0.000001,-0.147643
0.370000,-1.462029,0.000000,0.000000,-1.857118,0.000000,0.000000,0.000000,0.000000,0.000000,0.000000,0.000000,0.000000,0.000000,0.000000,-1.323584,0.000000,0.000000,-1.712696,0.000000,0.000000,0.000000,0.000000,0.000000,0.000000,0.000000,0.000000,0.000000,0.000000,-0.866672,0.000000,0.000000,-1.229229,0.000000,0.000000,0.000000,0.000000,0.000000,0.000000,0.000000,0.000000,0.000000,0.000000,0.000000,0.000000,0.000000,0.000221,-0.070543,0.000070,-0.000252,-0.072548,0.000002,0.000009,0.000000,0.000000,0.000000,0.000000,0.000000,0.000000,-0.000272,-0.000076,-0.072160,-0.000228,-0.000002,-0.077872,0.000007,0.000000,0.000000,0.000000,0.000000,0.000000,0.000000,-0.000149,0.000497,0.000417,-0.137316,0.000001,-0.000001,-0.147643
0.380000,-1.462021,0.000000,0.000000,-1.857115,0.000000,0.000000,0.000000,0.000000,0.000000,0.000000,0.000000,0.000000,0.000000,0.000000,-1.323577,0.000000,0.000000,-1.712693,0.000000,0.000000,0.000000,0.000000,0.000000,0.000000,0.000000,0.000000,0.000000,0.000000,-0.866667,0.000000,0.000000,-1.229227,0.000000,0.000000,0.000000,0.000000,0.000000,0.000000,0.000000,0.000000,0.000000,0.000000,0.000000,0.000000,0.000000,0.000220,-0.070529,0.000069,-0.000250,-0.072547,0.000002,0.000009,0.000000,0.000000,0.000000,0.000000,0.000000,0.000000,-0.000270,-0.000075,-0.072144,-0.000227,-0.000002,-0.077872,0.000007,0.000000,0.000000,0.000000,0.000000,0.000000,0.000000,-0.000148,0.000493,0.000415,-0.137287,0.000001,-0.000001,-0.147642
0.390000,-1.462013,0.000000,0.000000,-1.857113,0.000000,0.000000,0.000000,0.000000,0.000000,0.000000,0.000000,0.000000,0.000000,0.000000,-1.323570,0.000000,0.000000,-1.712691,0.000000,0.000000,0.000000,0.000000,0.000000,0.000000,0.000000,0.000000,0.000000,0.000000,-0.866662,0.000000,0.000000,-1.229224,0.000000,0.000000,0.000000,0.000000,0.000000,0.000000,0.000000,0.000000,0.000000,0.000000,0.000000,0.000000,0.000000,0.000219,-0.070516,0.000069,-0.000249,-0.072547,0.000002,0.000008,0.000000,0.000000,0.000000,0.000000,0.000000,0.000000,-0.000269,-0.000075,-0.072128,-0.000225,-0.000002,-0.077872,0.000007,0.000000,0.000000,0.000000,0.000000,0.000000,0.000000,-0.000148,0.000490,0.000412,-0.137257,0.000001,-0.000001,-0.147642
0.400000,-1.462005,0.000000,0.000000,-1.857111,0.000000,0.000000,-0.000000,0.000000,-0.000000,0.000000,0.000000,-0.000000,-0.000000,0.000000,-1.323562,0.000000,0.000000,-1.712689,0.000000,0.000000,0.000000,0.000000,0.000000,0.000000,0.000000,0.000000,0.000000,0.000000,-0.866657,0.000000,0.000000,-1.229221,0.000000,0.000000,0.000000,0.000000,0.000000,0.000000,0.000000,0.000000,0.000000,0.000000,0.000000,0.000000,0.000000,0.000218,-0.070502,0.000069,-0.000247,-0.072547,0.000002,0.000008,0.000000,0.000000,0.000000,0.000000,0.000000,0.000000,-0.000267,-0.000075,-0.072111,-0.000224,-0.000002,-0.077871,0.000007,-0.000000,-0.000000,-0.000000,-0.000000,-0.000000,-0.000000,-0.000147,0.000487,0.000410,-0.137226,0.000001,-0.000001,-0.147641
0.410000,-1.461996,0.000000,0.000000,-1.857109,0.000000,0.000000,0.000000,0.000000,0.000000,0.000000,0.000000,0.000000,0.000000,0.000000,-1.323555,0.000000,0.000000,-1.712686,0.000000,0.000000,0.000000,0.000000,0.000000,0.000000,0.000000,0.000000,0.000000,0.000000,-0.866652,0.000000,0.000000,-1.229218,0.000000,0.000000,0.000000,0.000000,0.000000,0.000000,0.000000,0.000000,0.000000,0.000000,0.000000,0.000000,0.000000,0.000216,-0.070489,0.000068,-0.000246,-0.072547,0.000002,0.000008,0.000000,0.000000,0.000000,0.000000,0.000000,0.000000,-0.000265,-0.000074,-0.072095,-0.000223,-0.000002,-0.077871,0.000007,0.000000,0.000000,0.000000,0.000000,0.000000,0.000000,-0.000146,0.000484,0.000408,-0.137195,0.000001,-0.000001,-0.147641
0.420000,-1.461987,0.000000,0.000000,-1.857106,0.000000,0.000000,0.000000,0.000000,0.000000,0.000000,0.000000,0.000000,0.000000,0.000000,-1.323547,0.000000,0.000000,-1.712684,0.000000,0.000000,0.000000,0.000000,0.000000,0.000000,0.000000,0.000000,0.000000,0.000000,-0.866647,0.000000,0.000000,-1.229215,0.000000,0.000000,0.000000,0.000000,0.000000,0.000000,0.000000,0.000000,0.000000,0.000000,0.000000,0.000000,0.000000,0.000215,-0.070475,0.000068,-0.000244,-0.072547,0.000002,0.000008,0.000000,0.000000,0.000000,0.000000,0.000000,0.000000,-0.000264,-0.000074,-0.072078,-0.000222,-0.000002,-0.077871,0.000007,0.000000,0.000000,0.000000,0.000000,0.000000,0.000000,-0.000146,0.000481,0.000406,-0.137164,0.000001,-0.000001,-0.147641
0.430000,-1.461979,0.000000,0.000000,-1.857104,0.000000,0.000000,0.000000,0.000000,0.000000,0.000000,0.000000,0.000000,0.000000,0.000000,-1.323539,0.000000,0.000000,-1.712681,0.000000,0.000000,0.000000,0.000000,0.000000,0.000000,0.000000,0.000000,0.000000,0.000000,-0.866641,0.000000,0.000000,-1.229212,0.000000,0.000000,0.000000,0.000000,0.000000,0.000000,0.000000,0.000000,0.000000,0.000000,0.000000,0.000000,0.000000,0.000214,-0.070461,0.000068,-0.000242,-0.072547,0.000002,0.000008,0.000000,0.000000,0.000000,0.000000,0.000000,0.000000,-0.000262,-0.000074,-0.072062,-0.000220,-0.000002,-0.077871,0.000007,0.000000,0.000000,0.000000,0.000000,0.000000,0.000000,-0.000145,0.000478,0.000403,-0.137133,0.000001,-0.000001,-0.147640
0.440000,-1.461970,0.000000,0.000000,-1.857101,0.000000,0.000000,0.000000,0.000000,0.000000,0.000000,0.000000,0.000000,0.000000,0.000000,-1.323531,0.000000,0.000000,-1.712679,0.000000,0.000000,0.000000,0.000000,0.000000,0.000000,0.000000,0.000000,0.000000,0.000000,-0.866636,0.000000,0.000000,-1.229209,0.000000,0.000000,0.000000,0.000000,0.000000,0.000000,0.000000,0.000000,0.000000,0.000000,0.000000,0.000000,0.000000,0.000213,-0.070447,0.000067,-0.000241,-0.072546,0.000002,0.000008,0.000000,0.000000,0.000000,0.000000,0.000000,0.000000,-0.000260,-0.000073,-0.072045,-0.000219,-0.000002,-0.077871,0.000006,0.000000,0.000000,0.000000,0.000000,0.000000,0.000000,-0.000144,0.000475,0.000401,-0.137102,0.000001,-0.000001,-0.147640
0.450000,-1.461960,0.000000,0.000000,-1.857099,0.000000,0.000000,-0.000000,0.000000,-0.000000,0.000000,0.000000,-0.000000,-0.000000,0.000000,-1.323523,0.000000,0.000000,-1.712676,0.000000,0.000000,0.000000,0.000000,0.000000,0.000000,0.000000,0.000000,0.000000,0.000000,-0.866630,0.000000,0.000000,-1.229206,0.000000,0.000000,0.000000,0.000000,0.000000,0.000000,0.000000,0.000000,0.000000,0.000000,0.000000,0.000000,0.000000,0.000212,-0.070433,0.000067,-0.000239,-0.072546,0.000002,0.000008,0.000000,0.000000,0.000000,0.000000,0.000000,0.000000,-0.000259,-0.000073,-0.072027,-0.000218,-0.000002,-0.077870,0.000006,-0.000000,-0.000000,-0.000000,-0.000000,-0.000000,-0.000000,-0.000144,0.000471,0.000399,-0.137070,0.000001,-0.000001,-0.147639
0.460000,-1.461951,0.000000,0.000000,-1.857096,0.000000,0.000000,0.000000,0.000000,0.000000,0.000000,0.000000,0.000000,0.000000,0.000000,-1.323514,0.000000,0.000000,-1.712674,0.000000,0.000000,0.000000,0.000000,0.000000,0.000000,0.000000,0.000000,0.000000,0.000000,-0.866624,0.000000,0.000000,-1.229202,0.000000,0.000000,0.000000,0.000000,0.000000,0.000000,0.000000,0.000000,0.000000,0.000000,0.000000,0.000000,0.000000,0.000210,-0.070418,0.000067,-0.000238,-0.072546,0.000002,0.000008,0.000000,0.000000,0.000000,0.000000,0.000000,0.000000,-0.000257,-0.000073,-0.072010,-0.000217,-0.000002,-0.077870,0.000006,0.000000,0.000000,0.000000,0.000000,0.000000,0.000000,-0.000143,0.000468,0.000397,-0.137037,0.000001,-0.000001,-0.147639
0.470000,-1.461941,0.000000,0.000000,-1.857093,0.000000,0.000000,0.000000,0.000000,0.000000,0.000000,0.000000,0.000000,0.000000,0.000000,-1.323505,0.000000,0.000000,-1.712671,0.000000,0.000000,0.000000,0.000000,0.000000,0.000000,0.000000,0.000000,0.000000,0.000000,-0.866618,0.000000,0.000000,-1.229199,0.000000,0.000000,0.000000,0.000000,0.000000,0.000000,0.000000,0.000000,0.000000,0.000000,0.000000,0.000000,0.000000,0.000209,-0.070404,0.000067,-0.000236,-0.072546,0.000002,0.000008,0.000000,0.000000,0.000000,0.000000,0.000000,0.000000,-0.000255,-0.000072,-0.071993,-0.000216,-0.000002,-0.077870,0.000006,0.000000,0.000000,0.000000,0.000000,0.000000,0.000000,-0.000142,0.000465,0.000394,-0.137005,0.000001,-0.000001,-0.147639
0.480000,-1.461932,0.000000,0.000000,-1.857091,0.000000,0.000000,0.000000,0.000000,0.000000,0.000000,0.000000,0.000000,0.000000,0.000000,-1.323497,0.000000,0.000000,-1.712668,0.000000,0.000000,0.000000,0.000000,0.000000,0.000000,0.000000,0.000000,0.000000,0.000000,-0.866612,0.000000,0.000000,-1.229196,0.000000,0.000000,0.000000,0.000000,0.000000,0.000000,0.000000,0.000000,0.000000,0.000000,0.000000,0.000000,0.000000,0.000208,-0.070389,0.000066,-0.000235,-0.072546,0.000002,0.000008,0.000000,0.000000,0.000000,0.000000,0.000000,0.000000,-0.000254,-0.000072,-0.071975,-0.000214,-0.000002,-0.077870,0.000006,0.000000,0.000000,0.000000,0.000000,0.000000,0.000000,-0.000142,0.000462,0.000392,-0.136972,0.000001,-0.000001,-0.147638
0.490000,-1.461922,0.000000,0.000000,-1.857088,0.000000,0.000000,0.000000,0.000000,0.000000,0.000000,0.000000,0.000000,0.000000,0.000000,-1.323488,0.000000,0.000000,-1.712665,0.000000,0.000000,0.000000,0.000000,0.000000,0.000000,0.000000,0.000000,0.000000,0.000000,-0.866605,0.000000,0.000000,-1.229192,0.000000,0.000000,0.000000,0.000000,0.000000,0.000000,0.000000,0.000000,0.000000,0.000000,0.000000,0.000000,0.000000,0.000207,-0.070375,0.000066,-0.000233,-0.072545,0.000002,0.000008,0.000000,0.000000,0.000000,0.000000,0.000000,0.000000,-0.000252,-0.000072,-0.071957,-0.000213,-0.000002,-0.077869,0.000006,0.000000,0.000000,0.000000,0.000000,0.000000,0.000000,-0.000141,0.000459,0.000390,-0.136939,0.000001,-0.000001,-0.147638
0.500000,-1.461911,0.000000,0.000000,-1.857085,0.000000,0.000000,-0.000000,0.000000,-0.000000,0.000000,0.000000,-0.000000,-0.000000,0.000000,-1.323478,0.000000,0.000000,-1.712662,0.000000,0.000000,0.000000,0.000000,0.000000,0.000000,0.000000,0.000000,0.000000,0.000000,-0.866599,0.000000,0.000000,-1.229189,0.000000,0.000000,0.000000,0.000000,0.000000,0.000000,0.000000,0.000000,0.000000,0.000000,0.000000,0.000000,0.000000,0.000206,-0.070360,0.000066,-0.000231,-0.072545,0.000002,0.000008,0.000000,0.000000,0.000000,0.000000,0.000000,0.000000,-0.000250,-0.000071,-0.071939,-0.000212,-0.000002,-0.077869,0.000006,-0.000000,-0.000000,-0.000000,-0.000000,-0.000000,-0.000000,-0.000140,0.000456,0.000388,-0.136906,0.000001,-0.000001,-0.147637
0.510000,-1.461901,0.000000,0.000000,-1.857082,0.000000,0.000000,0.000000,0.000000,0.000000,0.000000,0.000000,0.000000,0.000000,0.000000,-1.323469,0.000000,0.000000,-1.712659,0.000000,0.000000,0.000000,0.000000,0.000000,0.000000,0.000000,0.000000,0.000000,0.000000,-0.866592,0.000000,0.000000,-1.229185,0.000000,0.000000,0.000000,0.000000,0.000000,0.000000,0.000000,0.000000,0.000000,0.000000,0.000000,0.000000,0.000000,0.000205,-0.070345,0.000065,-0.000230,-0.072545,0.000002,0.000008,0.000000,0.000000,0.000000,0.000000,0.000000,0.000000,-0.000249,-0.000071,-0.071921,-0.000211,-0.000002,-0.077869,0.000006,0.000000,0.000000,0.000000,0.000000,0.000000,0.000000,-0.000140,0.000453,0.000386,-0.136872,0.000001,-0.000001,-0.147637
0.520000,-1.461890,0.000000,0.000000,-1.857079,0.000000,0.000000,0.000000,0.000000,0.000000,0.000000,0.000000,0.000000,0.000000,0.000000,-1.323459,0.000000,0.000000,-1.712656,0.000000,0.000000,0.000000,0.000000,0.000000,0.000000,0.000000,0.000000,0.000000,0.000000,-0.866586,0.000000,0.000000,-1.229181,0.000000,0.000000,0.000000,0.000000,0.000000,0.000000,0.000000,0.000000,0.000000,0.000000,0.000000,0.000000,0.000000,0.000204,-0.070329,0.000065,-0.000228,-0.072545,0.000002,0.000008,0.000000,0.000000,0.000000,0.000000,0.000000,0.000000,-0.000247,-0.000071,-0.071903,-0.000210,-0.000002,-0.077869,0.000006,0.000000,0.000000,0.000000,0.000000,0.000000,0.000000,-0.000139,0.000450,0.000384,-0.136838,0.000001,-0.000001,-0.147636
0.530000,-1.461880,0.000000,0.000000,-1.857076,0.000000,0.000000,0.000000,0.000000,0.000000,0.000000,0.000000,0.000000,0.000000,0.000000,-1.323450,0.000000,0.000000,-1.712653,0.000000,0.000000,0.000000,0.000000,0.000000,0.000000,0.000000,0.000000,0.000000,0.000000,-0.866579,0.000000,0.000000,-1.229177,0.000000,0.000000,0.000000,0.000000,0.000000,0.000000,0.000000,0.000000,0.000000,0.000000,0.000000,0.000000,0.000000,0.000202,-0.070314,0.000065,-0.000227,-0.072545,0.000002,0.000008,0.000000,0.000000,0.000000,0.000000,0.000000,0.000000,-0.000245,-0.000070,-0.071885,-0.000209,-0.000002,-0.077869,0.000006,0.000000,0.000000,0.000000,0.000000,0.000000,0.000000,-0.000138,0.000447,0.000381,-0.136803,0.000001,-0.000001,-0.147636
0.540000,-1.461868,0.000000,0.000000,-1.857073,0.000000,0.000000,0.000000,0.000000,0.000000,0.000000,0.000000,0.000000,0.000000,0.000000,-1.323440,0.000000,0.000000,-1.712650,0.000000,0.000000,0.000000,0.000000,0.000000,0.000000,0.000000,0.000000,0.000000,0.000000,-0.866572,0.000000,0.000000,-1.229173,0.000000,0.000000,0.000000,0.000000,0.000000,0.000000,0.000000,0.000000,0.000000,0.000000,0.000000,0.000000,0.000000,0.000201,-0.070298,0.000064,-0.000225,-0.072545,0.000002,0.000008,0.000000,0.000000,0.000000,0.000000,0.000000,0.000000,-0.000244,-0.000070,-0.071866,-0.000207,-0.000002,-0.077868,0.000006,0.000000,0.000000,0.000000,0.000000,0.000000,0.000000,-0.000138,0.000444,0.000379,-0.136769,0.000001,-0.000001,-0.147635
0.550000,-1.461857,0.000000,0.000000,-1.857070,0.000000,0.000000,-0.000000,0.000000,-0.000000,0.000000,0.000000,-0.000000,-0.000000,0.000000,-1.323429,0.000000,0.000000,-1.712647,0.000000,0.000000,0.000000,0.000000,0.000000,0.000000,0.000000,0.000000,0.000000,0.000000,-0.866564,0.000000,0.000000,-1.229169,0.000000,0.000000,0.000000,0.000000,0.000000,0.000000,0.000000,0.000000,0.000000,0.000000,0.000000,0.000000,0.000000,0.000200,-0.070283,0.000064,-0.000224,-0.072544,0.000002,0.000008,0.000000,0.000000,0.000000,0.000000,0.000000,0.000000,-0.000242,-0.000070,-0.071847,-0.000206,-0.000002,-0.077868,0.000006,-0.000000,-0.000000,-0.000000,-0.000000,-0.000000,-0.000000,-0.000137,0.000441,0.000377,-0.136733,0.000001,-0.000001,-0.147635
0.560000,-1.461846,0.000000,0.000000,-1.857067,0.000000,0.000000,0.000000,0.000000,0.000000,0.000000,0.000000,0.000000,0.000000,0.000000,-1.323419,0.000000,0.000000,-1.712644,0.000000,0.000000,0.000000,0.000000,0.000000,0.000000,0.000000,0.000000,0.000000,0.000000,-0.866557,0.000000,0.000000,-1.229165,0.000000,0.000000,0.000000,0.000000,0.000000,0.000000,0.000000,0.000000,0.000000,0.000000,0.000000,0.000000,0.000000,0.000199,-0.070267,0.000064,-0.000222,-0.072544,0.000002,0.000008,0.000000,0.000000,0.000000,0.000000,0.000000,0.000000,-0.000241,-0.000069,-0.071828,-0.000205,-0.000002,-0.077868,0.000006,0.000000,0.000000,0.000000,0.000000,0.000000,0.000000,-0.000136,0.000438,0.000375,-0.136698,0.000001,-0.000001,-0.147634
0.570000,-1.461834,0.000000,0.000000,-1.857063,0.000000,0.000000,0.000000,0.000000,0.000000,0.000000,0.000000,0.000000,0.000000,0.000000,-1.323408,0.000000,0.000000,-1.712640,0.000000,0.000000,0.000000,0.000000,0.000000,0.000000,0.000000,0.000000,0.000000,0.000000,-0.866549,0.000000,0.000000,-1.229161,0.000000,0.000000,0.000000,0.000000,0.000000,0.000000,0.000000,0.000000,0.000000,0.000000,0.000000,0.000000,0.000000,0.000198,-0.070251,0.000063,-0.000221,-0.072544,0.000002,0.000008,0.000000,0.000000,0.000000,0.000000,0.000000,0.000000,-0.000239,-0.000069,-0.071809,-0.000204,-0.000002,-0.077868,0.000006,0.000000,0.000000,0.000000,0.000000,0.000000,0.000000,-0.000136,0.000435,0.000373,-0.136662,0.000001,-0.000001,-0.147634
0.580000,-1.461822,0.000000,0.000000,-1.857060,0.000000,0.000000,0.000000,0.000000,0.000000,0.000000,0.000000,0.000000,0.000000,0.000000,-1.323397,0.000000,0.000000,-1.712637,0.000000,0.000000,0.000000,0.000000,0.000000,0.000000,0.000000,0.000000,0.000000,0.000000,-0.866542,0.000000,0.000000,-1.229157,0.000000,0.000000,0.000000,0.000000,0.000000,0.000000,0.000000,0.000000,0.000000,0.000000,0.000000,0.000000,0.000000,0.000197,-0.070235,0.000063,-0.000219,-0.072544,0.000002,0.000008,0.000000,0.000000,0.000000,0.000000,0.000000,0.000000,-0.000237,-0.000069,-0.071790,-0.000203,-0.000002,-0.077867,0.000006,0.000000,0.000000,0.000000,0.000000,0.000000,0.000000,-0.000135,0.000432,0.000371,-0.136626,0.000001,-0.000001,-0.147634
0.590000,-1.461810,0.000000,0.000000,-1.857057,0.000000,0.000000,0.000000,0.000000,0.000000,0.000000,0.000000,0.000000,0.000000,0.000000,-1.323386,0.000000,0.000000,-1.712633,0.000000,0.000000,0.000000,0.000000,0.000000,0.000000,0.000000,0.000000,0.000000,0.000000,-0.866534,0.000000,0.000000,-1.229152,0.000000,0.000000,0.000000,0.000000,0.000000,0.000000,0.000000,0.000000,0.000000,0.000000,0.000000,0.000000,0.000000,0.000196,-0.070218,0.000063,-0.000218,-0.072544,0.000001,0.000008,0.000000,0.000000,0.000000,0.000000,0.000000,0.000000,-0.000236,-0.000068,-0.071770,-0.000202,-0.000002,-0.077867,0.000006,0.000000,0.000000,0.000000,0.000000,0.000000,0.000000,-0.000134,0.000429,0.000369,-0.136590,0.000001,-0.000001,-0.147633
0.600000,-1.461797,0.000000,0.000000,-1.857053,0.000000,0.000000,-0.000000,0.000000,-0.000000,0.000000,0.000000,-0.000000,-0.000000,0.000000,-1.323375,0.000000,0.000000,-1.712630,0.000000,0.000000,0.000000,0.000000,0.000000,0.000000,0.000000,0.000000,0.000000,0.000000,-0.866525,0.000000,0.000000,-1.229148,0.000000,0.000000,0.000000,0.000000,0.000000,0.000000,0.000000,0.000000,0.000000,0.000000,0.000000,0.000000,0.000000,0.000195,-0.070202,0.000063,-0.000216,-0.072543,0.000001,0.000008,0.000000,0.000000,0.000000,0.000000,0.000000,0.000000,-0.000234,-0.000068,-0.071750,-0.000200,-0.000002,-0.077867,0.000006,-0.000000,-0.000000,-0.000000,-0.000000,-0.000000,-0.000000,-0.000134,0.000426,0.000367,-0.136553,0.000001,-0.000001,-0.147633
0.610000,-1.461784,0.000000,0.000000,-1.857050,0.000000,0.000000,0.000000,0.000000,0.000000,0.000000,0.000000,0.000000,0.000000,0.000000,-1.323363,0.000000,0.000000,-1.712626,0.000000,0.000000,0.000000,0.000000,0.000000,0.000000,0.000000,0.000000,0.000000,0.000000,-0.866517,0.000000,0.000000,-1.229143,0.000000,0.000000,0.000000,0.000000,0.000000,0.000000,0.000000,0.000000,0.000000,0.000000,0.000000,0.000000,0.000000,0.000194,-0.070185,0.000062,-0.000215,-0.072543,0.000001,0.000008,0.000000,0.000000,0.000000,0.000000,0.000000,0.000000,-0.000233,-0.000068,-0.071730,-0.000199,-0.000002,-0.077867,0.000006,0.000000,0.000000,0.000000,0.000000,0.000000,0.000000,-0.000133,0.000423,0.000365,-0.136516,0.000001,-0.000001,-0.147632
0.620000,-1.461771,0.000000,0.000000,-1.857046,0.000000,0.000000,0.000000,0.000000,0.000000,0.000000,0.000000,0.000000,0.000000,0.000000,-1.323351,0.000000,0.000000,-1.712622,0.000000,0.000000,0.000000,0.000000,0.000000,0.000000,0.000000,0.000000,0.000000,0.000000,-0.866509,0.000000,0.000000,-1.229138,0.000000,0.000000,0.000000,0.000000,0.000000,0.000000,0.000000,0.000000,0.000000,0.000000,0.000000,0.000000,0.000000,0.000192,-0.070168,0.000062,-0.000213,-0.072543,0.000001,0.000008,0.000000,0.000000,0.000000,0.000000,0.000000,0.000000,-0.000231,-0.000067,-0.071710,-0.000198,-0.000002,-0.077866,0.000006,0.000000,0.000000,0.000000,0.000000,0.000000,0.000000,-0.000133,0.000420,0.000363,-0.136478,0.000001,-0.000001,-0.147632
0.630000,-1.461758,0.000000,0.000000,-1.857042,0.000000,0.000000,0.000000,0.000000,0.000000,0.000000,0.000000,0.000000,0.000000,0.000000,-1.323339,0.000000,0.000000,-1.712619,0.000000,0.000000,0.000000,0.000000,0.000000,0.000000,0.000000,0.000000,0.000000,0.000000,-0.866500,0.000000,0.000000,-1.229133,0.000000,0.000000,0.000000,0.000000,0.000000,0.000000,0.000000,0.000000,0.000000,0.000000,0.000000,0.000000,0.000000,0.000191,-0.070151,0.000062,-0.000212,-0.072543,0.000001,0.000008,0.000000,0.000000,0.000000,0.000000,0.000000,0.000000,-0.000229,-0.000067,-0.071690,-0.000197,-0.000002,-0.077866,0.000006,0.000000,0.000000,0.000000,0.000000,0.000000,0.000000,-0.000132,0.000417,0.000361,-0.136440,0.000001,-0.000001,-0.147631
0.640000,-1.461744,0.000000,0.000000,-1.857038,0.000000,0.000000,0.000000,0.000000,0.000000,0.000000,0.000000,0.000000,0.000000,0.000000,-1.323327,0.000000,0.000000,-1.712615,0.000000,0.000000,0.000000,0.000000,0.000000,0.000000,0.000000,0.000000,0.000000,0.000000,-0.866491,0.000000,0.000000,-1.229128,0.000000,0.000000,0.000000,0.000000,0.000000,0.000000,0.000000,0.000000,0.000000,0.000000,0.000000,0.000000,0.000000,0.000190,-0.070134,0.000061,-0.000210,-0.072542,0.000001,0.000008,0.000000,0.000000,0.000000,0.000000,0.000000,0.000000,-0.000228,-0.000067,-0.071669,-0.000196,-0.000002,-0.077866,0.000006,0.000000,0.000000,0.000000,0.000000,0.000000,0.000000,-0.000131,0.000414,0.000358,-0.136402,0.000001,-0.000001,-0.147631
0.650000,-1.461730,0.000000,0.000000,-1.857034,0.000000,0.000000,-0.000000,0.000000,-0.000000,0.000000,0.000000,-0.000000,-0.000000,0.000000,-1.323314,0.000000,0.000000,-1.712611,0.000000,0.000000,0.000000,0.000000,0.000000,0.000000,0.000000,0.000000,0.000000,0.000000,-0.866482,0.000000,0.000000,-1.229123,0.000000,0.000000,0.000000,0.000000,0.000000,0.000000,0.000000,0.000000,0.000000,0.000000,0.000000,0.000000,0.000000,0.000189,-0.070117,0.000061,-0.000209,-0.072542,0.000001,0.000008,0.000000,0.000000,0.000000,0.000000,0.000000,0.000000,-0.000226,-0.000066,-0.071649,-0.000195,-0.000002,-0.077866,0.000006,-0.000000,-0.000000,-0.000000,-0.000000,-0.000000,-0.000000,-0.000131,0.000411,0.000356,-0.136364,0.000001,-0.000001,-0.147630
0.660000,-1.461716,0.000000,0.000000,-1.857031,0.000000,0.000000,0.000000,0.000000,0.000000,0.000000,0.000000,0.000000,0.000000,0.000000,-1.323301,0.000000,0.000000,-1.712607,0.000000,0.000000,0.000000,0.000000,0.000000,0.000000,0.000000,0.000000,0.000000,0.000000,-0.866472,0.000000,0.000000,-1.229118,0.000000,0.000000,0.000000,0.000000,0.000000,0.000000,0.000000,0.000000,0.000000,0.000000,0.000000,0.000000,0.000000,0.000188,-0.070099,0.000061,-0.000207,-0.072542,0.000001,0.000008,0.000000,0.000000,0.000000,0.000000,0.000000,0.000000,-0.000225,-0.000066,-0.071628,-0.000194,-0.000002,-0.077865,0.000006,0.000000,0.000000,0.000000,0.000000,0.000000,0.000000,-0.000130,0.000409,0.000354,-0.136325,0.000001,-0.000001,-0.147630
0.670000,-1.461701,0.000000,0.000000,-1.857026,0.000000,0.000000,0.000000,0.000000,0.000000,0.000000,0.000000,0.000000,0.000000,0.000000,-1.323288,0.000000,0.000000,-1.712603,0.000000,0.000000,0.000000,0.000000,0.000000,0.000000,0.000000,0.000000,0.000000,0.000000,-0.866463,0.000000,0.000000,-1.229113,0.000000,0.000000,0.000000,0.000000,0.000000,0.000000,0.000000,0.000000,0.000000,0.000000,0.000000,0.000000,0.000000,0.000187,-0.070082,0.000061,-0.000206,-0.072542,0.000001,0.000008,0.000000,0.000000,0.000000,0.000000,0.000000,0.000000,-0.000223,-0.000066,-0.071607,-0.000193,-0.000002,-0.077865,0.000006,0.000000,0.000000,0.000000,0.000000,0.000000,0.000000,-0.000129,0.000406,0.000352,-0.136285,0.000000,-0.000001,-0.147629
0.680000,-1.461687,0.000000,0.000000,-1.857022,0.000000,0.000000,0.000000,0.000000,0.000000,0.000000,0.000000,0.000000,0.000000,0.000000,-1.323275,0.000000,0.000000,-1.712598,0.000000,0.000000,0.000000,0.000000,0.000000,0.000000,0.000000,0.000000,0.000000,0.000000,-0.866453,0.000000,0.000000,-1.229107,0.000000,0.000000,0.000000,0.000000,0.000000,0.000000,0.000000,0.000000,0.000000,0.000000,0.000000,0.000000,0.000000,0.000186,-0.070064,0.000060,-0.000205,-0.072542,0.000001,0.000008,0.000000,0.000000,0.000000,0.000000,0.000000,0.000000,-0.000222,-0.000066,-0.071586,-0.000192,-0.000002,-0.077865,0.000006,0.000000,0.000000,0.000000,0.000000,0.000000,0.000000,-0.000129,0.000403,0.000350,-0.136246,0.000000,-0.000001,-0.147629
0.690000,-1.461672,0.000000,0.000000,-1.857018,0.000000,0.000000,0.000000,0.000000,0.000000,0.000000,0.000000,0.000000,0.000000,0.000000,-1.323261,0.000000,0.000000,-1.712594,0.000000,0.000000,0.000000,0.000000,0.000000,0.000000,0.000000,0.000000,0.000000,0.000000,-0.866443,0.000000,0.000000,-1.229102,0.000000,0.000000,0.000000,0.000000,0.000000,0.000000,0.000000,0.000000,0.000000,0.000000,0.000000,0.000000,0.000000,0.000185,-0.070046,0.000060,-0.000203,-0.072541,0.000001,0.000008,0.000000,0.000000,0.000000,0.000000,0.000000,0.000000,-0.000220,-0.000065,-0.071564,-0.000191,-0.000002,-0.077865,0.000006,0.000000,0.000000,0.000000,0.000000,0.000000,0.000000,-0.000128,0.000400,0.000348,-0.136206,0.000000,-0.000001,-0.147628
0.700000,-1.461656,0.000000,0.000000,-1.857014,0.000000,0.000000,-0.000000,0.000000,-0.000000,0.000000,0.000000,-0.000000,-0.000000,0.000000,-1.323247,0.000000,0.000000,-1.712590,0.000000,0.000000,0.000000,0.000000,0.000000,0.000000,0.000000,0.000000,0.000000,0.000000,-0.866433,0.000000,0.000000,-1.229096,0.000000,0.000000,0.000000,0.000000,0.000000,0.000000,0.000000,0.000000,0.000000,0.000000,0.000000,0.000000,0.000000,0.000184,-0.070028,0.000060,-0.000202,-0.072541,0.000001,0.000008,0.000000,0.000000,0.000000,0.000000,0.000000,0.000000,-0.000219,-0.000065,-0.071542,-0.000189,-0.000002,-0.077864,0.000006,-0.000000,-0.000000,-0.000000,-0.000000,-0.000000,-0.000000,-0.000128,0.000397,0.000346,-0.136165,0.000000,-0.000001,-0.147627
0.710000,-1.461640,0.000000,0.000000,-1.857009,0.000000,0.000000,0.000000,0.000000,0.000000,0.000000,0.000000,0.000000,0.000000,0.000000,-1.323233,0.000000,0.000000,-1.712585,0.000000,0.000000,0.000000,0.000000,0.000000,0.000000,0.000000,0.000000,0.000000,0.000000,-0.866422,0.000000,0.000000,-1.229090,0.000000,0.000000,0.000000,0.000000,0.000000,0.000000,0.000000,0.000000,0.000000,0.000000,0.000000,0.000000,0.000000,0.000183,-0.070009,0.000059,-0.000200,-0.072541,0.000001,0.000008,0.000000,0.000000,0.000000,0.000000,0.000000,0.000000,-0.000217,-0.000065,-0.071521,-0.000188,-0.000002,-0.077864,0.000006,0.000000,0.000000,0.000000,0.000000,0.000000,0.000000,-0.000127,0.000394,0.000344,-0.136124,0.000000,-0.000001,-0.147627
0.720000,-1.461624,0.000000,0.000000,-1.857005,0.000000,0.000000,0.000000,0.000000,0.000000,0.000000,0.000000,0.000000,0.000000,0.000000,-1.323218,0.000000,0.000000,-1.712581,0.000000,0.000000,0.000000,0.000000,0.000000,0.000000,0.000000,0.000000,0.000000,0.000000,-0.866411,0.000000,0.000000,-1.229084,0.000000,0.000000,0.000000,0.000000,0.000000,0.000000,0.000000,0.000000,0.000000,0.000000,0.000000,0.000000,0.000000,0.000182,-0.069991,0.000059,-0.000199,-0.072541,0.000001,0.000008,0.000000,0.000000,0.000000,0.000000,0.000000,0.000000,-0.000216,-0.000064,-0.071498,-0.000187,-0.000002,-0.077864,0.000006,0.000000,0.000000,0.000000,0.000000,0.000000,0.000000,-0.000126,0.000391,0.000342,-0.136083,0.000000,-0.000001,-0.147626
0.730000,-1.461608,0.000000,0.000000,-1.857000,0.000000,0.000000,0.000000,0.000000,0.000000,0.000000,0.000000,0.000000,0.000000,0.000000,-1.323203,0.000000,0.000000,-1.712576,0.000000,0.000000,0.000000,0.000000,0.000000,0.000000,0.000000,0.000000,0.000000,0.000000,-0.866400,0.000000,0.000000,-1.229078,0.000000,0.000000,0.000000,0.000000,0.000000,0.000000,0.000000,0.000000,0.000000,0.000000,0.000000,0.000000,0.000000,0.000181,-0.069972,0.000059,-0.000197,-0.072540,0.000001,0.000008,0.000000,0.000000,0.000000,0.000000,0.000000,0.000000,-0.000214,-0.000064,-0.071476,-0.000186,-0.000002,-0.077863,0.000006,0.000000,0.000000,0.000000,0.000000,0.000000,0.000000,-0.000126,0.000389,0.000341,-0.136042,0.000000,-0.000001,-0.147626
0.740000,-1.461591,0.000000,0.000000,-1.856996,0.000000,0.000000,0.000000,0.000000,0.000000,0.000000,0.000000,0.000000,0.000000,0.000000,-1.323188,0.000000,0.000000,-1.712571,0.000000,0.000000,0.000000,0.000000,0.000000,0.000000,0.000000,0.000000,0.000000,0.000000,-0.866389,0.000000,0.000000,-1.229072,0.000000,0.000000,0.000000,0.000000,0.000000,0.000000,0.000000,0.000000,0.000000,0.000000,0.000000,0.000000,0.000000,0.000180,-0.069953,0.000059,-0.000196,-0.072540,0.000001,0.000007,0.000000,0.000000,0.000000,0.000000,0.000000,0.000000,-0.000213,-0.000064,-0.071454,-0.000185,-0.000002,-0.077863,0.000006,0.000000,0.000000,0.000000,0.000000,0.000000,0.000000,-0.000125,0.000386,0.000339,-0.136000,0.000000,-0.000001,-0.147625
0.750000,-1.461574,0.000000,0.000000,-1.856991,0.000000,0.000000,-0.000000,0.000000,-0.000000,0.000000,0.000000,-0.000000,-0.000000,0.000000,-1.323172,0.000000,0.000000,-1.712566,0.000000,0.000000,0.000000,0.000000,0.000000,0.000000,0.000000,0.000000,0.000000,0.000000,-0.866377,0.000000,0.000000,-1.229065,0.000000,0.000000,0.000000,0.000000,0.000000,0.000000,0.000000,0.000000,0.000000,0.000000,0.000000,0.000000,0.000000,0.000179,-0.069934,0.000058,-0.000195,-0.072540,0.000001,0.000007,0.000000,0.000000,0.000000,0.000000,0.000000,0.000000,-0.000211,-0.000064,-0.071431,-0.000184,-0.000002,-0.077863,0.000006,-0.000000,-0.000000,-0.000000,-0.000000,-0.000000,-0.000000,-0.000125,0.000383,0.000337,-0.135957,0.000000,-0.000000,-0.147625
0.760000,-1.461557,0.000000,0.000000,-1.856986,0.000000,0.000000,0.000000,0.000000,0.000000,0.000000,0.000000,0.000000,0.000000,0.000000,-1.323157,0.000000,0.000000,-1.712561,0.000000,0.000000,0.000000,0.000000,0.000000,0.000000,0.000000,0.000000,0.000000,0.000000,-0.866365,0.000000,0.000000,-1.229059,0.000000,0.000000,0.000000,0.000000,0.000000,0.000000,0.000000,0.000000,0.000000,0.000000,0.000000,0.000000,0.000000,0.000178,-0.069914,0.000058,-0.000193,-0.072540,0.000001,0.000007,0.000000,0.000000,0.000000,0.000000,0.000000,0.000000,-0.000210,-0.000063,-0.071408,-0.000183,-0.000002,-0.077863,0.000006,0.000000,0.000000,0.000000,0.000000,0.000000,0.000000,-0.000124,0.000380,0.000335,-0.135914,0.000000,-0.000000,-0.147624
0.770000,-1.461539,0.000000,0.000000,-1.856981,0.000000,0.000000,0.000000,0.000000,0.000000,0.000000,0.000000,0.000000,0.000000,0.000000,-1.323140,0.000000,0.000000,-1.712556,0.000000,0.000000,0.000000,0.000000,0.000000,0.000000,0.000000,0.000000,0.000000,0.000000,-0.866353,0.000000,0.000000,-1.229052,0.000000,0.000000,0.000000,0.000000,0.000000,0.000000,0.000000,0.000000,0.000000,0.000000,0.000000,0.000000,0.000000,0.000177,-0.069895,0.000058,-0.000192,-0.072539,0.000001,0.000007,0.000000,0.000000,0.000000,0.000000,0.000000,0.000000,-0.000208,-0.000063,-0.071385,-0.000182,-0.000001,-0.077862,0.000006,0.000000,0.000000,0.000000,0.000000,0.000000,0.000000,-0.000124,0.000377,0.000333,-0.135871,0.000000,-0.000000,-0.147624
0.780000,-1.461521,0.000000,0.000000,-1.856976,0.000000,0.000000,0.000000,0.000000,0.000000,0.000000,0.000000,0.000000,0.000000,0.000000,-1.323124,0.000000,0.000000,-1.712551,0.000000,0.000000,0.000000,0.000000,0.000000,0.000000,0.000000,0.000000,0.000000,0.000000,-0.866341,0.000000,0.000000,-1.229045,0.000000,0.000000,0.000000,0.000000,0.000000,0.000000,0.000000,0.000000,0.000000,0.000000,0.000000,0.000000,0.000000,0.000176,-0.069875,0.000058,-0.000190,-0.072539,0.000001,0.000007,0.000000,0.000000,0.000000,0.000000,0.000000,0.000000,-0.000207,-0.000063,-0.071361,-0.000181,-0.000001,-0.077862,0.000005,0.000000,0.000000,0.000000,0.000000,0.000000,0.000000,-0.000123,0.000375,0.000331,-0.135828,0.000000,-0.000000,-0.147623
0.790000,-1.461502,0.000000,0.000000,-1.856971,0.000000,0.000000,0.000000,0.000000,0.000000,0.000000,0.000000,0.000000,0.000000,0.000000,-1.323107,0.000000,0.000000,-1.712546,0.000000,0.000000,0.000000,0.000000,0.000000,0.000000,0.000000,0.000000,0.000000,0.000000,-0.866328,0.000000,0.000000,-1.229038,0.000000,0.000000,0.000000,0.000000,0.000000,0.000000,0.000000,0.000000,0.000000,0.000000,0.000000,0.000000,0.000000,0.000175,-0.069855,0.000057,-0.000189,-0.072539,0.000001,0.000007,0.000000,0.000000,0.000000,0.000000,0.000000,0.000000,-0.000205,-0.000062,-0.071338,-0.000180,-0.000001,-0.077862,0.000005,0.000000,0.000000,0.000000,0.000000,0.000000,0.000000,-0.000122,0.000372,0.000329,-0.135784,0.000000,-0.000000,-0.147622
0.800000,-1.461483,0.000000,0.000000,-1.856966,0.000000,0.000000,-0.000000,0.000000,-0.000000,0.000000,0.000000,-0.000000,-0.000000,0.000000,-1.323090,0.000000,0.000000,-1.712540,0.000000,0.000000,0.000000,0.000000,0.000000,0.000000,0.000000,0.000000,0.000000,0.000000,-0.866315,0.000000,0.000000,-1.229031,0.000000,0.000000,0.000000,0.000000,0.000000,0.000000,0.000000,0.000000,0.000000,0.000000,0.000000,0.000000,0.000000,0.000174,-0.069835,0.000057,-0.000188,-0.072539,0.000001,0.000007,0.000000,0.000000,0.000000,0.000000,0.000000,0.000000,-0.000204,-0.000062,-0.071314,-0.000179,-0.000001,-0.077861,0.000005,-0.000000,-0.000000,-0.000000,-0.000000,-0.000000,-0.000000,-0.000122,0.000369,0.000327,-0.135739,0.000000,-0.000000,-0.147622
0.810000,-1.461464,0.000000,0.000000,-1.856960,0.000000,0.000000,0.000000,0.000000,0.000000,0.000000,0.000000,0.000000,0.000000,0.000000,-1.323072,0.000000,0.000000,-1.712535,0.000000,0.000000,0.000000,0.000000,0.000000,0.000000,0.000000,0.000000,0.000000,0.000000,-0.866302,0.000000,0.000000,-1.229024,0.000000,0.000000,0.000000,0.000000,0.000000,0.000000,0.000000,0.000000,0.000000,0.000000,0.000000,0.000000,0.000000,0.000173,-0.069815,0.000057,-0.000186,-0.072538,0.000001,0.000007,0.000000,0.000000,0.000000,0.000000,0.000000,0.000000,-0.000202,-0.000062,-0.071290,-0.000178,-0.000001,-0.077861,0.000005,0.000000,0.000000,0.000000,0.000000,0.000000,0.000000,-0.000121,0.000366,0.000325,-0.135694,0.000000,-0.000000,-0.147621
0.820000,-1.461444,0.000000,0.000000,-1.856955,0.000000,0.000000,0.000000,0.000000,0.000000,0.000000,0.000000,0.000000,0.000000,0.000000,-1.323054,0.000000,0.000000,-1.712529,0.000000,0.000000,0.000000,0.000000,0.000000,0.000000,0.000000,0.000000,0.000000,0.000000,-0.866288,0.000000,0.000000,-1.229016,0.000000,0.000000,0.000000,0.000000,0.000000,0.000000,0.000000,0.000000,0.000000,0.000000,0.000000,0.000000,0.000000,0.000172,-0.069794,0.000057,-0.000185,-0.072538,0.000001,0.000007,0.000000,0.000000,0.000000,0.000000,0.000000,0.000000,-0.000201,-0.000062,-0.071266,-0.000177,-0.000001,-0.077861,0.000005,0.000000,0.000000,0.000000,0.000000,0.000000,0.000000,-0.000121,0.000363,0.000323,-0.135649,0.000000,-0.000000,-0.147621
0.830000,-1.461424,0.000000,0.000000,-1.856949,0.000000,0.000000,0.000000,0.000000,0.000000,0.000000,0.000000,0.000000,0.000000,0.000000,-1.323035,0.000000,0.000000,-1.712523,0.000000,0.000000,0.000000,0.000000,0.000000,0.000000,0.000000,0.000000,0.000000,0.000000,-0.866275,0.000000,0.000000,-1.229008,0.000000,0.000000,0.000000,0.000000,0.000000,0.000000,0.000000,0.000000,0.000000,0.000000,0.000000,0.000000,0.000000,0.000171,-0.069774,0.000056,-0.000183,-0.072538,0.000001,0.000007,0.000000,0.000000,0.000000,0.000000,0.000000,0.000000,-0.000199,-0.000061,-0.071241,-0.000176,-0.000001,-0.077860,0.000005,0.000000,0.000000,0.000000,0.000000,0.000000,0.000000,-0.000120,0.000361,0.000321,-0.135603,0.000000,-0.000000,-0.147620
0.840000,-1.461403,0.000000,0.000000,-1.856943,0.000000,0.000000,0.000000,0.000000,0.000000,0.000000,0.000000,0.000000,0.000000,0.000000,-1.323017,0.000000,0.000000,-1.712517,0.000000,0.000000,0.000000,0.000000,0.000000,0.000000,0.000000,0.000000,0.000000,0.000000,-0.866260,0.000000,0.000000,-1.229000,0.000000,0.000000,0.000000,0.000000,0.000000,0.000000,0.000000,0.000000,0.000000,0.000000,0.000000,0.000000,0.000000,0.000170,-0.069753,0.000056,-0.000182,-0.072538,0.000001,0.000007,0.000000,0.000000,0.000000,0.000000,0.000000,0.000000,-0.000198,-0.000061,-0.071217,-0.000175,-0.000001,-0.077860,0.000005,0.000000,0.000000,0.000000,0.000000,0.000000,0.000000,-0.000120,0.000358,0.000320,-0.135557,0.000000,-0.000000,-0.147619
0.850000,-1.461382,0.000000,0.000000,-1.856938,0.000000,0.000000,-0.000000,0.000000,-0.000000,0.000000,0.000000,-0.000000,-0.000000,0.000000,-1.322998,0.000000,0.000000,-1.712511,0.000000,0.000000,0.000000,0.000000,0.000000,0.000000,0.000000,0.000000,0.000000,0.000000,-0.866246,0.000000,0.000000,-1.228992,0.000000,0.000000,0.000000,0.000000,0.000000,0.000000,0.000000,0.000000,0.000000,0.000000,0.000000,0.000000,0.000000,0.000169,-0.069731,0.000056,-0.000181,-0.072537,0.000001,0.000007,0.000000,0.000000,0.000000,0.000000,0.000000,0.000000,-0.000196,-0.000061,-0.071192,-0.000174,-0.000001,-0.077860,0.000005,-0.000000,-0.000000,-0.000000,-0.000000,-0.000000,-0.000000,-0.000119,0.000355,0.000318,-0.135511,0.000000,-0.000000,-0.147619
0.860000,-1.461360,0.000000,0.000000,-1.856932,0.000000,0.000000,0.000000,0.000000,0.000000,0.000000,0.000000,0.000000,0.000000,0.000000,-1.322978,0.000000,0.000000,-1.712505,0.000000,0.000000,0.000000,0.000000,0.000000,0.000000,0.000000,0.000000,0.000000,0.000000,-0.866231,0.000000,0.000000,-1.228984,0.000000,0.000000,0.000000,0.000000,0.000000,0.000000,0.000000,0.000000,0.000000,0.000000,0.000000,0.000000,0.000000,0.000168,-0.069710,0.000056,-0.000179,-0.072537,0.000001,0.000007,0.000000,0.000000,0.000000,0.000000,0.000000,0.000000,-0.000195,-0.000060,-0.071166,-0.000173,-0.000001,-0.077859,0.000005,0.000000,0.000000,0.000000,0.000000,0.000000,0.000000,-0.000118,0.000353,0.000316,-0.135463,0.000000,-0.000000,-0.147618
0.870000,-1.461339,0.000000,0.000000,-1.856925,0.000000,0.000000,0.000000,0.000000,0.000000,0.000000,0.000000,0.000000,0.000000,0.000000,-1.322958,0.000000,0.000000,-1.712499,0.000000,0.000000,0.000000,0.000000,0.000000,0.000000,0.000000,0.000000,0.000000,0.000000,-0.866216,0.000000,0.000000,-1.228976,0.000000,0.000000,0.000000,0.000000,0.000000,0.000000,0.000000,0.000000,0.000000,0.000000,0.000000,0.000000,0.000000,0.000167,-0.069689,0.000055,-0.000178,-0.072537,0.000001,0.000007,0.000000,0.000000,0.000000,0.000000,0.000000,0.000000,-0.000193,-0.000060,-0.071141,-0.000172,-0.000001,-0.077859,0.000005,0.000000,0.000000,0.000000,0.000000,0.000000,0.000000,-0.000118,0.000350,0.000314,-0.135416,0.000000,-0.000000,-0.147618
0.880000,-1.461316,0.000000,0.000000,-1.856919,0.000000,0.000000,0.000000,0.000000,0.000000,0.000000,0.000000,0.000000,0.000000,0.000000,-1.322938,0.000000,0.000000,-1.712492,0.000000,0.000000,0.000000,0.000000,0.000000,0.000000,0.000000,0.000000,0.000000,0.000000,-0.866200,0.000000,0.000000,-1.228967,0.000000,0.000000,0.000000,0.000000,0.000000,0.000000,0.000000,0.000000,0.000000,0.000000,0.000000,0.000000,0.000000,0.000166,-0.069667,0.000055,-0.000177,-0.072537,0.000001,0.000007,0.000000,0.000000,0.000000,0.000000,0.000000,0.000000,-0.000192,-0.000060,-0.071115,-0.000171,-0.000001,-0.077859,0.000005,0.000000,0.000000,0.000000,0.000000,0.000000,0.000000,-0.000117,0.000347,0.000312,-0.135368,0.000000,-0.000000,-0.147617
0.890000,-1.461293,0.000000,0.000000,-1.856913,0.000000,0.000000,0.000000,0.000000,0.000000,0.000000,0.000000,0.000000,0.000000,0.000000,-1.322917,0.000000,0.000000,-1.712486,0.000000,0.000000,0.000000,0.000000,0.000000,0.000000,0.000000,0.000000,0.000000,0.000000,-0.866184,0.000000,0.000000,-1.228958,0.000000,0.000000,0.000000,0.000000,0.000000,0.000000,0.000000,0.000000,0.000000,0.000000,0.000000,0.000000,0.000000,0.000165,-0.069645,0.000055,-0.000175,-0.072536,0.000001,0.000007,0.000000,0.000000,0.000000,0.000000,0.000000,0.000000,-0.000190,-0.000060,-0.071089,-0.000170,-0.000001,-0.077858,0.000005,0.000000,0.000000,0.000000,0.000000,0.000000,0.000000,-0.000117,0.000344,0.000310,-0.135320,0.000000,-0.000000,-0.147616
0.900000,-1.461270,0.000000,0.000000,-1.856906,0.000000,0.000000,-0.000000,0.000000,-0.000000,0.000000,0.000000,-0.000000,-0.000000,0.000000,-1.322895,0.000000,0.000000,-1.712479,0.000000,0.000000,0.000000,0.000000,0.000000,0.000000,0.000000,0.000000,0.000000,0.000000,-0.866168,0.000000,0.000000,-1.228949,0.000000,0.000000,0.000000,0.000000,0.000000,0.000000,0.000000,0.000000,0.000000,0.000000,0.000000,0.000000,0.000000,0.000164,-0.069623,0.000055,-0.000174,-0.072536,0.000001,0.000007,0.000000,0.000000,0.000000,0.000000,0.000000,0.000000,-0.000189,-0.000059,-0.071063,-0.000169,-0.000001,-0.077858,0.000005,-0.000000,-0.000000,-0.000000,-0.000000,-0.000000,-0.000000,-0.000116,0.000342,0.000309,-0.135271,0.000000,-0.000000,-0.147616
0.910000,-1.461246,0.000000,0.000000,-1.856900,0.000000,0.000000,0.000000,0.000000,0.000000,0.000000,0.000000,0.000000,0.000000,0.000000,-1.322874,0.000000,0.000000,-1.712472,0.000000,0.000000,0.000000,0.000000,0.000000,0.000000,0.000000,0.000000,0.000000,0.000000,-0.866151,0.000000,0.000000,-1.228940,0.000000,0.000000,0.000000,0.000000,0.000000,0.000000,0.000000,0.000000,0.000000,0.000000,0.000000,0.000000,0.000000,0.000163,-0.069600,0.000054,-0.000173,-0.072536,0.000001,0.000007,0.000000,0.000000,0.000000,0.000000,0.000000,0.000000,-0.000188,-0.000059,-0.071037,-0.000168,-0.000001,-0.077858,0.000005,0.000000,0.000000,0.000000,0.000000,0.000000,0.000000,-0.000116,0.000339,0.000307,-0.135222,0.000000,-0.000000,-0.147615
0.920000,-1.461222,0.000000,0.000000,-1.856893,0.000000,0.000000,0.000000,0.000000,0.000000,0.000000,0.000000,0.000000,0.000000,0.000000,-1.322851,0.000000,0.000000,-1.712465,0.000000,0.000000,0.000000,0.000000,0.000000,0.000000,0.000000,0.000000,0.000000,0.000000,-0.866134,0.000000,0.000000,-1.228931,0.000000,0.000000,0.000000,0.000000,0.000000,0.000000,0.000000,0.000000,0.000000,0.000000,0.000000,0.000000,0.000000,0.000162,-0.069578,0.000054,-0.000171,-0.072535,0.000001,0.000007,0.000000,0.000000,0.000000,0.000000,0.000000,0.000000,-0.000186,-0.000059,-0.071010,-0.000167,-0.000001,-0.077857,0.000005,0.000000,0.000000,0.000000,0.000000,0.000000,0.000000,-0.000115,0.000336,0.000305,-0.135172,0.000000,-0.000000,-0.147614
0.930000,-1.461197,0.000000,0.000000,-1.856886,0.000000,0.000000,0.000000,0.000000,0.000000,0.000000,0.000000,0.000000,0.000000,0.000000,-1.322829,0.000000,0.000000,-1.712458,0.000000,0.000000,0.000000,0.000000,0.000000,0.000000,0.000000,0.000000,0.000000,0.000000,-0.866116,0.000000,0.000000,-1.228921,0.000000,0.000000,0.000000,0.000000,0.000000,0.000000,0.000000,0.000000,0.000000,0.000000,0.000000,0.000000,0.000000,0.000161,-0.069555,0.000054,-0.000170,-0.072535,0.000001,0.000007,0.000000,0.000000,0.000000,0.000000,0.000000,0.000000,-0.000185,-0.000059,-0.070983,-0.000166,-0.000001,-0.077857,0.000005,0.000000,0.000000,0.000000,0.000000,0.000000,0.000000,-0.000115,0.000334,0.000303,-0.135122,0.000000,-0.000000,-0.147614
0.940000,-1.461172,0.000000,0.000000,-1.856879,0.000000,0.000000,0.000000,0.000000,0.000000,0.000000,0.000000,0.000000,0.000000,0.000000,-1.322806,0.000000,0.000000,-1.712451,0.000000,0.000000,0.000000,0.000000,0.000000,0.000000,0.000000,0.000000,0.000000,0.000000,-0.866098,0.000000,0.000000,-1.228911,0.000000,0.000000,0.000000,0.000000,0.000000,0.000000,0.000000,0.000000,0.000000,0.000000,0.000000,0.000000,0.000000,0.000160,-0.069532,0.000054,-0.000169,-0.072535,0.000001,0.000007,0.000000,0.000000,0.000000,0.000000,0.000000,0.000000,-0.000183,-0.000058,-0.070956,-0.000165,-0.000001,-0.077857,0.000005,0.000000,0.000000,0.000000,0.000000,0.000000,0.000000,-0.000114,0.000331,0.000301,-0.135071,0.000000,-0.000000,-0.147613
0.950000,-1.461146,0.000000,0.000000,-1.856872,0.000000,0.000000,-0.000000,0.000000,-0.000000,0.000000,0.000000,-0.000000,-0.000000,0.000000,-1.322782,0.000000,0.000000,-1.712443,0.000000,0.000000,0.000000,0.000000,0.000000,0.000000,0.000000,0.000000,0.000000,0.000000,-0.866080,0.000000,0.000000,-1.228901,0.000000,0.000000,0.000000,0.000000,0.000000,0.000000,0.000000,0.000000,0.000000,0.000000,0.000000,0.000000,0.000000,0.000159,-0.069508,0.000053,-0.000167,-0.072535,0.000001,0.000007,0.000000,0.000000,0.000000,0.000000,0.000000,0.000000,-0.000182,-0.000058,-0.070929,-0.000164,-0.000001,-0.077856,0.000005,-0.000000,-0.000000,-0.000000,-0.000000,-0.000000,-0.000000,-0.000114,0.000329,0.000300,-0.135020,0.000000,-0.000000,-0.147612
0.960000,-1.461119,0.000000,0.000000,-1.856864,0.000000,0.000000,0.000000,0.000000,0.000000,0.000000,0.000000,0.000000,0.000000,0.000000,-1.322758,0.000000,0.000000,-1.712436,0.000000,0.000000,0.000000,0.000000,0.000000,0.000000,0.000000,0.000000,0.000000,0.000000,-0.866061,0.000000,0.000000,-1.228891,0.000000,0.000000,0.000000,0.000000,0.000000,0.000000,0.000000,0.000000,0.000000,0.000000,0.000000,0.000000,0.000000,0.000158,-0.069485,0.000053,-0.000166,-0.072534,0.000001,0.000007,0.000000,0.000000,0.000000,0.000000,0.000000,0.000000,-0.000181,-0.000058,-0.070901,-0.000163,-0.000001,-0.077856,0.000005,0.000000,0.000000,0.000000,0.000000,0.000000,0.000000,-0.000113,0.000326,0.000298,-0.134968,0.000000,-0.000000,-0.147612
0.970000,-1.461092,0.000000,0.000000,-1.856857,0.000000,0.000000,0.000000,0.000000,0.000000,0.000000,0.000000,0.000000,0.000000,0.000000,-1.322733,0.000000,0.000000,-1.712428,0.000000,0.000000,0.000000,0.000000,0.000000,0.000000,0.000000,0.000000,0.000000,0.000000,-0.866042,0.000000,0.000000,-1.228880,0.000000,0.000000,0.000000,0.000000,0.000000,0.000000,0.000000,0.000000,0.000000,0.000000,0.000000,0.000000,0.000000,0.000157,-0.069461,0.000053,-0.000165,-0.072534,0.000001,0.000007,0.000000,0.000000,0.000000,0.000000,0.000000,0.000000,-0.000179,-0.000058,-0.070873,-0.000162,-0.000001,-0.077856,0.000005,0.000000,0.000000,0.000000,0.000000,0.000000,0.000000,-0.000113,0.000323,0.000296,-0.134916,0.000000,-0.000000,-0.147611
0.980000,-1.461065,0.000000,0.000000,-1.856849,0.000000,0.000000,0.000000,0.000000,0.000000,0.000000,0.000000,0.000000,0.000000,0.000000,-1.322708,0.000000,0.000000,-1.712420,0.000000,0.000000,0.000000,0.000000,0.000000,0.000000,0.000000,0.000000,0.000000,0.000000,-0.866022,0.000000,0.000000,-1.228869,0.000000,0.000000,0.000000,0.000000,0.000000,0.000000,0.000000,0.000000,0.000000,0.000000,0.000000,0.000000,0.000000,0.000157,-0.069437,0.000053,-0.000163,-0.072534,0.000001,0.000007,0.000000,0.000000,0.000000,0.000000,0.000000,0.000000,-0.000178,-0.000057,-0.070845,-0.000161,-0.000001,-0.077855,0.000005,0.000000,0.000000,0.000000,0.000000,0.000000,0.000000,-0.000112,0.000321,0.000294,-0.134863,0.000000,-0.000000,-0.147610
0.990000,-1.461037,0.000000,0.000000,-1.856841,0.000000,0.000000,0.000000,0.000000,0.000000,0.000000,0.000000,0.000000,0.000000,0.000000,-1.322682,0.000000,0.000000,-1.712412,0.000000,0.000000,0.000000,0.000000,0.000000,0.000000,0.000000,0.000000,0.000000,0.000000,-0.866002,0.000000,0.000000,-1.228858,0.000000,0.000000,0.000000,0.000000,0.000000,0.000000,0.000000,0.000000,0.000000,0.000000,0.000000,0.000000,0.000000,0.000156,-0.069413,0.000052,-0.000162,-0.072533,0.000001,0.000007,0.000000,0.000000,0.000000,0.000000,0.000000,0.000000,-0.000176,-0.000057,-0.070816,-0.000160,-0.000001,-0.077855,0.000005,0.000000,0.000000,0.000000,0.000000,0.000000,0.000000,-0.000112,0.000318,0.000293,-0.134810,0.000000,-0.000000,-0.147610
1.000000,-1.461008,0.000000,0.000000,-1.856833,0.000000,0.000000,-0.000000,0.000000,-0.000000,0.000000,0.000000,-0.000000,-0.000000,0.000000,-1.322656,0.000000,0.000000,-1.712404,0.000000,0.000000,0.000000,0.000000,0.000000,0.000000,0.000000,0.000000,0.000000,0.000000,-0.865982,0.000000,0.000000,-1.228847,0.000000,0.000000,0.000000,0.000000,0.000000,0.000000,0.000000,0.000000,0.000000,0.000000,0.000000,0.000000,0.000000,0.000155,-0.069388,0.000052,-0.000161,-0.072533,0.000001,0.000007,0.000000,0.000000,0.000000,0.000000,0.000000,0.000000,-0.000175,-0.000057,-0.070788,-0.000159,-0.000001,-0.077855,0.000005,-0.000000,-0.000000,-0.000000,-0.000000,-0.000000,-0.000000,-0.000111,0.000315,0.000291,-0.134756,0.000000,-0.000000,-0.147609
1.010000,-1.460979,0.000000,0.000000,-1.856825,0.000000,0.000000,0.000000,0.000000,0.000000,0.000000,0.000000,0.000000,0.000000,0.000000,-1.322629,0.000000,0.000000,-1.712395,0.000000,0.000000,0.000000,0.000000,0.000000,0.000000,0.000000,0.000000,0.000000,0.000000,-0.865961,0.000000,0.000000,-1.228835,0.000000,0.000000,0.000000,0.000000,0.000000,0.000000,0.000000,0.000000,0.000000,0.000000,0.000000,0.000000,0.000000,0.000154,-0.069364,0.000052,-0.000159,-0.072533,0.000001,0.000007,0.000000,0.000000,0.000000,0.000000,0.000000,0.000000,-0.000174,-0.000057,-0.070759,-0.000158,-0.000001,-0.077854,0.000005,0.000000,0.000000,0.000000,0.000000,0.000000,0.000000,-0.000111,0.000313,0.000289,-0.134702,0.000000,-0.000000,-0.147608
1.020000,-1.460949,0.000000,0.000000,-1.856817,0.000000,0.000000,0.000000,0.000000,0.000000,0.000000,0.000000,0.000000,0.000000,0.000000,-1.322602,0.000000,0.000000,-1.712387,0.000000,0.000000,0.000000,0.000000,0.000000,0.000000,0.000000,0.000000,0.000000,0.000000,-0.865939,0.000000,0.000000,-1.228823,0.000000,0.000000,0.000000,0.000000,0.000000,0.000000,0.000000,0.000000,0.000000,0.000000,0.000000,0.000000,0.000000,0.000153,-0.069339,0.000052,-0.000158,-0.072532,0.000001,0.000007,0.000000,0.000000,0.000000,0.000000,0.000000,0.000000,-0.000172,-0.000056,-0.070730,-0.000157,-0.000001,-0.077854,0.000005,0.000000,0.000000,0.000000,0.000000,0.000000,0.000000,-0.000110,0.000310,0.000288,-0.134648,0.000000,-0.000000,-0.147608
1.030000,-1.460918,0.000000,0.000000,-1.856808,0.000000,0.000000,0.000000,0.000000,0.000000,0.000000,0.000000,0.000000,0.000000,0.000000,-1.322574,0.000000,0.000000,-1.712378,0.000000,0.000000,0.000000,0.000000,0.000000,0.000000,0.000000,0.000000,0.000000,0.000000,-0.865917,0.000000,0.000000,-1.228811,0.000000,0.000000,0.000000,0.000000,0.000000,0.000000,0.000000,0.000000,0.000000,0.000000,0.000000,0.000000,0.000000,0.000152,-0.069313,0.000051,-0.000157,-0.072532,0.000001,0.000007,0.000000,0.000000,0.000000,0.000000,0.000000,0.000000,-0.000171,-0.000056,-0.070700,-0.000156,-0.000001,-0.077854,0.000005,0.000000,0.000000,0.000000,0.000000,0.000000,0.000000,-0.000110,0.000308,0.000286,-0.134592,0.000000,-0.000000,-0.147607
1.040000,-1.460887,0.000000,0.000000,-1.856800,0.000000,0.000000,0.000000,0.000000,0.000000,0.000000,0.000000,0.000000,0.000000,0.000000,-1.322545,0.000000,0.000000,-1.712369,0.000000,0.000000,0.000000,0.000000,0.000000,0.000000,0.000000,0.000000,0.000000,0.000000,-0.865894,0.000000,0.000000,-1.228799,0.000000,0.000000,0.000000,0.000000,0.000000,0.000000,0.000000,0.000000,0.000000,0.000000,0.000000,0.000000,0.000000,0.000151,-0.069288,0.000051,-0.000155,-0.072532,0.000001,0.000007,0.000000,0.000000,0.000000,0.000000,0.000000,0.000000,-0.000169,-0.000056,-0.070670,-0.000156,-0.000001,-0.077853,0.000005,0.000000,0.000000,0.000000,0.000000,0.000000,0.000000,-0.000109,0.000305,0.000284,-0.134537,0.000000,-0.000000,-0.147606
1.050000,-1.460855,0.000000,0.000000,-1.856791,0.000000,0.000000,-0.000000,0.000000,-0.000000,0.000000,0.000000,-0.000000,-0.000000,0.000000,-1.322516,0.000000,0.000000,-1.712360,0.000000,0.000000,0.000000,0.000000,0.000000,0.000000,0.000000,0.000000,0.000000,0.000000,-0.865871,0.000000,0.000000,-1.228786,0.000000,0.000000,0.000000,0.000000,0.000000,0.000000,0.000000,0.000000,0.000000,0.000000,0.000000,0.000000,0.000000,0.000150,-0.069262,0.000051,-0.000154,-0.072531,0.000001,0.000007,0.000000,0.000000,0.000000,0.000000,0.000000,0.000000,-0.000168,-0.000056,-0.070640,-0.000155,-0.000001,-0.077853,0.000005,-0.000000,-0.000000,-0.000000,-0.000000,-0.000000,-0.000000,-0.000109,0.000303,0.000282,-0.134481,0.000000,-0.000000,-0.147605
1.060000,-1.460823,0.000000,0.000000,-1.856782,0.000000,0.000000,0.000000,0.000000,0.000000,0.000000,0.000000,0.000000,0.000000,0.000000,-1.322486,0.000000,0.000000,-1.712351,0.000000,0.000000,0.000000,0.000000,0.000000,0.000000,0.000000,0.000000,0.000000,0.000000,-0.865848,0.000000,0.000000,-1.228773,0.000000,0.000000,0.000000,0.000000,0.000000,0.000000,0.000000,0.000000,0.000000,0.000000,0.000000,0.000000,0.000000,0.000149,-0.069236,0.000051,-0.000153,-0.072531,0.000001,0.000007,0.000000,0.000000,0.000000,0.000000,0.000000,0.000000,-0.000167,-0.000055,-0.070610,-0.000154,-0.000001,-0.077852,0.000005,0.000000,0.000000,0.000000,0.000000,0.000000,0.000000,-0.000108,0.000300,0.000281,-0.134424,0.000000,-0.000000,-0.147605
1.070000,-1.460790,0.000000,0.000000,-1.856773,0.000000,0.000000,0.000000,0.000000,0.000000,0.000000,0.000000,0.000000,0.000000,0.000000,-1.322456,0.000000,0.000000,-1.712341,0.000000,0.000000,0.000000,0.000000,0.000000,0.000000,0.000000,0.000000,0.000000,0.000000,-0.865824,0.000000,0.000000,-1.228760,0.000000,0.000000,0.000000,0.000000,0.000000,0.000000,0.000000,0.000000,0.000000,0.000000,0.000000,0.000000,0.000000,0.000148,-0.069210,0.000051,-0.000152,-0.072531,0.000001,0.000007,0.000000,0.000000,0.000000,0.000000,0.000000,0.000000,-0.000165,-0.000055,-0.070579,-0.000153,-0.000001,-0.077852,0.000005,0.000000,0.000000,0.000000,0.000000,0.000000,0.000000,-0.000108,0.000298,0.000279,-0.134367,0.000000,-0.000000,-0.147604
1.080000,-1.460756,0.000000,0.000000,-1.856763,0.000000,0.000000,0.000000,0.000000,0.000000,0.000000,0.000000,0.000000,0.000000,0.000000,-1.322425,0.000000,0.000000,-1.712331,0.000000,0.000000,0.000000,0.000000,0.000000,0.000000,0.000000,0.000000,0.000000,0.000000,-0.865799,0.000000,0.000000,-1.228746,0.000000,0.000000,0.000000,0.000000,0.000000,0.000000,0.000000,0.000000,0.000000,0.000000,0.000000,0.000000,0.000000,0.000148,-0.069183,0.000050,-0.000150,-0.072530,0.000001,0.000007,0.000000,0.000000,0.000000,0.000000,0.000000,0.000000,-0.000164,-0.000055,-0.070548,-0.000152,-0.000001,-0.077852,0.000005,0.000000,0.000000,0.000000,0.000000,0.000000,0.000000,-0.000107,0.000295,0.000277,-0.134309,0.000000,-0.000000,-0.147603
1.090000,-1.460721,0.000000,0.000000,-1.856754,0.000000,0.000000,0.000000,0.000000,0.000000,0.000000,0.000000,0.000000,0.000000,0.000000,-1.322393,0.000000,0.000000,-1.712321,0.000000,0.000000,0.000000,0.000000,0.000000,0.000000,0.000000,0.000000,0.000000,0.000000,-0.865774,0.000000,0.000000,-1.228732,0.000000,0.000000,0.000000,0.000000,0.000000,0.000000,0.000000,0.000000,0.000000,0.000000,0.000000,0.000000,0.000000,0.000147,-0.069157,0.000050,-0.000149,-0.072530,0.000001,0.000007,0.000000,0.000000,0.000000,0.000000,0.000000,0.000000,-0.000163,-0.000055,-0.070517,-0.000151,-0.000001,-0.077851,0.000005,0.000000,0.000000,0.000000,0.000000,0.000000,0.000000,-0.000107,0.000292,0.000276,-0.134250,0.000000,-0.000000,-0.147602
1.100000,-1.460686,0.000000,0.000000,-1.856744,0.000000,0.000000,-0.000000,0.000000,-0.000000,0.000000,0.000000,-0.000000,-0.000000,0.000000,-1.322361,0.000000,0.000000,-1.712311,0.000000,0.000000,0.000000,0.000000,0.000000,0.000000,0.000000,0.000000,0.000000,0.000000,-0.865748,0.000000,0.000000,-1.228718,0.000000,0.000000,0.000000,0.000000,0.000000,0.000000,0.000000,0.000000,0.000000,0.000000,0.000000,0.000000,0.000000,0.000146,-0.069130,0.000050,-0.000148,-0.072530,0.000001,0.000007,0.000000,0.000000,0.000000,0.000000,0.000000,0.000000,-0.000161,-0.000054,-0.070485,-0.000150,-0.000001,-0.077851,0.000005,-0.000000,-0.000000,-0.000000,-0.000000,-0.000000,-0.000000,-0.000106,0.000290,0.000274,-0.134192,0.000000,-0.000000,-0.147602
1.110000,-1.460650,0.000000,0.000000,-1.856734,0.000000,0.000000,0.000000,0.000000,0.000000,0.000000,0.000000,0.000000,0.000000,0.000000,-1.322328,0.000000,0.000000,-1.712301,0.000000,0.000000,0.000000,0.000000,0.000000,0.000000,0.000000,0.000000,0.000000,0.000000,-0.865721,0.000000,0.000000,-1.228704,0.000000,0.000000,0.000000,0.000000,0.000000,0.000000,0.000000,0.000000,0.000000,0.000000,0.000000,0.000000,0.000000,0.000145,-0.069102,0.000050,-0.000147,-0.072529,0.000001,0.000007,0.000000,0.000000,0.000000,0.000000,0.000000,0.000000,-0.000160,-0.000054,-0.070454,-0.000149,-0.000001,-0.077850,0.000005,0.000000,0.000000,0.000000,0.000000,0.000000,0.000000,-0.000106,0.000287,0.000273,-0.134132,0.000000,-0.000000,-0.147601
1.120000,-1.460613,0.000000,0.000000,-1.856723,0.000000,0.000000,0.000000,0.000000,0.000000,0.000000,0.000000,0.000000,0.000000,0.000000,-1.322294,0.000000,0.000000,-1.712290,0.000000,0.000000,0.000000,0.000000,0.000000,0.000000,0.000000,0.000000,0.000000,0.000000,-0.865694,0.000000,0.000000,-1.228689,0.000000,0.000000,0.000000,0.000000,0.000000,0.000000,0.000000,0.000000,0.000000,0.000000,0.000000,0.000000,0.000000,0.000144,-0.069075,0.000049,-0.000145,-0.072529,0.000001,0.000007,0.000000,0.000000,0.000000,0.000000,0.000000,0.000000,-0.000159,-0.000054,-0.070422,-0.000148,-0.000001,-0.077850,0.000005,0.000000,0.000000,0.000000,0.000000,0.000000,0.000000,-0.000105,0.000285,0.000271,-0.134072,0.000000,-0.000000,-0.147600
1.130000,-1.460576,0.000000,0.000000,-1.856713,0.000000,0.000000,0.000000,0.000000,0.000000,0.000000,0.000000,0.000000,0.000000,0.000000,-1.322259,0.000000,0.000000,-1.712279,0.000000,0.000000,0.000000,0.000000,0.000000,0.000000,0.000000,0.000000,0.000000,0.000000,-0.865666,0.000000,0.000000,-1.228674,0.000000,0.000000,0.000000,0.000000,0.000000,0.000000,0.000000,0.000000,0.000000,0.000000,0.000000,0.000000,0.000000,0.000143,-0.069047,0.000049,-0.000144,-0.072529,0.000001,0.000007,0.000000,0.000000,0.000000,0.000000,0.000000,0.000000,-0.000157,-0.000054,-0.070389,-0.000147,-0.000001,-0.077850,0.000005,0.000000,0.000000,0.000000,0.000000,0.000000,0.000000,-0.000105,0.000282,0.000269,-0.134012,0.000000,-0.000000,-0.147599
1.140000,-1.460537,0.000000,0.000000,-1.856702,0.000000,0.000000,0.000000,0.000000,0.000000,0.000000,0.000000,0.000000,0.000000,0.000000,-1.322224,0.000000,0.000000,-1.712268,0.000000,0.000000,0.000000,0.000000,0.000000,0.000000,0.000000,0.000000,0.000000,0.000000,-0.865638,0.000000,0.000000,-1.228658,0.000000,0.000000,0.000000,0.000000,0.000000,0.000000,0.000000,0.000000,0.000000,0.000000,0.000000,0.000000,0.000000,0.000142,-0.069019,0.000049,-0.000143,-0.072528,0.000001,0.000007,0.000000,0.000000,0.000000,0.000000,0.000000,0.000000,-0.000156,-0.000054,-0.070356,-0.000147,-0.000001,-0.077849,0.000005,0.000000,0.000000,0.000000,0.000000,0.000000,0.000000,-0.000104,0.000280,0.000268,-0.133950,0.000000,-0.000000,-0.147598
1.150000,-1.460498,0.000000,0.000000,-1.856691,0.000000,0.000000,-0.000000,0.000000,-0.000000,0.000000,0.000000,-0.000000,-0.000000,0.000000,-1.322188,0.000000,0.000000,-1.712257,0.000000,0.000000,0.000000,0.000000,0.000000,0.000000,0.000000,0.000000,0.000000,0.000000,-0.865609,0.000000,0.000000,-1.228642,0.000000,0.000000,0.000000,0.000000,0.000000,0.000000,0.000000,0.000000,0.000000,0.000000,0.000000,0.000000,0.000000,0.000141,-0.068991,0.000049,-0.000142,-0.072528,0.000001,0.000007,0.000000,0.000000,0.000000,0.000000,0.000000,0.000000,-0.000155,-0.000053,-0.070323,-0.000146,-0.000001,-0.077849,0.000005,-0.000000,-0.000000,-0.000000,-0.000000,-0.000000,-0.000000,-0.000104,0.000277,0.000266,-0.133889,0.000000,-0.000000,-0.147598
1.160000,-1.460458,0.000000,0.000000,-1.856680,0.000000,0.000000,0.000000,0.000000,0.000000,0.000000,0.000000,0.000000,0.000000,0.000000,-1.322152,0.000000,0.000000,-1.712245,0.000000,0.000000,0.000000,0.000000,0.000000,0.000000,0.000000,0.000000,0.000000,0.000000,-0.865579,0.000000,0.000000,-1.228626,0.000000,0.000000,0.000000,0.000000,0.000000,0.000000,0.000000,0.000000,0.000000,0.000000,0.000000,0.000000,0.000000,0.000141,-0.068962,0.000049,-0.000140,-0.072528,0.000001,0.000007,0.000000,0.000000,0.000000,0.000000,0.000000,0.000000,-0.000153,-0.000053,-0.070290,-0.000145,-0.000001,-0.077848,0.000005,0.000000,0.000000,0.000000,0.000000,0.000000,0.000000,-0.000103,0.000275,0.000264,-0.133826,0.000000,-0.000000,-0.147597
1.170000,-1.460417,0.000000,0.000000,-1.856669,0.000000,0.000000,0.000000,0.000000,0.000000,0.000000,0.000000,0.000000,0.000000,0.000000,-1.322114,0.000000,0.000000,-1.712234,0.000000,0.000000,0.000000,0.000000,0.000000,0.000000,0.000000,0.000000,0.000000,0.000000,-0.865549,0.000000,0.000000,-1.228609,0.000000,0.000000,0.000000,0.000000,0.000000,0.000000,0.000000,0.000000,0.000000,0.000000,0.000000,0.000000,0.000000,0.000140,-0.068933,0.000048,-0.000139,-0.072527,0.000001,0.000007,0.000000,0.000000,0.000000,0.000000,0.000000,0.000000,-0.000152,-0.000053,-0.070256,-0.000144,-0.000001,-0.077848,0.000005,0.000000,0.000000,0.000000,0.000000,0.000000,0.000000,-0.000103,0.000273,0.000263,-0.133764,0.000000,-0.000000,-0.147596
1.180000,-1.460376,0.000000,0.000000,-1.856657,0.000000,0.000000,0.000000,0.000000,0.000000,0.000000,0.000000,0.000000,0.000000,0.000000,-1.322076,0.000000,0.000000,-1.712222,0.000000,0.000000,0.000000,0.000000,0.000000,0.000000,0.000000,0.000000,0.000000,0.000000,-0.865518,0.000000,0.000000,-1.228592,0.000000,0.000000,0.000000,0.000000,0.000000,0.000000,0.000000,0.000000,0.000000,0.000000,0.000000,0.000000,0.000000,0.000139,-0.068904,0.000048,-0.000138,-0.072527,0.000001,0.000007,0.000000,0.000000,0.000000,0.000000,0.000000,0.000000,-0.000151,-0.000053,-0.070222,-0.000143,-0.000001,-0.077847,0.000005,0.000000,0.000000,0.000000,0.000000,0.000000,0.000000,-0.000102,0.000270,0.000261,-0.133700,0.000000,-0.000000,-0.147595
1.190000,-1.460333,0.000000,0.000000,-1.856646,0.000000,0.000000,0.000000,0.000000,0.000000,0.000000,0.000000,0.000000,0.000000,0.000000,-1.322037,0.000000,0.000000,-1.712209,0.000000,0.000000,0.000000,0.000000,0.000000,0.000000,0.000000,0.000000,0.000000,0.000000,-0.865486,0.000000,0.000000,-1.228575,0.000000,0.000000,0.000000,0.000000,0.000000,0.000000,0.000000,0.000000,0.000000,0.000000,0.000000,0.000000,0.000000,0.000138,-0.068874,0.000048,-0.000137,-0.072527,0.000001,0.000007,0.000000,0.000000,0.000000,0.000000,0.000000,0.000000,-0.000149,-0.000052,-0.070188,-0.000142,-0.000001,-0.077847,0.000004,0.000000,0.000000,0.000000,0.000000,0.000000,0.000000,-0.000102,0.000268,0.000260,-0.133636,0.000000,-0.000000,-0.147594
1.200000,-1.460290,0.000000,0.000000,-1.856633,0.000000,0.000000,-0.000000,0.000000,-0.000000,0.000000,0.000000,-0.000000,-0.000000,0.000000,-1.321997,0.000000,0.000000,-1.712197,0.000000,0.000000,0.000000,0.000000,0.000000,0.000000,0.000000,0.000000,0.000000,0.000000,-0.865454,0.000000,0.000000,-1.228557,0.000000,0.000000,0.000000,0.000000,0.000000,0.000000,0.000000,0.000000,0.000000,0.000000,0.000000,0.000000,0.000000,0.000137,-0.068844,0.000048,-0.000135,-0.072526,0.000001,0.000006,0.000000,0.000000,0.000000,0.000000,0.000000,0.000000,-0.000148,-0.000052,-0.070154,-0.000141,-0.000001,-0.077847,0.000004,-0.000000,-0.000000,-0.000000,-0.000000,-0.000000,-0.000000,-0.000101,0.000265,0.000258,-0.133571,0.000000,-0.000000,-0.147593
1.210000,-1.460246,0.000000,0.000000,-1.856621,0.000000,0.000000,0.000000,0.000000,0.000000,0.000000,0.000000,0.000000,0.000000,0.000000,-1.321956,0.000000,0.000000,-1.712184,0.000000,0.000000,0.000000,0.000000,0.000000,0.000000,0.000000,0.000000,0.000000,0.000000,-0.865421,0.000000,0.000000,-1.228539,0.000000,0.000000,0.000000,0.000000,0.000000,0.000000,0.000000,0.000000,0.000000,0.000000,0.000000,0.000000,0.000000,0.000136,-0.068814,0.000048,-0.000134,-0.072526,0.000001,0.000006,0.000000,0.000000,0.000000,0.000000,0.000000,0.000000,-0.000147,-0.000052,-0.070119,-0.000141,-0.000001,-0.077846,0.000004,0.000000,0.000000,0.000000,0.000000,0.000000,0.000000,-0.000101,0.000263,0.000257,-0.133506,0.000000,-0.000000,-0.147593
1.220000,-1.460200,0.000000,0.000000,-1.856609,0.000000,0.000000,0.000000,0.000000,0.000000,0.000000,0.000000,0.000000,0.000000,0.000000,-1.321915,0.000000,0.000000,-1.712171,0.000000,0.000000,0.000000,0.000000,0.000000,0.000000,0.000000,0.000000,0.000000,0.000000,-0.865386,0.000000,0.000000,-1.228520,0.000000,0.000000,0.000000,0.000000,0.000000,0.000000,0.000000,0.000000,0.000000,0.000000,0.000000,0.000000,0.000000,0.000136,-0.068784,0.000047,-0.000133,-0.072525,0.000001,0.000006,0.000000,0.000000,0.000000,0.000000,0.000000,0.000000,-0.000146,-0.000052,-0.070084,-0.000140,-0.000001,-0.077846,0.000004,0.000000,0.000000,0.000000,0.000000,0.000000,0.000000,-0.000101,0.000260,0.000255,-0.133440,0.000000,-0.000000,-0.147592
1.230000,-1.460154,0.000000,0.000000,-1.856596,0.000000,0.000000,0.000000,0.000000,0.000000,0.000000,0.000000,0.000000,0.000000,0.000000,-1.321872,0.000000,0.000000,-1.712158,0.000000,0.000000,0.000000,0.000000,0.000000,0.000000,0.000000,0.000000,0.000000,0.000000,-0.865352,0.000000,0.000000,-1.228501,0.000000,0.000000,0.000000,0.000000,0.000000,0.000000,0.000000,0.000000,0.000000,0.000000,0.000000,0.000000,0.000000,0.000135,-0.068753,0.000047,-0.000132,-0.072525,0.000001,0.000006,0.000000,0.000000,0.000000,0.000000,0.000000,0.000000,-0.000144,-0.000052,-0.070048,-0.000139,-0.000001,-0.077845,0.000004,0.000000,0.000000,0.000000,0.000000,0.000000,0.000000,-0.000100,0.000258,0.000254,-0.133374,0.000000,-0.000000,-0.147591
1.240000,-1.460107,0.000000,0.000000,-1.856583,0.000000,0.000000,0.000000,0.000000,0.000000,0.000000,0.000000,0.000000,0.000000,0.000000,-1.321829,0.000000,0.000000,-1.712144,0.000000,0.000000,0.000000,0.000000,0.000000,0.000000,0.000000,0.000000,0.000000,0.000000,-0.865316,0.000000,0.000000,-1.228482,0.000000,0.000000,0.000000,0.000000,0.000000,0.000000,0.000000,0.000000,0.000000,0.000000,0.000000,0.000000,0.000000,0.000134,-0.068722,0.000047,-0.000131,-0.072525,0.000001,0.000006,0.000000,0.000000,0.000000,0.000000,0.000000,0.000000,-0.000143,-0.000051,-0.070012,-0.000138,-0.000001,-0.077845,0.000004,0.000000,0.000000,0.000000,0.000000,0.000000,0.000000,-0.000100,0.000255,0.000252,-0.133307,0.000000,-0.000000,-0.147590
1.250000,-1.460059,0.000000,0.000000,-1.856569,0.000000,0.000000,-0.000000,0.000000,-0.000000,0.000000,0.000000,-0.000000,-0.000000,0.000000,-1.321784,0.000000,0.000000,-1.712130,0.000000,0.000000,0.000000,0.000000,0.000000,0.000000,0.000000,0.000000,0.000000,0.000000,-0.865280,0.000000,0.000000,-1.228462,0.000000,0.000000,0.000000,0.000000,0.000000,0.000000,0.000000,0.000000,0.000000,0.000000,0.000000,0.000000,0.000000,0.000133,-0.068691,0.000047,-0.000129,-0.072524,0.000001,0.000006,0.000000,0.000000,0.000000,0.000000,0.000000,0.000000,-0.000142,-0.000051,-0.069976,-0.000137,-0.000001,-0.077844,0.000004,-0.000000,-0.000000,-0.000000,-0.000000,-0.000000,-0.000000,-0.000099,0.000253,0.000250,-0.133239,0.000000,-0.000000,-0.147589
1.260000,-1.460010,0.000000,0.000000,-1.856556,0.000000,0.000000,0.000000,0.000000,0.000000,0.000000,0.000000,0.000000,0.000000,0.000000,-1.321739,0.000000,0.000000,-1.712116,0.000000,0.000000,0.000000,0.000000,0.000000,0.000000,0.000000,0.000000,0.000000,0.000000,-0.865242,0.000000,0.000000,-1.228442,0.000000,0.000000,0.000000,0.000000,0.000000,0.000000,0.000000,0.000000,0.000000,0.000000,0.000000,0.000000,0.000000,0.000132,-0.068660,0.000047,-0.000128,-0.072524,0.000001,0.000006,0.000000,0.000000,0.000000,0.000000,0.000000,0.000000,-0.000140,-0.000051,-0.069939,-0.000136,-0.000001,-0.077844,0.000004,0.000000,0.000000,0.000000,0.000000,0.000000,0.000000,-0.000099,0.000251,0.000249,-0.133171,0.000000,-0.000000,-0.147588
1.270000,-1.459960,0.000000,0.000000,-1.856542,0.000000,0.000000,0.000000,0.000000,0.000000,0.000000,0.000000,0.000000,0.000000,0.000000,-1.321693,0.000000,0.000000,-1.712101,0.000000,0.000000,0.000000,0.000000,0.000000,0.000000,0.000000,0.000000,0.000000,0.000000,-0.865204,0.000000,0.000000,-1.228421,0.000000,0.000000,0.000000,0.000000,0.000000,0.000000,0.000000,0.000000,0.000000,0.000000,0.000000,0.000000,0.000000,0.000132,-0.068628,0.000046,-0.000127,-0.072523,0.000001,0.000006,0.000000,0.000000,0.000000,0.000000,0.000000,0.000000,-0.000139,-0.000051,-0.069903,-0.000136,-0.000001,-0.077843,0.000004,0.000000,0.000000,0.000000,0.000000,0.000000,0.000000,-0.000098,0.000248,0.000247,-0.133102,0.000000,-0.000000,-0.147587
1.280000,-1.459909,0.000000,0.000000,-1.856527,0.000000,0.000000,0.000000,0.000000,0.000000,0.000000,0.000000,0.000000,0.000000,0.000000,-1.321646,0.000000,0.000000,-1.712086,0.000000,0.000000,0.000000,0.000000,0.000000,0.000000,0.000000,0.000000,0.000000,0.000000,-0.865165,0.000000,0.000000,-1.228400,0.000000,0.000000,0.000000,0.000000,0.000000,0.000000,0.000000,0.000000,0.000000,0.000000,0.000000,0.000000,0.000000,0.000131,-0.068595,0.000046,-0.000126,-0.072523,0.000001,0.000006,0.000000,0.000000,0.000000,0.000000,0.000000,0.000000,-0.000138,-0.000050,-0.069865,-0.000135,-0.000001,-0.077843,0.000004,0.000000,0.000000,0.000000,0.000000,0.000000,0.000000,-0.000098,0.000246,0.000246,-0.133032,0.000000,-0.000000,-0.147586
1.290000,-1.459856,0.000000,0.000000,-1.856513,0.000000,0.000000,0.000000,0.000000,0.000000,0.000000,0.000000,0.000000,0.000000,0.000000,-1.321598,0.000000,0.000000,-1.712071,0.000000,0.000000,0.000000,0.000000,0.000000,0.000000,0.000000,0.000000,0.000000,0.000000,-0.865126,0.000000,0.000000,-1.228378,0.000000,0.000000,0.000000,0.000000,0.000000,0.000000,0.000000,0.000000,0.000000,0.000000,0.000000,0.000000,0.000000,0.000130,-0.068563,0.000046,-0.000125,-0.072523,0.000001,0.000006,0.000000,0.000000,0.000000,0.000000,0.000000,0.000000,-0.000137,-0.000050,-0.069828,-0.000134,-0.000001,-0.077842,0.000004,0.000000,0.000000,0.000000,0.000000,0.000000,0.000000,-0.000097,0.000244,0.000244,-0.132962,0.000000,-0.000000,-0.147585
1.300000,-1.459803,0.000000,0.000000,-1.856498,0.000000,0.000000,-0.000000,0.000000,-0.000000,0.000000,0.000000,-0.000000,-0.000000,0.000000,-1.321548,0.000000,0.000000,-1.712056,0.000000,0.000000,0.000000,0.000000,0.000000,0.000000,0.000000,0.000000,0.000000,0.000000,-0.865085,0.000000,0.000000,-1.228356,0.000000,0.000000,0.000000,0.000000,0.000000,0.000000,0.000000,0.000000,0.000000,0.000000,0.000000,0.000000,0.000000,0.000129,-0.068530,0.000046,-0.000123,-0.072522,0.000001,0.000006,0.000000,0.000000,0.000000,0.000000,0.000000,0.000000,-0.000135,-0.000050,-0.069790,-0.000133,-0.000001,-0.077842,0.000004,-0.000000,-0.000000,-0.000000,-0.000000,-0.000000,-0.000000,-0.000097,0.000241,0.000243,-0.132891,0.000000,-0.000000,-0.147584
1.310000,-1.459749,0.000000,0.000000,-1.856483,0.000000,0.000000,0.000000,0.000000,0.000000,0.000000,0.000000,0.000000,0.000000,0.000000,-1.321498,0.000000,0.000000,-1.712040,0.000000,0.000000,0.000000,0.000000,0.000000,0.000000,0.000000,0.000000,0.000000,0.000000,-0.865043,0.000000,0.000000,-1.228333,0.000000,0.000000,0.000000,0.000000,0.000000,0.000000,0.000000,0.000000,0.000000,0.000000,0.000000,0.000000,0.000000,0.000128,-0.068497,0.000045,-0.000122,-0.072522,0.000001,0.000006,0.000000,0.000000,0.000000,0.000000,0.000000,0.000000,-0.000134,-0.000050,-0.069752,-0.000132,-0.000001,-0.077842,0.000004,0.000000,0.000000,0.000000,0.000000,0.000000,0.000000,-0.000097,0.000239,0.000241,-0.132820,0.000000,-0.000000,-0.147584
1.320000,-1.459693,0.000000,0.000000,-1.856467,0.000000,0.000000,0.000000,0.000000,0.000000,0.000000,0.000000,0.000000,0.000000,0.000000,-1.321447,0.000000,0.000000,-1.712024,0.000000,0.000000,0.000000,0.000000,0.000000,0.000000,0.000000,0.000000,0.000000,0.000000,-0.865000,0.000000,0.000000,-1.228310,0.000000,0.000000,0.000000,0.000000,0.000000,0.000000,0.000000,0.000000,0.000000,0.000000,0.000000,0.000000,0.000000,0.000128,-0.068464,0.000045,-0.000121,-0.072521,0.000001,0.000006,0.000000,0.000000,0.000000,0.000000,0.000000,0.000000,-0.000133,-0.000049,-0.069713,-0.000131,-0.000001,-0.077841,0.000004,0.000000,0.000000,0.000000,0.000000,0.000000,0.000000,-0.000096,0.000236,0.000240,-0.132747,0.000000,-0.000000,-0.147583
1.330000,-1.459636,0.000000,0.000000,-1.856451,0.000000,0.000000,0.000000,0.000000,0.000000,0.000000,0.000000,0.000000,0.000000,0.000000,-1.321394,0.000000,0.000000,-1.712007,0.000000,0.000000,0.000000,0.000000,0.000000,0.000000,0.000000,0.000000,0.000000,0.000000,-0.864957,0.000000,0.000000,-1.228286,0.000000,0.000000,0.000000,0.000000,0.000000,0.000000,0.000000,0.000000,0.000000,0.000000,0.000000,0.000000,0.000000,0.000127,-0.068430,0.000045,-0.000120,-0.072521,0.000001,0.000006,0.000000,0.000000,0.000000,0.000000,0.000000,0.000000,-0.000132,-0.000049,-0.069674,-0.000131,-0.000001,-0.077841,0.000004,0.000000,0.000000,0.000000,0.000000,0.000000,0.000000,-0.000096,0.000234,0.000239,-0.132674,0.000000,-0.000000,-0.147582
1.340000,-1.459578,0.000000,0.000000,-1.856435,0.000000,0.000000,0.000000,0.000000,0.000000,0.000000,0.000000,0.000000,0.000000,0.000000,-1.321341,0.000000,0.000000,-1.711991,0.000000,0.000000,0.000000,0.000000,0.000000,0.000000,0.000000,0.000000,0.000000,0.000000,-0.864912,0.000000,0.000000,-1.228261,0.000000,0.000000,0.000000,0.000000,0.000000,0.000000,0.000000,0.000000,0.000000,0.000000,0.000000,0.000000,0.000000,0.000126,-0.068396,0.000045,-0.000119,-0.072520,0.000001,0.000006,0.000000,0.000000,0.000000,0.000000,0.000000,0.000000,-0.000130,-0.000049,-0.069635,-0.000130,-0.000001,-0.077840,0.000004,0.000000,0.000000,0.000000,0.000000,0.000000,0.000000,-0.000095,0.000232,0.000237,-0.132601,0.000000,-0.000000,-0.147581
1.350000,-1.459519,0.000000,0.000000,-1.856419,0.000000,0.000000,-0.000000,0.000000,-0.000000,0.000000,0.000000,-0.000000,-0.000000,0.000000,-1.321286,0.000000,0.000000,-1.711973,0.000000,0.000000,0.000000,0.000000,0.000000,0.000000,0.000000,0.000000,0.000000,0.000000,-0.864866,0.000000,0.000000,-1.228237,0.000000,0.000000,0.000000,0.000000,0.000000,0.000000,0.000000,0.000000,0.000000,0.000000,0.000000,0.000000,0.000000,0.000125,-0.068361,0.000044,-0.000117,-0.072520,0.000001,0.000006,0.000000,0.000000,0.000000,0.000000,0.000000,0.000000,-0.000129,-0.000049,-0.069595,-0.000129,-0.000001,-0.077840,0.000004,-0.000000,-0.000000,-0.000000,-0.000000,-0.000000,-0.000000,-0.000095,0.000230,0.000236,-0.132527,0.000000,-0.000000,-0.147580
1.360000,-1.459459,0.000000,0.000000,-1.856402,0.000000,0.000000,0.000000,0.000000,0.000000,0.000000,0.000000,0.000000,0.000000,0.000000,-1.321231,0.000000,0.000000,-1.711956,0.000000,0.000000,0.000000,0.000000,0.000000,0.000000,0.000000,0.000000,0.000000,0.000000,-0.864820,0.000000,0.000000,-1.228211,0.000000,0.000000,0.000000,0.000000,0.000000,0.000000,0.000000,0.000000,0.000000,0.000000,0.000000,0.000000,0.000000,0.000125,-0.068326,0.000044,-0.000116,-0.072520,0.000001,0.000006,0.000000,0.000000,0.000000,0.000000,0.000000,0.000000,-0.000128,-0.000048,-0.069555,-0.000128,-0.000001,-0.077839,0.000004,0.000000,0.000000,0.000000,0.000000,0.000000,0.000000,-0.000094,0.000227,0.000234,-0.132452,0.000000,-0.000000,-0.147579
1.370000,-1.459397,0.000000,0.000000,-1.856385,0.000000,0.000000,0.000000,0.000000,0.000000,0.000000,0.000000,0.000000,0.000000,0.000000,-1.321174,0.000000,0.000000,-1.711938,0.000000,0.000000,0.000000,0.000000,0.000000,0.000000,0.000000,0.000000,0.000000,0.000000,-0.864772,0.000000,0.000000,-1.228185,0.000000,0.000000,0.000000,0.000000,0.000000,0.000000,0.000000,0.000000,0.000000,0.000000,0.000000,0.000000,0.000000,0.000124,-0.068291,0.000044,-0.000115,-0.072519,0.000001,0.000006,0.000000,0.000000,0.000000,0.000000,0.000000,0.000000,-0.000127,-0.000048,-0.069514,-0.000128,-0.000001,-0.077839,0.000004,0.000000,0.000000,0.000000,0.000000,0.000000,0.000000,-0.000094,0.000225,0.000233,-0.132376,0.000000,-0.000000,-0.147578
1.380000,-1.459334,0.000000,0.000000,-1.856367,0.000000,0.000000,0.000000,0.000000,0.000000,0.000000,0.000000,0.000000,0.000000,0.000000,-1.321116,0.000000,0.000000,-1.711920,0.000000,0.000000,0.000000,0.000000,0.000000,0.000000,0.000000,0.000000,0.000000,0.000000,-0.864723,0.000000,0.000000,-1.228159,0.000000,0.000000,0.000000,0.000000,0.000000,0.000000,0.000000,0.000000,0.000000,0.000000,0.000000,0.000000,0.000000,0.000123,-0.068256,0.000044,-0.000114,-0.072519,0.000001,0.000006,0.000000,0.000000,0.000000,0.000000,0.000000,0.000000,-0.000125,-0.000048,-0.069474,-0.000127,-0.000001,-0.077838,0.000004,0.000000,0.000000,0.000000,0.000000,0.000000,0.000000,-0.000094,0.000223,0.000231,-0.132300,0.000000,-0.000000,-0.147577
1.390000,-1.459270,0.000000,0.000000,-1.856349,0.000000,0.000000,0.000000,0.000000,0.000000,0.000000,0.000000,0.000000,0.000000,0.000000,-1.321056,0.000000,0.000000,-1.711901,0.000000,0.000000,0.000000,0.000000,0.000000,0.000000,0.000000,0.000000,0.000000,0.000000,-0.864673,0.000000,0.000000,-1.228131,0.000000,0.000000,0.000000,0.000000,0.000000,0.000000,0.000000,0.000000,0.000000,0.000000,0.000000,0.000000,0.000000,0.000122,-0.068220,0.000044,-0.000113,-0.072518,0.000001,0.000006,0.000000,0.000000,0.000000,0.000000,0.000000,0.000000,-0.000124,-0.000048,-0.069433,-0.000126,-0.000001,-0.077837,0.000004,0.000000,0.000000,0.000000,0.000000,0.000000,0.000000,-0.000093,0.000220,0.000230,-0.132223,0.000000,-0.000000,-0.147576
1.400000,-1.459204,0.000000,0.000000,-1.856331,0.000000,0.000000,-0.000000,0.000000,-0.000000,0.000000,0.000000,-0.000000,-0.000000,0.000000,-1.320996,0.000000,0.000000,-1.711882,0.000000,0.000000,0.000000,0.000000,0.000000,0.000000,0.000000,0.000000,0.000000,0.000000,-0.864622,0.000000,0.000000,-1.228104,0.000000,0.000000,0.000000,0.000000,0.000000,0.000000,0.000000,0.000000,0.000000,0.000000,0.000000,0.000000,0.000000,0.000121,-0.068184,0.000043,-0.000112,-0.072518,0.000001,0.000006,0.000000,0.000000,0.000000,0.000000,0.000000,0.000000,-0.000123,-0.000047,-0.069391,-0.000125,-0.000001,-0.077837,0.000004,-0.000000,-0.000000,-0.000000,-0.000000,-0.000000,-0.000000,-0.000093,0.000218,0.000229,-0.132145,0.000000,-0.000000,-0.147575
1.410000,-1.459137,0.000000,0.000000,-1.856313,0.000000,0.000000,0.000000,0.000000,0.000000,0.000000,0.000000,0.000000,0.000000,0.000000,-1.320934,0.000000,0.000000,-1.711863,0.000000,0.000000,0.000000,0.000000,0.000000,0.000000,0.000000,0.000000,0.000000,0.000000,-0.864570,0.000000,0.000000,-1.228075,0.000000,0.000000,0.000000,0.000000,0.000000,0.000000,0.000000,0.000000,0.000000,0.000000,0.000000,0.000000,0.000000,0.000121,-0.068147,0.000043,-0.000111,-0.072517,0.000001,0.000006,0.000000,0.000000,0.000000,0.000000,0.000000,0.000000,-0.000122,-0.000047,-0.069349,-0.000124,-0.000001,-0.077836,0.000004,0.000000,0.000000,0.000000,0.000000,0.000000,0.000000,-0.000092,0.000216,0.000227,-0.132066,0.000000,-0.000000,-0.147574
1.420000,-1.459069,0.000000,0.000000,-1.856294,0.000000,0.000000,0.000000,0.000000,0.000000,0.000000,0.000000,0.000000,0.000000,0.000000,-1.320870,0.000000,0.000000,-1.711843,0.000000,0.000000,0.000000,0.000000,0.000000,0.000000,0.000000,0.000000,0.000000,0.000000,-0.864516,0.000000,0.000000,-1.228046,0.000000,0.000000,0.000000,0.000000,0.000000,0.000000,0.000000,0.000000,0.000000,0.000000,0.000000,0.000000,0.000000,0.000120,-0.068110,0.000043,-0.000109,-0.072517,0.000001,0.000006,0.000000,0.000000,0.000000,0.000000,0.000000,0.000000,-0.000121,-0.000047,-0.069307,-0.000124,-0.000001,-0.077836,0.000004,0.000000,0.000000,0.000000,0.000000,0.000000,0.000000,-0.000092,0.000214,0.000226,-0.131987,0.000000,-0.000000,-0.147573
1.430000,-1.458999,0.000000,0.000000,-1.856274,0.000000,0.000000,0.000000,0.000000,0.000000,0.000000,0.000000,0.000000,0.000000,0.000000,-1.320806,0.000000,0.000000,-1.711822,0.000000,0.000000,0.000000,0.000000,0.000000,0.000000,0.000000,0.000000,0.000000,0.000000,-0.864462,0.000000,0.000000,-1.228017,0.000000,0.000000,0.000000,0.000000,0.000000,0.000000,0.000000,0.000000,0.000000,0.000000,0.000000,0.000000,0.000000,0.000119,-0.068073,0.000043,-0.000108,-0.072516,0.000001,0.000006,0.000000,0.000000,0.000000,0.000000,0.000000,0.000000,-0.000119,-0.000047,-0.069264,-0.000123,-0.000001,-0.077835,0.000004,0.000000,0.000000,0.000000,0.000000,0.000000,0.000000,-0.000091,0.000211,0.000225,-0.131907,0.000000,-0.000000,-0.147572
1.440000,-1.458928,0.000000,0.000000,-1.856254,0.000000,0.000000,0.000000,0.000000,0.000000,0.000000,0.000000,0.000000,0.000000,0.000000,-1.320740,0.000000,0.000000,-1.711802,0.000000,0.000000,0.000000,0.000000,0.000000,0.000000,0.000000,0.000000,0.000000,0.000000,-0.864406,0.000000,0.000000,-1.227986,0.000000,0.000000,0.000000,0.000000,0.000000,0.000000,0.000000,0.000000,0.000000,0.000000,0.000000,0.000000,0.000000,0.000119,-0.068036,0.000043,-0.000107,-0.072516,0.000001,0.000006,0.000000,0.000000,0.000000,0.000000,0.000000,0.000000,-0.000118,-0.000047,-0.069221,-0.000122,-0.000001,-0.077835,0.000004,0.000000,0.000000,0.000000,0.000000,0.000000,0.000000,-0.000091,0.000209,0.000223,-0.131827,0.000000,-0.000000,-0.147571
1.450000,-1.458855,0.000000,0.000000,-1.856234,0.000000,0.000000,-0.000000,0.000000,-0.000000,0.000000,0.000000,-0.000000,-0.000000,0.000000,-1.320673,0.000000,0.000000,-1.711781,0.000000,0.000000,0.000000,0.000000,0.000000,0.000000,0.000000,0.000000,0.000000,0.000000,-0.864349,0.000000,0.000000,-1.227955,0.000000,0.000000,0.000000,0.000000,0.000000,0.000000,0.000000,0.000000,0.000000,0.000000,0.000000,0.000000,0.000000,0.000118,-0.067998,0.000042,-0.000106,-0.072515,0.000001,0.000006,0.000000,0.000000,0.000000,0.000000,0.000000,0.000000,-0.000117,-0.000046,-0.069177,-0.000121,-0.000001,-0.077834,0.000004,-0.000000,-0.000000,-0.000000,-0.000000,-0.000000,-0.000000,-0.000090,0.000207,0.000222,-0.131745,0.000000,-0.000000,-0.147569
1.460000,-1.458781,0.000000,0.000000,-1.856213,0.000000,0.000000,0.000000,0.000000,0.000000,0.000000,0.000000,0.000000,0.000000,0.000000,-1.320604,0.000000,0.000000,-1.711759,0.000000,0.000000,0.000000,0.000000,0.000000,0.000000,0.000000,0.000000,0.000000,0.000000,-0.864290,0.000000,0.000000,-1.227924,0.000000,0.000000,0.000000,0.000000,0.000000,0.000000,0.000000,0.000000,0.000000,0.000000,0.000000,0.000000,0.000000,0.000117,-0.067959,0.000042,-0.000105,-0.072515,0.000001,0.000006,0.000000,0.000000,0.000000,0.000000,0.000000,0.000000,-0.000116,-0.000046,-0.069134,-0.000121,-0.000001,-0.077834,0.000004,0.000000,0.000000,0.000000,0.000000,0.000000,0.000000,-0.000090,0.000205,0.000221,-0.131663,0.000000,-0.000000,-0.147568
1.470000,-1.458705,0.000000,0.000000,-1.856192,0.000000,0.000000,0.000000,0.000000,0.000000,0.000000,0.000000,0.000000,0.000000,0.000000,-1.320534,0.000000,0.000000,-1.711737,0.000000,0.000000,0.000000,0.000000,0.000000,0.000000,0.000000,0.000000,0.000000,0.000000,-0.864230,0.000000,0.000000,-1.227891,0.000000,0.000000,0.000000,0.000000,0.000000,0.000000,0.000000,0.000000,0.000000,0.000000,0.000000,0.000000,0.000000,0.000116,-0.067921,0.000042,-0.000104,-0.072514,0.000001,0.000006,0.000000,0.000000,0.000000,0.000000,0.000000,0.000000,-0.000115,-0.000046,-0.069089,-0.000120,-0.000001,-0.077833,0.000004,0.000000,0.000000,0.000000,0.000000,0.000000,0.000000,-0.000089,0.000202,0.000219,-0.131580,0.000000,-0.000000,-0.147567
1.480000,-1.458628,0.000000,0.000000,-1.856171,0.000000,0.000000,0.000000,0.000000,0.000000,0.000000,0.000000,0.000000,0.000000,0.000000,-1.320462,0.000000,0.000000,-1.711714,0.000000,0.000000,0.000000,0.000000,0.000000,0.000000,0.000000,0.000000,0.000000,0.000000,-0.864169,0.000000,0.000000,-1.227858,0.000000,0.000000,0.000000,0.000000,0.000000,0.000000,0.000000,0.000000,0.000000,0.000000,0.000000,0.000000,0.000000,0.000116,-0.067882,0.000042,-0.000103,-0.072514,0.000001,0.000006,0.000000,0.000000,0.000000,0.000000,0.000000,0.000000,-0.000113,-0.000046,-0.069045,-0.000119,-0.000001,-0.077833,0.000004,0.000000,0.000000,0.000000,0.000000,0.000000,0.000000,-0.000089,0.000200,0.000218,-0.131497,0.000000,-0.000000,-0.147566
1.490000,-1.458549,0.000000,0.000000,-1.856149,0.000000,0.000000,0.000000,0.000000,0.000000,0.000000,0.000000,0.000000,0.000000,0.000000,-1.320389,0.000000,0.000000,-1.711691,0.000000,0.000000,0.000000,0.000000,0.000000,0.000000,0.000000,0.000000,0.000000,0.000000,-0.864107,0.000000,0.000000,-1.227824,0.000000,0.000000,0.000000,0.000000,0.000000,0.000000,0.000000,0.000000,0.000000,0.000000,0.000000,0.000000,0.000000,0.000115,-0.067842,0.000041,-0.000102,-0.072513,0.000001,0.000006,0.000000,0.000000,0.000000,0.000000,0.000000,0.000000,-0.000112,-0.000045,-0.068999,-0.000119,-0.000001,-0.077832,0.000004,0.000000,0.000000,0.000000,0.000000,0.000000,0.000000,-0.000089,0.000198,0.000217,-0.131412,0.000000,-0.000000,-0.147565
1.500000,-1.458468,0.000000,0.000000,-1.856126,0.000000,0.000000,-0.000000,0.000000,-0.000000,0.000000,0.000000,-0.000000,-0.000000,0.000000,-1.320314,0.000000,0.000000,-1.711668,0.000000,0.000000,0.000000,0.000000,0.000000,0.000000,0.000000,0.000000,0.000000,0.000000,-0.864043,0.000000,0.000000,-1.227789,0.000000,0.000000,0.000000,0.000000,0.000000,0.000000,0.000000,0.000000,0.000000,0.000000,0.000000,0.000000,0.000000,0.000114,-0.067802,0.000041,-0.000101,-0.072513,0.000001,0.000006,0.000000,0.000000,0.000000,0.000000,0.000000,0.000000,-0.000111,-0.000045,-0.068954,-0.000118,-0.000001,-0.077831,0.000004,-0.000000,-0.000000,-0.000000,-0.000000,-0.000000,-0.000000,-0.000088,0.000196,0.000215,-0.131327,0.000000,-0.000000,-0.147564
1.510000,-1.458386,0.000000,0.000000,-1.856103,0.000000,0.000000,0.000000,0.000000,0.000000,0.000000,0.000000,0.000000,0.000000,0.000000,-1.320238,0.000000,0.000000,-1.711644,0.000000,0.000000,0.000000,0.000000,0.000000,0.000000,0.000000,0.000000,0.000000,0.000000,-0.863977,0.000000,0.000000,-1.227754,0.000000,0.000000,0.000000,0.000000,0.000000,0.000000,0.000000,0.000000,0.000000,0.000000,0.000000,0.000000,0.000000,0.000114,-0.067762,0.000041,-0.000099,-0.072512,0.000001,0.000006,0.000000,0.000000,0.000000,0.000000,0.000000,0.000000,-0.000110,-0.000045,-0.068908,-0.000117,-0.000001,-0.077831,0.000004,0.000000,0.000000,0.000000,0.000000,0.000000,0.000000,-0.000088,0.000194,0.000214,-0.131241,0.000000,-0.000000,-0.147563
1.520000,-1.458302,0.000000,0.000000,-1.856080,0.000000,0.000000,0.000000,0.000000,0.000000,0.000000,0.000000,0.000000,0.000000,0.000000,-1.320160,0.000000,0.000000,-1.711620,0.000000,0.000000,0.000000,0.000000,0.000000,0.000000,0.000000,0.000000,0.000000,0.000000,-0.863910,0.000000,0.000000,-1.227718,0.000000,0.000000,0.000000,0.000000,0.000000,0.000000,0.000000,0.000000,0.000000,0.000000,0.000000,0.000000,0.000000,0.000113,-0.067722,0.000041,-0.000098,-0.072512,0.000001,0.000006,0.000000,0.000000,0.000000,0.000000,0.000000,0.000000,-0.000109,-0.000045,-0.068862,-0.000116,-0.000001,-0.077830,0.000004,0.000000,0.000000,0.000000,0.000000,0.000000,0.000000,-0.000087,0.000191,0.000213,-0.131154,0.000000,-0.000000,-0.147562
1.530000,-1.458216,0.000000,0.000000,-1.856056,0.000000,0.000000,0.000000,0.000000,0.000000,0.000000,0.000000,0.000000,0.000000,0.000000,-1.320080,0.000000,0.000000,-1.711595,0.000000,0.000000,0.000000,0.000000,0.000000,0.000000,0.000000,0.000000,0.000000,0.000000,-0.863842,0.000000,0.000000,-1.227681,0.000000,0.000000,0.000000,0.000000,0.000000,0.000000,0.000000,0.000000,0.000000,0.000000,0.000000,0.000000,0.000000,0.000112,-0.067681,0.000041,-0.000097,-0.072511,0.000001,0.000006,0.000000,0.000000,0.000000,0.000000,0.000000,0.000000,-0.000108,-0.000044,-0.068815,-0.000116,-0.000001,-0.077830,0.000004,0.000000,0.000000,0.000000,0.000000,0.000000,0.000000,-0.000087,0.000189,0.000212,-0.131067,0.000000,-0.000000,-0.147561
1.540000,-1.458129,0.000000,0.000000,-1.856032,0.000000,0.000000,0.000000,0.000000,0.000000,0.000000,0.000000,0.000000,0.000000,0.000000,-1.319999,0.000000,0.000000,-1.711569,0.000000,0.000000,0.000000,0.000000,0.000000,0.000000,0.000000,0.000000,0.000000,0.000000,-0.863772,0.000000,0.000000,-1.227643,0.000000,0.000000,0.000000,0.000000,0.000000,0.000000,0.000000,0.000000,0.000000,0.000000,0.000000,0.000000,0.000000,0.000112,-0.067639,0.000040,-0.000096,-0.072511,0.000001,0.000006,0.000000,0.000000,0.000000,0.000000,0.000000,0.000000,-0.000106,-0.000044,-0.068768,-0.000115,-0.000001,-0.077829,0.000004,0.000000,0.000000,0.000000,0.000000,0.000000,0.000000,-0.000086,0.000187,0.000210,-0.130978,0.000000,-0.000000,-0.147559
1.550000,-1.458039,0.000000,0.000000,-1.856007,0.000000,0.000000,-0.000000,0.000000,-0.000000,0.000000,0.000000,-0.000000,-0.000000,0.000000,-1.319916,0.000000,0.000000,-1.711543,0.000000,0.000000,0.000000,0.000000,0.000000,0.000000,0.000000,0.000000,0.000000,0.000000,-0.863700,0.000000,0.000000,-1.227604,0.000000,0.000000,0.000000,0.000000,0.000000,0.000000,0.000000,0.000000,0.000000,0.000000,0.000000,0.000000,0.000000,0.000111,-0.067598,0.000040,-0.000095,-0.072510,0.000001,0.000006,0.000000,0.000000,0.000000,0.000000,0.000000,0.000000,-0.000105,-0.000044,-0.068720,-0.000114,-0.000001,-0.077828,0.000004,-0.000000,-0.000000,-0.000000,-0.000000,-0.000000,-0.000000,-0.000086,0.000185,0.000209,-0.130889,0.000000,-0.000000,-0.147558
1.560000,-1.457948,0.000000,0.000000,-1.855981,0.000000,0.000000,0.000000,0.000000,0.000000,0.000000,0.000000,0.000000,0.000000,0.000000,-1.319832,0.000000,0.000000,-1.711516,0.000000,0.000000,0.000000,0.000000,0.000000,0.000000,0.000000,0.000000,0.000000,0.000000,-0.863627,0.000000,0.000000,-1.227565,0.000000,0.000000,0.000000,0.000000,0.000000,0.000000,0.000000,0.000000,0.000000,0.000000,0.000000,0.000000,0.000000,0.000110,-0.067555,0.000040,-0.000094,-0.072510,0.000001,0.000006,0.000000,0.000000,0.000000,0.000000,0.000000,0.000000,-0.000104,-0.000044,-0.068672,-0.000114,-0.000001,-0.077828,0.000004,0.000000,0.000000,0.000000,0.000000,0.000000,0.000000,-0.000086,0.000183,0.000208,-0.130799,0.000000,-0.000000,-0.147557
1.570000,-1.457855,0.000000,0.000000,-1.855956,0.000000,0.000000,0.000000,0.000000,0.000000,0.000000,0.000000,0.000000,0.000000,0.000000,-1.319745,0.000000,0.000000,-1.711489,0.000000,0.000000,0.000000,0.000000,0.000000,0.000000,0.000000,0.000000,0.000000,0.000000,-0.863553,0.000000,0.000000,-1.227525,0.000000,0.000000,0.000000,0.000000,0.000000,0.000000,0.000000,0.000000,0.000000,0.000000,0.000000,0.000000,0.000000,0.000110,-0.067513,0.000040,-0.000093,-0.072509,0.000001,0.000006,0.000000,0.000000,0.000000,0.000000,0.000000,0.000000,-0.000103,-0.000044,-0.068624,-0.000113,-0.000001,-0.077827,0.000003,0.000000,0.000000,0.000000,0.000000,0.000000,0.000000,-0.000085,0.000181,0.000207,-0.130708,0.000000,-0.000000,-0.147556
1.580000,-1.457760,0.000000,0.000000,-1.855929,0.000000,0.000000,0.000000,0.000000,0.000000,0.000000,0.000000,0.000000,0.000000,0.000000,-1.319657,0.000000,0.000000,-1.711461,0.000000,0.000000,0.000000,0.000000,0.000000,0.000000,0.000000,0.000000,0.000000,0.000000,-0.863476,0.000000,0.000000,-1.227483,0.000000,0.000000,0.000000,0.000000,0.000000,0.000000,0.000000,0.000000,0.000000,0.000000,0.000000,0.000000,0.000000,0.000109,-0.067470,0.000039,-0.000092,-0.072509,0.000001,0.000006,0.000000,0.000000,0.000000,0.000000,0.000000,0.000000,-0.000102,-0.000043,-0.068575,-0.000112,-0.000001,-0.077827,0.000003,0.000000,0.000000,0.000000,0.000000,0.000000,0.000000,-0.000085,0.000179,0.000205,-0.130617,0.000000,-0.000000,-0.147555
1.590000,-1.457663,0.000000,0.000000,-1.855902,0.000000,0.000000,0.000000,0.000000,0.000000,0.000000,0.000000,0.000000,0.000000,0.000000,-1.319567,0.000000,0.000000,-1.711433,0.000000,0.000000,0.000000,0.000000,0.000000,0.000000,0.000000,0.000000,0.000000,0.000000,-0.863398,0.000000,0.000000,-1.227441,0.000000,0.000000,0.000000,0.000000,0.000000,0.000000,0.000000,0.000000,0.000000,0.000000,0.000000,0.000000,0.000000,0.000108,-0.067426,0.000039,-0.000091,-0.072508,0.000001,0.000006,0.000000,0.000000,0.000000,0.000000,0.000000,0.000000,-0.000101,-0.000043,-0.068525,-0.000112,-0.000001,-0.077826,0.000003,0.000000,0.000000,0.000000,0.000000,0.000000,0.000000,-0.000084,0.000176,0.000204,-0.130524,0.000000,-0.000000,-0.147553
1.600000,-1.457564,0.000000,0.000000,-1.855874,0.000000,0.000000,-0.000000,0.000000,-0.000000,0.000000,0.000000,-0.000000,-0.000000,0.000000,-1.319475,0.000000,0.000000,-1.711404,0.000000,0.000000,0.000000,0.000000,0.000000,0.000000,0.000000,0.000000,0.000000,0.000000,-0.863318,0.000000,0.000000,-1.227398,0.000000,0.000000,0.000000,0.000000,0.000000,0.000000,0.000000,0.000000,0.000000,0.000000,0.000000,0.000000,0.000000,0.000108,-0.067383,0.000039,-0.000090,-0.072508,0.000001,0.000006,0.000000,0.000000,0.000000,0.000000,0.000000,0.000000,-0.000100,-0.000043,-0.068475,-0.000111,-0.000001,-0.077825,0.000003,-0.000000,-0.000000,-0.000000,-0.000000,-0.000000,-0.000000,-0.000084,0.000174,0.000203,-0.130431,0.000000,-0.000000,-0.147552
1.610000,-1.457463,0.000000,0.000000,-1.855846,0.000000,0.000000,0.000000,0.000000,0.000000,0.000000,0.000000,0.000000,0.000000,0.000000,-1.319381,0.000000,0.000000,-1.711375,0.000000,0.000000,0.000000,0.000000,0.000000,0.000000,0.000000,0.000000,0.000000,0.000000,-0.863236,0.000000,0.000000,-1.227354,0.000000,0.000000,0.000000,0.000000,0.000000,0.000000,0.000000,0.000000,0.000000,0.000000,0.000000,0.000000,0.000000,0.000107,-0.067338,0.000039,-0.000089,-0.072507,0.000001,0.000006,0.000000,0.000000,0.000000,0.000000,0.000000,0.000000,-0.000098,-0.000043,-0.068425,-0.000110,-0.000001,-0.077825,0.000003,0.000000,0.000000,0.000000,0.000000,0.000000,0.000000,-0.000083,0.000172,0.000202,-0.130337,0.000000,-0.000000,-0.147551
1.620000,-1.457359,0.000000,0.000000,-1.855818,0.000000,0.000000,0.000000,0.000000,0.000000,0.000000,0.000000,0.000000,0.000000,0.000000,-1.319285,0.000000,0.000000,-1.711345,0.000000,0.000000,0.000000,0.000000,0.000000,0.000000,0.000000,0.000000,0.000000,0.000000,-0.863153,0.000000,0.000000,-1.227309,0.000000,0.000000,0.000000,0.000000,0.000000,0.000000,0.000000,0.000000,0.000000,0.000000,0.000000,0.000000,0.000000,0.000106,-0.067294,0.000039,-0.000088,-0.072507,0.000001,0.000006,0.000000,0.000000,0.000000,0.000000,0.000000,0.000000,-0.000097,-0.000042,-0.068374,-0.000110,-0.000001,-0.077824,0.000003,0.000000,0.000000,0.000000,0.000000,0.000000,0.000000,-0.000083,0.000170,0.000201,-0.130242,0.000000,-0.000000,-0.147550
1.630000,-1.457254,0.000000,0.000000,-1.855788,0.000000,0.000000,0.000000,0.000000,0.000000,0.000000,0.000000,0.000000,0.000000,0.000000,-1.319187,0.000000,0.000000,-1.711314,0.000000,0.000000,0.000000,0.000000,0.000000,0.000000,0.000000,0.000000,0.000000,0.000000,-0.863067,0.000000,0.000000,-1.227263,0.000000,0.000000,0.000000,0.000000,0.000000,0.000000,0.000000,0.000000,0.000000,0.000000,0.000000,0.000000,0.000000,0.000106,-0.067249,0.000038,-0.000087,-0.072506,0.000001,0.000006,0.000000,0.000000,0.000000,0.000000,0.000000,0.000000,-0.000096,-0.000042,-0.068323,-0.000109,-0.000001,-0.077823,0.000003,0.000000,0.000000,0.000000,0.000000,0.000000,0.000000,-0.000083,0.000168,0.000200,-0.130146,0.000000,-0.000000,-0.147548
1.640000,-1.457146,0.000000,0.000000,-1.855758,0.000000,0.000000,0.000000,0.000000,0.000000,0.000000,0.000000,0.000000,0.000000,0.000000,-1.319087,0.000000,0.000000,-1.711282,0.000000,0.000000,0.000000,0.000000,0.000000,0.000000,0.000000,0.000000,0.000000,0.000000,-0.862980,0.000000,0.000000,-1.227216,0.000000,0.000000,0.000000,0.000000,0.000000,0.000000,0.000000,0.000000,0.000000,0.000000,0.000000,0.000000,0.000000,0.000105,-0.067203,0.000038,-0.000086,-0.072505,0.000001,0.000006,0.000000,0.000000,0.000000,0.000000,0.000000,0.000000,-0.000095,-0.000042,-0.068272,-0.000109,-0.000001,-0.077823,0.000003,0.000000,0.000000,0.000000,0.000000,0.000000,0.000000,-0.000082,0.000166,0.000198,-0.130049,0.000000,-0.000000,-0.147547
1.650000,-1.457036,0.000000,0.000000,-1.855728,0.000000,0.000000,-0.000000,0.000000,-0.000000,0.000000,0.000000,-0.000000,-0.000000,0.000000,-1.318984,0.000000,0.000000,-1.711250,0.000000,0.000000,0.000000,0.000000,0.000000,0.000000,0.000000,0.000000,0.000000,0.000000,-0.862891,0.000000,0.000000,-1.227168,0.000000,0.000000,0.000000,0.000000,0.000000,0.000000,0.000000,0.000000,0.000000,0.000000,0.000000,0.000000,0.000000,0.000104,-0.067157,0.000038,-0.000085,-0.072505,0.000001,0.000006,0.000000,0.000000,0.000000,0.000000,0.000000,0.000000,-0.000094,-0.000042,-0.068219,-0.000108,-0.000001,-0.077822,0.000003,-0.000000,-0.000000,-0.000000,-0.000000,-0.000000,-0.000000,-0.000082,0.000164,0.000197,-0.129952,0.000000,-0.000000,-0.147546
1.660000,-1.456924,0.000000,0.000000,-1.855696,0.000000,0.000000,0.000000,0.000000,0.000000,0.000000,0.000000,0.000000,0.000000,0.000000,-1.318880,0.000000,0.000000,-1.711217,0.000000,0.000000,0.000000,0.000000,0.000000,0.000000,0.000000,0.000000,0.000000,0.000000,-0.862799,0.000000,0.000000,-1.227119,0.000000,0.000000,0.000000,0.000000,0.000000,0.000000,0.000000,0.000000,0.000000,0.000000,0.000000,0.000000,0.000000,0.000104,-0.067111,0.000038,-0.000084,-0.072504,0.000001,0.000006,0.000000,0.000000,0.000000,0.000000,0.000000,0.000000,-0.000093,-0.000041,-0.068167,-0.000107,-0.000001,-0.077821,0.000003,0.000000,0.000000,0.000000,0.000000,0.000000,0.000000,-0.000081,0.000162,0.000196,-0.129853,0.000000,-0.000000,-0.147545
1.670000,-1.456810,0.000000,0.000000,-1.855665,0.000000,0.000000,0.000000,0.000000,0.000000,0.000000,0.000000,0.000000,0.000000,0.000000,-1.318774,0.000000,0.000000,-1.711184,0.000000,0.000000,0.000000,0.000000,0.000000,0.000000,0.000000,0.000000,0.000000,0.000000,-0.862706,0.000000,0.000000,-1.227069,0.000000,0.000000,0.000000,0.000000,0.000000,0.000000,0.000000,0.000000,0.000000,0.000000,0.000000,0.000000,0.000000,0.000103,-0.067064,0.000037,-0.000082,-0.072504,0.000001,0.000006,0.000000,0.000000,0.000000,0.000000,0.000000,0.000000,-0.000092,-0.000041,-0.068114,-0.000107,-0.000001,-0.077821,0.000003,0.000000,0.000000,0.000000,0.000000,0.000000,0.000000,-0.000081,0.000160,0.000195,-0.129754,0.000000,-0.000000,-0.147543
1.680000,-1.456693,0.000000,0.000000,-1.855632,0.000000,0.000000,0.000000,0.000000,0.000000,0.000000,0.000000,0.000000,0.000000,0.000000,-1.318665,0.000000,0.000000,-1.711150,0.000000,0.000000,0.000000,0.000000,0.000000,0.000000,0.000000,0.000000,0.000000,0.000000,-0.862610,0.000000,0.000000,-1.227017,0.000000,0.000000,0.000000,0.000000,0.000000,0.000000,0.000000,0.000000,0.000000,0.000000,0.000000,0.000000,0.000000,0.000103,-0.067017,0.000037,-0.000081,-0.072503,0.000001,0.000006,0.000000,0.000000,0.000000,0.000000,0.000000,0.000000,-0.000091,-0.000041,-0.068060,-0.000106,-0.000001,-0.077820,0.000003,0.000000,0.000000,0.000000,0.000000,0.000000,0.000000,-0.000080,0.000158,0.000194,-0.129653,0.000000,-0.000000,-0.147542
1.690000,-1.456574,0.000000,0.000000,-1.855599,0.000000,0.000000,0.000000,0.000000,0.000000,0.000000,0.000000,0.000000,0.000000,0.000000,-1.318554,0.000000,0.000000,-1.711115,0.000000,0.000000,0.000000,0.000000,0.000000,0.000000,0.000000,0.000000,0.000000,0.000000,-0.862513,0.000000,0.000000,-1.226965,0.000000,0.000000,0.000000,0.000000,0.000000,0.000000,0.000000,0.000000,0.000000,0.000000,0.000000,0.000000,0.000000,0.000102,-0.066969,0.000037,-0.000080,-0.072502,0.000001,0.000006,0.000000,0.000000,0.000000,0.000000,0.000000,0.000000,-0.000090,-0.000041,-0.068006,-0.000105,-0.000001,-0.077819,0.000003,0.000000,0.000000,0.000000,0.000000,0.000000,0.000000,-0.000080,0.000156,0.000193,-0.129552,0.000000,-0.000000,-0.147541
1.700000,-1.456452,0.000000,0.000000,-1.855565,0.000000,0.000000,-0.000000,0.000000,-0.000000,0.000000,0.000000,-0.000000,-0.000000,0.000000,-1.318440,0.000000,0.000000,-1.711079,0.000000,0.000000,0.000000,0.000000,0.000000,0.000000,0.000000,0.000000,0.000000,0.000000,-0.862413,0.000000,0.000000,-1.226911,0.000000,0.000000,0.000000,0.000000,0.000000,0.000000,0.000000,0.000000,0.000000,0.000000,0.000000,0.000000,0.000000,0.000101,-0.066921,0.000037,-0.000079,-0.072502,0.000001,0.000006,0.000000,0.000000,0.000000,0.000000,0.000000,0.000000,-0.000089,-0.000040,-0.067952,-0.000105,-0.000001,-0.077819,0.000003,-0.000000,-0.000000,-0.000000,-0.000000,-0.000000,-0.000000,-0.000079,0.000154,0.000192,-0.129450,0.000000,-0.000000,-0.147539
1.710000,-1.456328,0.000000,0.000000,-1.855530,0.000000,0.000000,0.000000,0.000000,0.000000,0.000000,0.000000,0.000000,0.000000,0.000000,-1.318324,0.000000,0.000000,-1.711043,0.000000,0.000000,0.000000,0.000000,0.000000,0.000000,0.000000,0.000000,0.000000,0.000000,-0.862311,0.000000,0.000000,-1.226857,0.000000,0.000000,0.000000,0.000000,0.000000,0.000000,0.000000,0.000000,0.000000,0.000000,0.000000,0.000000,0.000000,0.000101,-0.066872,0.000037,-0.000078,-0.072501,0.000001,0.000006,0.000000,0.000000,0.000000,0.000000,0.000000,0.000000,-0.000087,-0.000040,-0.067897,-0.000104,-0.000001,-0.077818,0.000003,0.000000,0.000000,0.000000,0.000000,0.000000,0.000000,-0.000079,0.000152,0.000191,-0.129347,0.000000,-0.000000,-0.147538
1.720000,-1.456201,0.000000,0.000000,-1.855495,0.000000,0.000000,0.000000,0.000000,0.000000,0.000000,0.000000,0.000000,0.000000,0.000000,-1.318206,0.000000,0.000000,-1.711006,0.000000,0.000000,0.000000,0.000000,0.000000,0.000000,0.000000,0.000000,0.000000,0.000000,-0.862207,0.000000,0.000000,-1.226801,0.000000,0.000000,0.000000,0.000000,0.000000,0.000000,0.000000,0.000000,0.000000,0.000000,0.000000,0.000000,0.000000,0.000100,-0.066823,0.000036,-0.000077,-0.072501,0.000001,0.000006,0.000000,0.000000,0.000000,0.000000,0.000000,0.000000,-0.000086,-0.000040,-0.067841,-0.000104,-0.000001,-0.077817,0.000003,0.000000,0.000000,0.000000,0.000000,0.000000,0.000000,-0.000079,0.000150,0.000190,-0.129243,0.000000,-0.000000,-0.147537
1.730000,-1.456071,0.000000,0.000000,-1.855459,0.000000,0.000000,0.000000,0.000000,0.000000,0.000000,0.000000,0.000000,0.000000,0.000000,-1.318086,0.000000,0.000000,-1.710968,0.000000,0.000000,0.000000,0.000000,0.000000,0.000000,0.000000,0.000000,0.000000,0.000000,-0.862100,0.000000,0.000000,-1.226744,0.000000,0.000000,0.000000,0.000000,0.000000,0.000000,0.000000,0.000000,0.000000,0.000000,0.000000,0.000000,0.000000,0.000100,-0.066774,0.000036,-0.000076,-0.072500,0.000001,0.000005,0.000000,0.000000,0.000000,0.000000,0.000000,0.000000,-0.000085,-0.000040,-0.067785,-0.000103,-0.000001,-0.077817,0.000003,0.000000,0.000000,0.000000,0.000000,0.000000,0.000000,-0.000078,0.000148,0.000188,-0.129138,0.000000,-0.000000,-0.147535
1.740000,-1.455939,0.000000,0.000000,-1.855422,0.000000,0.000000,0.000000,0.000000,0.000000,0.000000,0.000000,0.000000,0.000000,0.000000,-1.317962,0.000000,0.000000,-1.710929,0.000000,0.000000,0.000000,0.000000,0.000000,0.000000,0.000000,0.000000,0.000000,0.000000,-0.861991,0.000000,0.000000,-1.226685,0.000000,0.000000,0.000000,0.000000,0.000000,0.000000,0.000000,0.000000,0.000000,0.000000,0.000000,0.000000,0.000000,0.000099,-0.066724,0.000036,-0.000075,-0.072499,0.000001,0.000005,0.000000,0.000000,0.000000,0.000000,0.000000,0.000000,-0.000084,-0.000039,-0.067729,-0.000102,-0.000001,-0.077816,0.000003,0.000000,0.000000,0.000000,0.000000,0.000000,0.000000,-0.000078,0.000146,0.000187,-0.129032,0.000000,-0.000000,-0.147534
1.750000,-1.455804,0.000000,0.000000,-1.855385,0.000000,0.000000,-0.000000,0.000000,-0.000000,0.000000,0.000000,-0.000000,-0.000000,0.000000,-1.317836,0.000000,0.000000,-1.710890,0.000000,0.000000,0.000000,0.000000,0.000000,0.000000,0.000000,0.000000,0.000000,0.000000,-0.861880,0.000000,0.000000,-1.226626,0.000000,0.000000,0.000000,0.000000,0.000000,0.000000,0.000000,0.000000,0.000000,0.000000,0.000000,0.000000,0.000000,0.000098,-0.066673,0.000036,-0.000074,-0.072499,0.000001,0.000005,0.000000,0.000000,0.000000,0.000000,0.000000,0.000000,-0.000083,-0.000039,-0.067672,-0.000102,-0.000001,-0.077815,0.000003,-0.000000,-0.000000,-0.000000,-0.000000,-0.000000,-0.000000,-0.000077,0.000144,0.000186,-0.128925,0.000000,-0.000000,-0.147532
1.760000,-1.455666,0.000000,0.000000,-1.855346,0.000000,0.000000,0.000000,0.000000,0.000000,0.000000,0.000000,0.000000,0.000000,0.000000,-1.317708,0.000000,0.000000,-1.710849,0.000000,0.000000,0.000000,0.000000,0.000000,0.000000,0.000000,0.000000,0.000000,0.000000,-0.861766,0.000000,0.000000,-1.226565,0.000000,0.000000,0.000000,0.000000,0.000000,0.000000,0.000000,0.000000,0.000000,0.000000,0.000000,0.000000,0.000000,0.000098,-0.066622,0.000035,-0.000073,-0.072498,0.000001,0.000005,0.000000,0.000000,0.000000,0.000000,0.000000,0.000000,-0.000082,-0.000039,-0.067614,-0.000101,-0.000001,-0.077814,0.000003,0.000000,0.000000,0.000000,0.000000,0.000000,0.000000,-0.000077,0.000142,0.000185,-0.128817,0.000000,-0.000000,-0.147531
1.770000,-1.455525,0.000000,0.000000,-1.855307,0.000000,0.000000,0.000000,0.000000,0.000000,0.000000,0.000000,0.000000,0.000000,0.000000,-1.317577,0.000000,0.000000,-1.710808,0.000000,0.000000,0.000000,0.000000,0.000000,0.000000,0.000000,0.000000,0.000000,0.000000,-0.861650,0.000000,0.000000,-1.226502,0.000000,0.000000,0.000000,0.000000,0.000000,0.000000,0.000000,0.000000,0.000000,0.000000,0.000000,0.000000,0.000000,0.000097,-0.066571,0.000035,-0.000072,-0.072497,0.000001,0.000005,0.000000,0.000000,0.000000,0.000000,0.000000,0.000000,-0.000081,-0.000039,-0.067556,-0.000101,-0.000001,-0.077814,0.000003,0.000000,0.000000,0.000000,0.000000,0.000000,0.000000,-0.000076,0.000140,0.000184,-0.128709,0.000000,-0.000000,-0.147530
1.780000,-1.455382,0.000000,0.000000,-1.855267,0.000000,0.000000,0.000000,0.000000,0.000000,0.000000,0.000000,0.000000,0.000000,0.000000,-1.317443,0.000000,0.000000,-1.710766,0.000000,0.000000,0.000000,0.000000,0.000000,0.000000,0.000000,0.000000,0.000000,0.000000,-0.861531,0.000000,0.000000,-1.226439,0.000000,0.000000,0.000000,0.000000,0.000000,0.000000,0.000000,0.000000,0.000000,0.000000,0.000000,0.000000,0.000000,0.000097,-0.066519,0.000035,-0.000071,-0.072497,0.000001,0.000005,0.000000,0.000000,0.000000,0.000000,0.000000,0.000000,-0.000080,-0.000038,-0.067498,-0.000100,-0.000001,-0.077813,0.000003,0.000000,0.000000,0.000000,0.000000,0.000000,0.000000,-0.000076,0.000138,0.000183,-0.128599,0.000000,-0.000000,-0.147528
1.790000,-1.455235,0.000000,0.000000,-1.855226,0.000000,0.000000,0.000000,0.000000,0.000000,0.000000,0.000000,0.000000,0.000000,0.000000,-1.317306,0.000000,0.000000,-1.710723,0.000000,0.000000,0.000000,0.000000,0.000000,0.000000,0.000000,0.000000,0.000000,0.000000,-0.861409,0.000000,0.000000,-1.226374,0.000000,0.000000,0.000000,0.000000,0.000000,0.000000,0.000000,0.000000,0.000000,0.000000,0.000000,0.000000,0.000000,0.000096,-0.066466,0.000035,-0.000070,-0.072496,0.000001,0.000005,0.000000,0.000000,0.000000,0.000000,0.000000,0.000000,-0.000079,-0.000038,-0.067439,-0.000099,-0.000001,-0.077812,0.000003,0.000000,0.000000,0.000000,0.000000,0.000000,0.000000,-0.000075,0.000136,0.000182,-0.128488,0.000000,-0.000000,-0.147527
1.800000,-1.455086,0.000000,0.000000,-1.855185,0.000000,0.000000,-0.000000,0.000000,-0.000000,0.000000,0.000000,-0.000000,-0.000000,0.000000,-1.317166,0.000000,0.000000,-1.710679,0.000000,0.000000,0.000000,0.000000,0.000000,0.000000,0.000000,0.000000,0.000000,0.000000,-0.861285,0.000000,0.000000,-1.226307,0.000000,0.000000,0.000000,0.000000,0.000000,0.000000,0.000000,0.000000,0.000000,0.000000,0.000000,0.000000,0.000000,0.000096,-0.066413,0.000035,-0.000069,-0.072495,0.000001,0.000005,0.000000,0.000000,0.000000,0.000000,0.000000,0.000000,-0.000078,-0.000038,-0.067379,-0.000099,-0.000001,-0.077811,0.000003,-0.000000,-0.000000,-0.000000,-0.000000,-0.000000,-0.000000,-0.000075,0.000134,0.000181,-0.128377,0.000000,-0.000000,-0.147525
1.810000,-1.454933,0.000000,0.000000,-1.855142,0.000000,0.000000,0.000000,0.000000,0.000000,0.000000,0.000000,0.000000,0.000000,0.000000,-1.317024,0.000000,0.000000,-1.710634,0.000000,0.000000,0.000000,0.000000,0.000000,0.000000,0.000000,0.000000,0.000000,0.000000,-0.861158,0.000000,0.000000,-1.226239,0.000000,0.000000,0.000000,0.000000,0.000000,0.000000,0.000000,0.000000,0.000000,0.000000,0.000000,0.000000,0.000000,0.000095,-0.066360,0.000034,-0.000068,-0.072495,0.000001,0.000005,0.000000,0.000000,0.000000,0.000000,0.000000,0.000000,-0.000077,-0.000038,-0.067319,-0.000098,-0.000001,-0.077811,0.000003,0.000000,0.000000,0.000000,0.000000,0.000000,0.000000,-0.000075,0.000132,0.000180,-0.128264,0.000000,-0.000000,-0.147524
1.820000,-1.454777,0.000000,0.000000,-1.855099,0.000000,0.000000,0.000000,0.000000,0.000000,0.000000,0.000000,0.000000,0.000000,0.000000,-1.316878,0.000000,0.000000,-1.710589,0.000000,0.000000,0.000000,0.000000,0.000000,0.000000,0.000000,0.000000,0.000000,0.000000,-0.861028,0.000000,0.000000,-1.226170,0.000000,0.000000,0.000000,0.000000,0.000000,0.000000,0.000000,0.000000,0.000000,0.000000,0.000000,0.000000,0.000000,0.000094,-0.066306,0.000034,-0.000068,-0.072494,0.000001,0.000005,0.000000,0.000000,0.000000,0.000000,0.000000,0.000000,-0.000076,-0.000038,-0.067258,-0.000098,-0.000001,-0.077810,0.000003,0.000000,0.000000,0.000000,0.000000,0.000000,0.000000,-0.000074,0.000130,0.000179,-0.128150,0.000000,-0.000000,-0.147522
1.830000,-1.454618,0.000000,0.000000,-1.855054,0.000000,0.000000,0.000000,0.000000,0.000000,0.000000,0.000000,0.000000,0.000000,0.000000,-1.316729,0.000000,0.000000,-1.710542,0.000000,0.000000,0.000000,0.000000,0.000000,0.000000,0.000000,0.000000,0.000000,0.000000,-0.860896,0.000000,0.000000,-1.226099,0.000000,0.000000,0.000000,0.000000,0.000000,0.000000,0.000000,0.000000,0.000000,0.000000,0.000000,0.000000,0.000000,0.000094,-0.066251,0.000034,-0.000067,-0.072493,0.000001,0.000005,0.000000,0.000000,0.000000,0.000000,0.000000,0.000000,-0.000075,-0.000037,-0.067197,-0.000097,-0.000001,-0.077809,0.000003,0.000000,0.000000,0.000000,0.000000,0.000000,0.000000,-0.000074,0.000128,0.000178,-0.128035,0.000000,-0.000000,-0.147521
1.840000,-1.454455,0.000000,0.000000,-1.855009,0.000000,0.000000,0.000000,0.000000,0.000000,0.000000,0.000000,0.000000,0.000000,0.000000,-1.316578,0.000000,0.000000,-1.710494,0.000000,0.000000,0.000000,0.000000,0.000000,0.000000,0.000000,0.000000,0.000000,0.000000,-0.860760,0.000000,0.000000,-1.226027,0.000000,0.000000,0.000000,0.000000,0.000000,0.000000,0.000000,0.000000,0.000000,0.000000,0.000000,0.000000,0.000000,0.000093,-0.066197,0.000034,-0.000066,-0.072493,0.000001,0.000005,0.000000,0.000000,0.000000,0.000000,0.000000,0.000000,-0.000074,-0.000037,-0.067135,-0.000097,-0.000001,-0.077808,0.000003,0.000000,0.000000,0.000000,0.000000,0.000000,0.000000,-0.000073,0.000126,0.000177,-0.127920,0.000000,-0.000000,-0.147519
1.850000,-1.454290,0.000000,0.000000,-1.854963,0.000000,0.000000,-0.000000,0.000000,-0.000000,0.000000,0.000000,-0.000000,-0.000000,0.000000,-1.316423,0.000000,0.000000,-1.710446,0.000000,0.000000,0.000000,0.000000,0.000000,0.000000,0.000000,0.000000,0.000000,0.000000,-0.860621,0.000000,0.000000,-1.225953,0.000000,0.000000,0.000000,0.000000,0.000000,0.000000,0.000000,0.000000,0.000000,0.000000,0.000000,0.000000,0.000000,0.000093,-0.066141,0.000033,-0.000065,-0.072492,0.000001,0.000005,0.000000,0.000000,0.000000,0.000000,0.000000,0.000000,-0.000073,-0.000037,-0.067073,-0.000096,-0.000001,-0.077808,0.000003,-0.000000,-0.000000,-0.000000,-0.000000,-0.000000,-0.000000,-0.000073,0.000124,0.000176,-0.127803,0.000000,-0.000000,-0.147518
1.860000,-1.454120,0.000000,0.000000,-1.854916,0.000000,0.000000,0.000000,0.000000,0.000000,0.000000,0.000000,0.000000,0.000000,0.000000,-1.316264,0.000000,0.000000,-1.710396,0.000000,0.000000,0.000000,0.000000,0.000000,0.000000,0.000000,0.000000,0.000000,0.000000,-0.860480,0.000000,0.000000,-1.225877,0.000000,0.000000,0.000000,0.000000,0.000000,0.000000,0.000000,0.000000,0.000000,0.000000,0.000000,0.000000,0.000000,0.000092,-0.066085,0.000033,-0.000064,-0.072491,0.000001,0.000005,0.000000,0.000000,0.000000,0.000000,0.000000,0.000000,-0.000072,-0.000037,-0.067010,-0.000096,-0.000001,-0.077807,0.000003,0.000000,0.000000,0.000000,0.000000,0.000000,0.000000,-0.000072,0.000122,0.000175,-0.127685,0.000000,-0.000000,-0.147516
1.870000,-1.453947,0.000000,0.000000,-1.854868,0.000000,0.000000,0.000000,0.000000,0.000000,0.000000,0.000000,0.000000,0.000000,0.000000,-1.316103,0.000000,0.000000,-1.710345,0.000000,0.000000,0.000000,0.000000,0.000000,0.000000,0.000000,0.000000,0.000000,0.000000,-0.860335,0.000000,0.000000,-1.225800,0.000000,0.000000,0.000000,0.000000,0.000000,0.000000,0.000000,0.000000,0.000000,0.000000,0.000000,0.000000,0.000000,0.000092,-0.066029,0.000033,-0.000063,-0.072491,0.000001,0.000005,0.000000,0.000000,0.000000,0.000000,0.000000,0.000000,-0.000071,-0.000036,-0.066947,-0.000095,-0.000001,-0.077806,0.000003,0.000000,0.000000,0.000000,0.000000,0.000000,0.000000,-0.000072,0.000120,0.000174,-0.127566,0.000000,-0.000000,-0.147515
1.880000,-1.453771,0.000000,0.000000,-1.854819,0.000000,0.000000,0.000000,0.000000,0.000000,0.000000,0.000000,0.000000,0.000000,0.000000,-1.315938,0.000000,0.000000,-1.710293,0.000000,0.000000,0.000000,0.000000,0.000000,0.000000,0.000000,0.000000,0.000000,0.000000,-0.860187,0.000000,0.000000,-1.225722,0.000000,0.000000,0.000000,0.000000,0.000000,0.000000,0.000000,0.000000,0.000000,0.000000,0.000000,0.000000,0.000000,0.000091,-0.065971,0.000033,-0.000062,-0.072490,0.000001,0.000005,0.000000,0.000000,0.000000,0.000000,0.000000,0.000000,-0.000070,-0.000036,-0.066883,-0.000095,-0.000001,-0.077805,0.000003,0.000000,0.000000,0.000000,0.000000,0.000000,0.000000,-0.000071,0.000119,0.000173,-0.127446,0.000000,-0.000000,-0.147513
1.890000,-1.453591,0.000000,0.000000,-1.854769,0.000000,0.000000,0.000000,0.000000,0.000000,0.000000,0.000000,0.000000,0.000000,0.000000,-1.315769,0.000000,0.000000,-1.710241,0.000000,0.000000,0.000000,0.000000,0.000000,0.000000,0.000000,0.000000,0.000000,0.000000,-0.860036,0.000000,0.000000,-1.225641,0.000000,0.000000,0.000000,0.000000,0.000000,0.000000,0.000000,0.000000,0.000000,0.000000,0.000000,0.000000,0.000000,0.000091,-0.065914,0.000033,-0.000061,-0.072489,0.000001,0.000005,0.000000,0.000000,0.000000,0.000000,0.000000,0.000000,-0.000069,-0.000036,-0.066818,-0.000094,-0.000001,-0.077804,0.000003,0.000000,0.000000,0.000000,0.000000,0.000000,0.000000,-0.000071,0.000117,0.000172,-0.127325,0.000000,-0.000000,-0.147511
1.900000,-1.453407,0.000000,0.000000,-1.854717,0.000000,0.000000,-0.000000,0.000000,-0.000000,0.000000,0.000000,-0.000000,-0.000000,0.000000,-1.315597,0.000000,0.000000,-1.710187,0.000000,0.000000,0.000000,0.000000,0.000000,0.000000,0.000000,0.000000,0.000000,0.000000,-0.859881,0.000000,0.000000,-1.225559,0.000000,0.000000,0.000000,0.000000,0.000000,0.000000,0.000000,0.000000,0.000000,0.000000,0.000000,0.000000,0.000000,0.000090,-0.065856,0.000032,-0.000060,-0.072488,0.000001,0.000005,0.000000,0.000000,0.000000,0.000000,0.000000,0.000000,-0.000068,-0.000036,-0.066753,-0.000093,-0.000001,-0.077804,0.000003,-0.000000,-0.000000,-0.000000,-0.000000,-0.000000,-0.000000,-0.000070,0.000115,0.000171,-0.127203,0.000000,-0.000000,-0.147510
1.910000,-1.453220,0.000000,0.000000,-1.854665,0.000000,0.000000,0.000000,0.000000,0.000000,0.000000,0.000000,0.000000,0.000000,0.000000,-1.315422,0.000000,0.000000,-1.710131,0.000000,0.000000,0.000000,0.000000,0.000000,0.000000,0.000000,0.000000,0.000000,0.000000,-0.859723,0.000000,0.000000,-1.225475,0.000000,0.000000,0.000000,0.000000,0.000000,0.000000,0.000000,0.000000,0.000000,0.000000,0.000000,0.000000,0.000000,0.000090,-0.065797,0.000032,-0.000059,-0.072488,0.000001,0.000005,0.000000,0.000000,0.000000,0.000000,0.000000,0.000000,-0.000067,-0.000035,-0.066688,-0.000093,-0.000001,-0.077803,0.000003,0.000000,0.000000,0.000000,0.000000,0.000000,0.000000,-0.000070,0.000113,0.000170,-0.127080,0.000000,-0.000000,-0.147508
1.920000,-1.453028,0.000000,0.000000,-1.854612,0.000000,0.000000,0.000000,0.000000,0.000000,0.000000,0.000000,0.000000,0.000000,0.000000,-1.315243,0.000000,0.000000,-1.710075,0.000000,0.000000,0.000000,0.000000,0.000000,0.000000,0.000000,0.000000,0.000000,0.000000,-0.859562,0.000000,0.000000,-1.225389,0.000000,0.000000,0.000000,0.000000,0.000000,0.000000,0.000000,0.000000,0.000000,0.000000,0.000000,0.000000,0.000000,0.000089,-0.065738,0.000032,-0.000058,-0.072487,0.000001,0.000005,0.000000,0.000000,0.000000,0.000000,0.000000,0.000000,-0.000066,-0.000035,-0.066621,-0.000092,-0.000001,-0.077802,0.000003,0.000000,0.000000,0.000000,0.000000,0.000000,0.000000,-0.000070,0.000111,0.000169,-0.126956,0.000000,-0.000000,-0.147507
1.930000,-1.452833,0.000000,0.000000,-1.854557,0.000000,0.000000,0.000000,0.000000,0.000000,0.000000,0.000000,0.000000,0.000000,0.000000,-1.315060,0.000000,0.000000,-1.710018,0.000000,0.000000,0.000000,0.000000,0.000000,0.000000,0.000000,0.000000,0.000000,0.000000,-0.859397,0.000000,0.000000,-1.225301,0.000000,0.000000,0.000000,0.000000,0.000000,0.000000,0.000000,0.000000,0.000000,0.000000,0.000000,0.000000,0.000000,0.000089,-0.065678,0.000032,-0.000057,-0.072486,0.000001,0.000005,0.000000,0.000000,0.000000,0.000000,0.000000,0.000000,-0.000065,-0.000035,-0.066554,-0.000092,-0.000001,-0.077801,0.000003,0.000000,0.000000,0.000000,0.000000,0.000000,0.000000,-0.000069,0.000109,0.000168,-0.126830,0.000000,-0.000000,-0.147505
1.940000,-1.452633,0.000000,0.000000,-1.854502,0.000000,0.000000,0.000000,0.000000,0.000000,0.000000,0.000000,0.000000,0.000000,0.000000,-1.314873,0.000000,0.000000,-1.709959,0.000000,0.000000,0.000000,0.000000,0.000000,0.000000,0.000000,0.000000,0.000000,0.000000,-0.859228,0.000000,0.000000,-1.225212,0.000000,0.000000,0.000000,0.000000,0.000000,0.000000,0.000000,0.000000,0.000000,0.000000,0.000000,0.000000,0.000000,0.000088,-0.065618,0.000032,-0.000056,-0.072485,0.000001,0.000005,0.000000,0.000000,0.000000,0.000000,0.000000,0.000000,-0.000064,-0.000035,-0.066487,-0.000091,-0.000001,-0.077800,0.000003,0.000000,0.000000,0.000000,0.000000,0.000000,0.000000,-0.000069,0.000108,0.000167,-0.126704,0.000000,-0.000000,-0.147503
1.950000,-1.452429,0.000000,0.000000,-1.854445,0.000000,0.000000,-0.000000,0.000000,-0.000000,0.000000,0.000000,-0.000000,-0.000000,0.000000,-1.314682,0.000000,0.000000,-1.709899,0.000000,0.000000,0.000000,0.000000,0.000000,0.000000,0.000000,0.000000,0.000000,0.000000,-0.859056,0.000000,0.000000,-1.225121,0.000000,0.000000,0.000000,0.000000,0.000000,0.000000,0.000000,0.000000,0.000000,0.000000,0.000000,0.000000,0.000000,0.000088,-0.065557,0.000031,-0.000055,-0.072485,0.000001,0.000005,0.000000,0.000000,0.000000,0.000000,0.000000,0.000000,-0.000063,-0.000034,-0.066419,-0.000091,-0.000001,-0.077799,0.000003,-0.000000,-0.000000,-0.000000,-0.000000,-0.000000,-0.000000,-0.000068,0.000106,0.000167,-0.126576,0.000000,-0.000000,-0.147502
1.960000,-1.452221,0.000000,0.000000,-1.854387,0.000000,0.000000,0.000000,0.000000,0.000000,0.000000,0.000000,0.000000,0.000000,0.000000,-1.314487,0.000000,0.000000,-1.709838,0.000000,0.000000,0.000000,0.000000,0.000000,0.000000,0.000000,0.000000,0.000000,0.000000,-0.858880,0.000000,0.000000,-1.225027,0.000000,0.000000,0.000000,0.000000,0.000000,0.000000,0.000000,0.000000,0.000000,0.000000,0.000000,0.000000,0.000000,0.000087,-0.065495,0.000031,-0.000055,-0.072484,0.000001,0.000005,0.000000,0.000000,0.000000,0.000000,0.000000,0.000000,-0.000062,-0.000034,-0.066350,-0.000090,-0.000001,-0.077798,0.000003,0.000000,0.000000,0.000000,0.000000,0.000000,0.000000,-0.000068,0.000104,0.000166,-0.126447,0.000000,-0.000000,-0.147500
1.970000,-1.452009,0.000000,0.000000,-1.854328,0.000000,0.000000,0.000000,0.000000,0.000000,0.000000,0.000000,0.000000,0.000000,0.000000,-1.314288,0.000000,0.000000,-1.709776,0.000000,0.000000,0.000000,0.000000,0.000000,0.000000,0.000000,0.000000,0.000000,0.000000,-0.858700,0.000000,0.000000,-1.224932,0.000000,0.000000,0.000000,0.000000,0.000000,0.000000,0.000000,0.000000,0.000000,0.000000,0.000000,0.000000,0.000000,0.000087,-0.065433,0.000031,-0.000054,-0.072483,0.000001,0.000005,0.000000,0.000000,0.000000,0.000000,0.000000,0.000000,-0.000061,-0.000034,-0.066281,-0.000090,-0.000001,-0.077798,0.000002,0.000000,0.000000,0.000000,0.000000,0.000000,0.000000,-0.000067,0.000102,0.000165,-0.126318,0.000000,-0.000000,-0.147498
1.980000,-1.451793,0.000000,0.000000,-1.854268,0.000000,0.000000,0.000000,0.000000,0.000000,0.000000,0.000000,0.000000,0.000000,0.000000,-1.314085,0.000000,0.000000,-1.709712,0.000000,0.000000,0.000000,0.000000,0.000000,0.000000,0.000000,0.000000,0.000000,0.000000,-0.858517,0.000000,0.000000,-1.224835,0.000000,0.000000,0.000000,0.000000,0.000000,0.000000,0.000000,0.000000,0.000000,0.000000,0.000000,0.000000,0.000000,0.000086,-0.065371,0.000031,-0.000053,-0.072482,0.000001,0.000005,0.000000,0.000000,0.000000,0.000000,0.000000,0.000000,-0.000060,-0.000034,-0.066211,-0.000089,-0.000001,-0.077797,0.000002,0.000000,0.000000,0.000000,0.000000,0.000000,0.000000,-0.000067,0.000101,0.000164,-0.126187,0.000000,-0.000000,-0.147496
1.990000,-1.451571,0.000000,0.000000,-1.854206,0.000000,0.000000,0.000000,0.000000,0.000000,0.000000,0.000000,0.000000,0.000000,0.000000,-1.313878,0.000000,0.000000,-1.709647,0.000000,0.000000,0.000000,0.000000,0.000000,0.000000,0.000000,0.000000,0.000000,0.000000,-0.858329,0.000000,0.000000,-1.224735,0.000000,0.000000,0.000000,0.000000,0.000000,0.000000,0.000000,0.000000,0.000000,0.000000,0.000000,0.000000,0.000000,0.000086,-0.065307,0.000030,-0.000052,-0.072481,0.000001,0.000005,0.000000,0.000000,0.000000,0.000000,0.000000,0.000000,-0.000059,-0.000034,-0.066141,-0.000089,-0.000001,-0.077796,0.000002,0.000000,0.000000,0.000000,0.000000,0.000000,0.000000,-0.000067,0.000099,0.000163,-0.126054,0.000000,-0.000000,-0.147495
2.000000,-1.451346,0.000000,0.000000,-1.854144,0.000000,0.000000,-0.000000,0.000000,-0.000000,0.000000,0.000000,-0.000000,-0.000000,0.000000,-1.313666,0.000000,0.000000,-1.709580,0.000000,0.000000,0.000000,0.000000,0.000000,0.000000,0.000000,0.000000,0.000000,0.000000,-0.858137,0.000000,0.000000,-1.224634,0.000000,0.000000,0.000000,0.000000,0.000000,0.000000,0.000000,0.000000,0.000000,0.000000,0.000000,0.000000,0.000000,0.000085,-0.065244,0.000030,-0.000051,-0.072481,0.000001,0.000005,0.000000,0.000000,0.000000,0.000000,0.000000,0.000000,-0.000058,-0.000033,-0.066070,-0.000088,-0.000001,-0.077795,0.000002,-0.000000,-0.000000,-0.000000,-0.000000,-0.000000,-0.000000,-0.000066,0.000097,0.000162,-0.125921,0.000000,-0.000000,-0.147493
2.010000,-1.451115,0.000000,0.000000,-1.854079,0.000000,0.000000,0.000000,0.000000,0.000000,0.000000,0.000000,0.000000,0.000000,0.000000,-1.313450,0.000000,0.000000,-1.709513,0.000000,0.000000,0.000000,0.000000,0.000000,0.000000,0.000000,0.000000,0.000000,0.000000,-0.857941,0.000000,0.000000,-1.224530,0.000000,0.000000,0.000000,0.000000,0.000000,0.000000,0.000000,0.000000,0.000000,0.000000,0.000000,0.000000,0.000000,0.000085,-0.065179,0.000030,-0.000050,-0.072480,0.000001,0.000005,0.000000,0.000000,0.000000,0.000000,0.000000,0.000000,-0.000057,-0.000033,-0.065998,-0.000088,-0.000001,-0.077794,0.000002,0.000000,0.000000,0.000000,0.000000,0.000000,0.000000,-0.000066,0.000096,0.000161,-0.125787,0.000000,-0.000000,-0.147491
2.020000,-1.450880,0.000000,0.000000,-1.854014,0.000000,0.000000,0.000000,0.000000,0.000000,0.000000,0.000000,0.000000,0.000000,0.000000,-1.313230,0.000000,0.000000,-1.709443,0.000000,0.000000,0.000000,0.000000,0.000000,0.000000,0.000000,0.000000,0.000000,0.000000,-0.857741,0.000000,0.000000,-1.224424,0.000000,0.000000,0.000000,0.000000,0.000000,0.000000,0.000000,0.000000,0.000000,0.000000,0.000000,0.000000,0.000000,0.000084,-0.065114,0.000030,-0.000049,-0.072479,0.000001,0.000005,0.000000,0.000000,0.000000,0.000000,0.000000,0.000000,-0.000056,-0.000033,-0.065926,-0.000087,-0.000001,-0.077793,0.000002,0.000000,0.000000,0.000000,0.000000,0.000000,0.000000,-0.000065,0.000094,0.000160,-0.125651,0.000000,-0.000000,-0.147489
2.030000,-1.450640,0.000000,0.000000,-1.853947,0.000000,0.000000,0.000000,0.000000,0.000000,0.000000,0.000000,0.000000,0.000000,0.000000,-1.313004,0.000000,0.000000,-1.709373,0.000000,0.000000,0.000000,0.000000,0.000000,0.000000,0.000000,0.000000,0.000000,0.000000,-0.857537,0.000000,0.000000,-1.224316,0.000000,0.000000,0.000000,0.000000,0.000000,0.000000,0.000000,0.000000,0.000000,0.000000,0.000000,0.000000,0.000000,0.000084,-0.065049,0.000030,-0.000049,-0.072478,0.000001,0.000005,0.000000,0.000000,0.000000,0.000000,0.000000,0.000000,-0.000055,-0.000033,-0.065853,-0.000087,-0.000001,-0.077792,0.000002,0.000000,0.000000,0.000000,0.000000,0.000000,0.000000,-0.000065,0.000092,0.000160,-0.125514,0.000000,-0.000000,-0.147488
2.040000,-1.450395,0.000000,0.000000,-1.853879,0.000000,0.000000,0.000000,0.000000,0.000000,0.000000,0.000000,0.000000,0.000000,0.000000,-1.312774,0.000000,0.000000,-1.709300,0.000000,0.000000,0.000000,0.000000,0.000000,0.000000,0.000000,0.000000,0.000000,0.000000,-0.857328,0.000000,0.000000,-1.224206,0.000000,0.000000,0.000000,0.000000,0.000000,0.000000,0.000000,0.000000,0.000000,0.000000,0.000000,0.000000,0.000000,0.000083,-0.064983,0.000029,-0.000048,-0.072477,0.000001,0.000005,0.000000,0.000000,0.000000,0.000000,0.000000,0.000000,-0.000054,-0.000032,-0.065779,-0.000086,-0.000001,-0.077791,0.000002,0.000000,0.000000,0.000000,0.000000,0.000000,0.000000,-0.000064,0.000091,0.000159,-0.125376,0.000000,-0.000000,-0.147486
2.050000,-1.450145,0.000000,0.000000,-1.853809,0.000000,0.000000,-0.000000,0.000000,-0.000000,0.000000,0.000000,-0.000000,-0.000000,0.000000,-1.312540,0.000000,0.000000,-1.709227,0.000000,0.000000,0.000000,0.000000,0.000000,0.000000,0.000000,0.000000,0.000000,0.000000,-0.857114,0.000000,0.000000,-1.224093,0.000000,0.000000,0.000000,0.000000,0.000000,0.000000,0.000000,0.000000,0.000000,0.000000,0.000000,0.000000,0.000000,0.000083,-0.064916,0.000029,-0.000047,-0.072477,0.000001,0.000005,0.000000,0.000000,0.000000,0.000000,0.000000,0.000000,-0.000053,-0.000032,-0.065705,-0.000086,-0.000001,-0.077790,0.000002,-0.000000,-0.000000,-0.000000,-0.000000,-0.000000,-0.000000,-0.000064,0.000089,0.000158,-0.125237,0.000000,-0.000000,-0.147484
2.060000,-1.449890,0.000000,0.000000,-1.853738,0.000000,0.000000,0.000000,0.000000,0.000000,0.000000,0.000000,0.000000,0.000000,0.000000,-1.312300,0.000000,0.000000,-1.709152,0.000000,0.000000,0.000000,0.000000,0.000000,0.000000,0.000000,0.000000,0.000000,0.000000,-0.856896,0.000000,0.000000,-1.223978,0.000000,0.000000,0.000000,0.000000,0.000000,0.000000,0.000000,0.000000,0.000000,0.000000,0.000000,0.000000,0.000000,0.000082,-0.064848,0.000029,-0.000046,-0.072476,0.000001,0.000005,0.000000,0.000000,0.000000,0.000000,0.000000,0.000000,-0.000053,-0.000032,-0.065630,-0.000086,-0.000001,-0.077789,0.000002,0.000000,0.000000,0.000000,0.000000,0.000000,0.000000,-0.000063,0.000087,0.000157,-0.125096,0.000000,-0.000000,-0.147482
2.070000,-1.449629,0.000000,0.000000,-1.853666,0.000000,0.000000,0.000000,0.000000,0.000000,0.000000,0.000000,0.000000,0.000000,0.000000,-1.312055,0.000000,0.000000,-1.709075,0.000000,0.000000,0.000000,0.000000,0.000000,0.000000,0.000000,0.000000,0.000000,0.000000,-0.856673,0.000000,0.000000,-1.223860,0.000000,0.000000,0.000000,0.000000,0.000000,0.000000,0.000000,0.000000,0.000000,0.000000,0.000000,0.000000,0.000000,0.000082,-0.064780,0.000029,-0.000045,-0.072475,0.000001,0.000005,0.000000,0.000000,0.000000,0.000000,0.000000,0.000000,-0.000052,-0.000032,-0.065555,-0.000085,-0.000001,-0.077788,0.000002,0.000000,0.000000,0.000000,0.000000,0.000000,0.000000,-0.000063,0.000086,0.000156,-0.124955,0.000000,-0.000000,-0.147480
2.080000,-1.449363,0.000000,0.000000,-1.853592,0.000000,0.000000,0.000000,0.000000,0.000000,0.000000,0.000000,0.000000,0.000000,0.000000,-1.311806,0.000000,0.000000,-1.708996,0.000000,0.000000,0.000000,0.000000,0.000000,0.000000,0.000000,0.000000,0.000000,0.000000,-0.856446,0.000000,0.000000,-1.223740,0.000000,0.000000,0.000000,0.000000,0.000000,0.000000,0.000000,0.000000,0.000000,0.000000,0.000000,0.000000,0.000000,0.000081,-0.064712,0.000028,-0.000044,-0.072474,0.000001,0.000005,0.000000,0.000000,0.000000,0.000000,0.000000,0.000000,-0.000051,-0.000031,-0.065479,-0.000085,-0.000001,-0.077787,0.000002,0.000000,0.000000,0.000000,0.000000,0.000000,0.000000,-0.000063,0.000084,0.000156,-0.124812,0.000000,-0.000000,-0.147478
2.090000,-1.449092,0.000000,0.000000,-1.853516,0.000000,0.000000,0.000000,0.000000,0.000000,0.000000,0.000000,0.000000,0.000000,0.000000,-1.311551,0.000000,0.000000,-1.708916,0.000000,0.000000,0.000000,0.000000,0.000000,0.000000,0.000000,0.000000,0.000000,0.000000,-0.856213,0.000000,0.000000,-1.223618,0.000000,0.000000,0.000000,0.000000,0.000000,0.000000,0.000000,0.000000,0.000000,0.000000,0.000000,0.000000,0.000000,0.000081,-0.064642,0.000028,-0.000044,-0.072473,0.000001,0.000005,0.000000,0.000000,0.000000,0.000000,0.000000,0.000000,-0.000050,-0.000031,-0.065402,-0.000084,-0.000001,-0.077786,0.000002,0.000000,0.000000,0.000000,0.000000,0.000000,0.000000,-0.000062,0.000083,0.000155,-0.124667,0.000000,-0.000000,-0.147476
2.100000,-1.448815,0.000000,0.000000,-1.853439,0.000000,0.000000,-0.000000,0.000000,-0.000000,0.000000,0.000000,-0.000000,-0.000000,0.000000,-1.311290,0.000000,0.000000,-1.708835,0.000000,0.000000,0.000000,0.000000,0.000000,0.000000,0.000000,0.000000,0.000000,0.000000,-0.855976,0.000000,0.000000,-1.223493,0.000000,0.000000,0.000000,0.000000,0.000000,0.000000,0.000000,0.000000,0.000000,0.000000,0.000000,0.000000,0.000000,0.000081,-0.064572,0.000028,-0.000043,-0.072472,0.000001,0.000004,0.000000,0.000000,0.000000,0.000000,0.000000,0.000000,-0.000049,-0.000031,-0.065324,-0.000084,-0.000001,-0.077785,0.000002,-0.000000,-0.000000,-0.000000,-0.000000,-0.000000,-0.000000,-0.000062,0.000081,0.000154,-0.124522,0.000000,-0.000000,-0.147475
2.110000,-1.448532,0.000000,0.000000,-1.853360,0.000000,0.000000,0.000000,0.000000,0.000000,0.000000,0.000000,0.000000,0.000000,0.000000,-1.311024,0.000000,0.000000,-1.708751,0.000000,0.000000,0.000000,0.000000,0.000000,0.000000,0.000000,0.000000,0.000000,0.000000,-0.855733,0.000000,0.000000,-1.223365,0.000000,0.000000,0.000000,0.000000,0.000000,0.000000,0.000000,0.000000,0.000000,0.000000,0.000000,0.000000,0.000000,0.000080,-0.064502,0.000028,-0.000042,-0.072471,0.000001,0.000004,0.000000,0.000000,0.000000,0.000000,0.000000,0.000000,-0.000048,-0.000031,-0.065246,-0.000083,-0.000001,-0.077784,0.000002,0.000000,0.000000,0.000000,0.000000,0.000000,0.000000,-0.000061,0.000080,0.000153,-0.124375,0.000000,-0.000000,-0.147473
2.120000,-1.448243,0.000000,0.000000,-1.853280,0.000000,0.000000,0.000000,0.000000,0.000000,0.000000,0.000000,0.000000,0.000000,0.000000,-1.310753,0.000000,0.000000,-1.708666,0.000000,0.000000,0.000000,0.000000,0.000000,0.000000,0.000000,0.000000,0.000000,0.000000,-0.855485,0.000000,0.000000,-1.223235,0.000000,0.000000,0.000000,0.000000,0.000000,0.000000,0.000000,0.000000,0.000000,0.000000,0.000000,0.000000,0.000000,0.000080,-0.064431,0.000028,-0.000041,-0.072470,0.000001,0.000004,0.000000,0.000000,0.000000,0.000000,0.000000,0.000000,-0.000047,-0.000030,-0.065168,-0.000083,-0.000001,-0.077783,0.000002,0.000000,0.000000,0.000000,0.000000,0.000000,0.000000,-0.000061,0.000078,0.000153,-0.124227,0.000000,-0.000000,-0.147471
2.130000,-1.447948,0.000000,0.000000,-1.853198,0.000000,0.000000,0.000000,0.000000,0.000000,0.000000,0.000000,0.000000,0.000000,0.000000,-1.310476,0.000000,0.000000,-1.708579,0.000000,0.000000,0.000000,0.000000,0.000000,0.000000,0.000000,0.000000,0.000000,0.000000,-0.855232,0.000000,0.000000,-1.223101,0.000000,0.000000,0.000000,0.000000,0.000000,0.000000,0.000000,0.000000,0.000000,0.000000,0.000000,0.000000,0.000000,0.000079,-0.064359,0.000027,-0.000041,-0.072469,0.000001,0.000004,0.000000,0.000000,0.000000,0.000000,0.000000,0.000000,-0.000047,-0.000030,-0.065088,-0.000082,-0.000001,-0.077782,0.000002,0.000000,0.000000,0.000000,0.000000,0.000000,0.000000,-0.000060,0.000077,0.000152,-0.124078,0.000000,-0.000000,-0.147469
2.140000,-1.447648,0.000000,0.000000,-1.853114,0.000000,0.000000,0.000000,0.000000,0.000000,0.000000,0.000000,0.000000,0.000000,0.000000,-1.310193,0.000000,0.000000,-1.708490,0.000000,0.000000,0.000000,0.000000,0.000000,0.000000,0.000000,0.000000,0.000000,0.000000,-0.854974,0.000000,0.000000,-1.222966,0.000000,0.000000,0.000000,0.000000,0.000000,0.000000,0.000000,0.000000,0.000000,0.000000,0.000000,0.000000,0.000000,0.000079,-0.064286,0.000027,-0.000040,-0.072469,0.000001,0.000004,0.000000,0.000000,0.000000,0.000000,0.000000,0.000000,-0.000046,-0.000030,-0.065008,-0.000082,-0.000001,-0.077781,0.000002,0.000000,0.000000,0.000000,0.000000,0.000000,0.000000,-0.000060,0.000075,0.000151,-0.123927,0.000000,-0.000000,-0.147467
2.150000,-1.447341,0.000000,0.000000,-1.853029,0.000000,0.000000,-0.000000,0.000000,-0.000000,0.000000,0.000000,-0.000000,-0.000000,0.000000,-1.309904,0.000000,0.000000,-1.708400,0.000000,0.000000,0.000000,0.000000,0.000000,0.000000,0.000000,0.000000,0.000000,0.000000,-0.854710,0.000000,0.000000,-1.222827,0.000000,0.000000,0.000000,0.000000,0.000000,0.000000,0.000000,0.000000,0.000000,0.000000,0.000000,0.000000,0.000000,0.000078,-0.064213,0.000027,-0.000039,-0.072468,0.000001,0.000004,0.000000,0.000000,0.000000,0.000000,0.000000,0.000000,-0.000045,-0.000030,-0.064927,-0.000082,-0.000001,-0.077780,0.000002,-0.000000,-0.000000,-0.000000,-0.000000,-0.000000,-0.000000,-0.000059,0.000074,0.000150,-0.123776,0.000000,-0.000000,-0.147465
2.160000,-1.447027,0.000000,0.000000,-1.852942,0.000000,0.000000,0.000000,0.000000,0.000000,0.000000,0.000000,0.000000,0.000000,0.000000,-1.309610,0.000000,0.000000,-1.708307,0.000000,0.000000,0.000000,0.000000,0.000000,0.000000,0.000000,0.000000,0.000000,0.000000,-0.854440,0.000000,0.000000,-1.222685,0.000000,0.000000,0.000000,0.000000,0.000000,0.000000,0.000000,0.000000,0.000000,0.000000,0.000000,0.000000,0.000000,0.000078,-0.064139,0.000027,-0.000038,-0.072467,0.000001,0.000004,0.000000,0.000000,0.000000,0.000000,0.000000,0.000000,-0.000044,-0.000029,-0.064845,-0.000081,-0.000001,-0.077779,0.000002,0.000000,0.000000,0.000000,0.000000,0.000000,0.000000,-0.000059,0.000072,0.000150,-0.123622,0.000000,-0.000000,-0.147463
2.170000,-1.446708,0.000000,0.000000,-1.852853,0.000000,0.000000,0.000000,0.000000,0.000000,0.000000,0.000000,0.000000,0.000000,0.000000,-1.309309,0.000000,0.000000,-1.708213,0.000000,0.000000,0.000000,0.000000,0.000000,0.000000,0.000000,0.000000,0.000000,0.000000,-0.854164,0.000000,0.000000,-1.222541,0.000000,0.000000,0.000000,0.000000,0.000000,0.000000,0.000000,0.000000,0.000000,0.000000,0.000000,0.000000,0.000000,0.000078,-0.064065,0.000026,-0.000038,-0.072466,0.000001,0.000004,0.000000,0.000000,0.000000,0.000000,0.000000,0.000000,-0.000043,-0.000029,-0.064763,-0.000081,-0.000001,-0.077778,0.000002,0.000000,0.000000,0.000000,0.000000,0.000000,0.000000,-0.000059,0.000071,0.000149,-0.123468,0.000000,-0.000000,-0.147461
2.180000,-1.446381,0.000000,0.000000,-1.852762,0.000000,0.000000,0.000000,0.000000,0.000000,0.000000,0.000000,0.000000,0.000000,0.000000,-1.309002,0.000000,0.000000,-1.708117,0.000000,0.000000,0.000000,0.000000,0.000000,0.000000,0.000000,0.000000,0.000000,0.000000,-0.853883,0.000000,0.000000,-1.222393,0.000000,0.000000,0.000000,0.000000,0.000000,0.000000,0.000000,0.000000,0.000000,0.000000,0.000000,0.000000,0.000000,0.000077,-0.063989,0.000026,-0.000037,-0.072465,0.000001,0.000004,0.000000,0.000000,0.000000,0.000000,0.000000,0.000000,-0.000042,-0.000029,-0.064680,-0.000081,-0.000001,-0.077777,0.000002,0.000000,0.000000,0.000000,0.000000,0.000000,0.000000,-0.000058,0.000069,0.000148,-0.123312,0.000000,-0.000000,-0.147459
2.190000,-1.446048,0.000000,0.000000,-1.852669,0.000000,0.000000,0.000000,0.000000,0.000000,0.000000,0.000000,0.000000,0.000000,0.000000,-1.308688,0.000000,0.000000,-1.708018,0.000000,0.000000,0.000000,0.000000,0.000000,0.000000,0.000000,0.000000,0.000000,0.000000,-0.853596,0.000000,0.000000,-1.222243,0.000000,0.000000,0.000000,0.000000,0.000000,0.000000,0.000000,0.000000,0.000000,0.000000,0.000000,0.000000,0.000000,0.000077,-0.063913,0.000026,-0.000036,-0.072464,0.000001,0.000004,0.000000,0.000000,0.000000,0.000000,0.000000,0.000000,-0.000042,-0.000029,-0.064596,-0.000080,-0.000001,-0.077776,0.000002,0.000000,0.000000,0.000000,0.000000,0.000000,0.000000,-0.000058,0.000068,0.000148,-0.123155,0.000000,-0.000000,-0.147457
2.200000,-1.445708,0.000000,0.000000,-1.852575,0.000000,0.000000,-0.000000,0.000000,-0.000000,0.000000,0.000000,-0.000000,-0.000000,0.000000,-1.308368,0.000000,0.000000,-1.707918,0.000000,0.000000,0.000000,0.000000,0.000000,0.000000,0.000000,0.000000,0.000000,0.000000,-0.853302,0.000000,0.000000,-1.222089,0.000000,0.000000,0.000000,0.000000,0.000000,0.000000,0.000000,0.000000,0.000000,0.000000,0.000000,0.000000,0.000000,0.000076,-0.063837,0.000026,-0.000035,-0.072463,0.000001,0.000004,0.000000,0.000000,0.000000,0.000000,0.000000,0.000000,-0.000041,-0.000028,-0.064512,-0.000080,-0.000001,-0.077775,0.000002,-0.000000,-0.000000,-0.000000,-0.000000,-0.000000,-0.000000,-0.000057,0.000067,0.000147,-0.122996,0.000000,-0.000000,-0.147455
2.210000,-1.445361,0.000000,0.000000,-1.852478,0.000000,0.000000,0.000000,0.000000,0.000000,0.000000,0.000000,0.000000,0.000000,0.000000,-1.308041,0.000000,0.000000,-1.707815,0.000000,0.000000,0.000000,0.000000,0.000000,0.000000,0.000000,0.000000,0.000000,0.000000,-0.853003,0.000000,0.000000,-1.221932,0.000000,0.000000,0.000000,0.000000,0.000000,0.000000,0.000000,0.000000,0.000000,0.000000,0.000000,0.000000,0.000000,0.000076,-0.063760,0.000026,-0.000035,-0.072462,0.000001,0.000004,0.000000,0.000000,0.000000,0.000000,0.000000,0.000000,-0.000040,-0.000028,-0.064427,-0.000079,-0.000001,-0.077774,0.000002,0.000000,0.000000,0.000000,0.000000,0.000000,0.000000,-0.000057,0.000065,0.000147,-0.122836,0.000000,-0.000000,-0.147452
2.220000,-1.445007,0.000000,0.000000,-1.852380,0.000000,0.000000,0.000000,0.000000,0.000000,0.000000,0.000000,0.000000,0.000000,0.000000,-1.307708,0.000000,0.000000,-1.707711,0.000000,0.000000,0.000000,0.000000,0.000000,0.000000,0.000000,0.000000,0.000000,0.000000,-0.852697,0.000000,0.000000,-1.221772,0.000000,0.000000,0.000000,0.000000,0.000000,0.000000,0.000000,0.000000,0.000000,0.000000,0.000000,0.000000,0.000000,0.000076,-0.063682,0.000025,-0.000034,-0.072461,0.000001,0.000004,0.000000,0.000000,0.000000,0.000000,0.000000,0.000000,-0.000039,-0.000028,-0.064341,-0.000079,-0.000001,-0.077773,0.000002,0.000000,0.000000,0.000000,0.000000,0.000000,0.000000,-0.000056,0.000064,0.000146,-0.122675,0.000000,-0.000000,-0.147450
2.230000,-1.444646,0.000000,0.000000,-1.852279,0.000000,0.000000,0.000000,0.000000,0.000000,0.000000,0.000000,0.000000,0.000000,0.000000,-1.307367,0.000000,0.000000,-1.707604,0.000000,0.000000,0.000000,0.000000,0.000000,0.000000,0.000000,0.000000,0.000000,0.000000,-0.852384,0.000000,0.000000,-1.221609,0.000000,0.000000,0.000000,0.000000,0.000000,0.000000,0.000000,0.000000,0.000000,0.000000,0.000000,0.000000,0.000000,0.000075,-0.063603,0.000025,-0.000033,-0.072460,0.000001,0.000004,0.000000,0.000000,0.000000,0.000000,0.000000,0.000000,-0.000039,-0.000028,-0.064255,-0.000079,-0.000001,-0.077772,0.000002,0.000000,0.000000,0.000000,0.000000,0.000000,0.000000,-0.000056,0.000063,0.000145,-0.122512,0.000000,-0.000000,-0.147448
2.240000,-1.444277,0.000000,0.000000,-1.852176,0.000000,0.000000,0.000000,0.000000,0.000000,0.000000,0.000000,0.000000,0.000000,0.000000,-1.307019,0.000000,0.000000,-1.707495,0.000000,0.000000,0.000000,0.000000,0.000000,0.000000,0.000000,0.000000,0.000000,0.000000,-0.852065,0.000000,0.000000,-1.221442,0.000000,0.000000,0.000000,0.000000,0.000000,0.000000,0.000000,0.000000,0.000000,0.000000,0.000000,0.000000,0.000000,0.000075,-0.063524,0.000025,-0.000033,-0.072459,0.000001,0.000004,0.000000,0.000000,0.000000,0.000000,0.000000,0.000000,-0.000038,-0.000027,-0.064167,-0.000078,-0.000001,-0.077771,0.000002,0.000000,0.000000,0.000000,0.000000,0.000000,0.000000,-0.000055,0.000062,0.000145,-0.122348,0.000000,-0.000000,-0.147446
2.250000,-1.443900,0.000000,0.000000,-1.852072,0.000000,0.000000,-0.000000,0.000000,-0.000000,0.000000,0.000000,-0.000000,-0.000000,0.000000,-1.306665,0.000000,0.000000,-1.707384,0.000000,0.000000,0.000000,0.000000,0.000000,0.000000,0.000000,0.000000,0.000000,0.000000,-0.851740,0.000000,0.000000,-1.221272,0.000000,0.000000,0.000000,0.000000,0.000000,0.000000,0.000000,0.000000,0.000000,0.000000,0.000000,0.000000,0.000000,0.000075,-0.063443,0.000025,-0.000032,-0.072458,0.000001,0.000004,0.000000,0.000000,0.000000,0.000000,0.000000,0.000000,-0.000037,-0.000027,-0.064079,-0.000078,-0.000001,-0.077770,0.000002,-0.000000,-0.000000,-0.000000,-0.000000,-0.000000,-0.000000,-0.000055,0.000060,0.000144,-0.122183,0.000000,-0.000000,-0.147444
2.260000,-1.443516,0.000000,0.000000,-1.851965,0.000000,0.000000,0.000000,0.000000,0.000000,0.000000,0.000000,0.000000,0.000000,0.000000,-1.306302,0.000000,0.000000,-1.707270,0.000000,0.000000,0.000000,0.000000,0.000000,0.000000,0.000000,0.000000,0.000000,0.000000,-0.851407,0.000000,0.000000,-1.221098,0.000000,0.000000,0.000000,0.000000,0.000000,0.000000,0.000000,0.000000,0.000000,0.000000,0.000000,0.000000,0.000000,0.000074,-0.063363,0.000024,-0.000031,-0.072457,0.000001,0.000004,0.000000,0.000000,0.000000,0.000000,0.000000,0.000000,-0.000036,-0.000027,-0.063990,-0.000078,-0.000001,-0.077769,0.000001,0.000000,0.000000,0.000000,0.000000,0.000000,0.000000,-0.000055,0.000059,0.000144,-0.122016,0.000000,-0.000000,-0.147442
2.270000,-1.443124,0.000000,0.000000,-1.851856,0.000000,0.000000,0.000000,0.000000,0.000000,0.000000,0.000000,0.000000,0.000000,0.000000,-1.305933,0.000000,0.000000,-1.707154,0.000000,0.000000,0.000000,0.000000,0.000000,0.000000,0.000000,0.000000,0.000000,0.000000,-0.851067,0.000000,0.000000,-1.220921,0.000000,0.000000,0.000000,0.000000,0.000000,0.000000,0.000000,0.000000,0.000000,0.000000,0.000000,0.000000,0.000000,0.000074,-0.063281,0.000024,-0.000031,-0.072456,0.000001,0.000004,0.000000,0.000000,0.000000,0.000000,0.000000,0.000000,-0.000036,-0.000027,-0.063901,-0.000077,-0.000001,-0.077767,0.000001,0.000000,0.000000,0.000000,0.000000,0.000000,0.000000,-0.000054,0.000058,0.000143,-0.121848,0.000000,-0.000000,-0.147439
2.280000,-1.442723,0.000000,0.000000,-1.851744,0.000000,0.000000,0.000000,0.000000,0.000000,0.000000,0.000000,0.000000,0.000000,0.000000,-1.305555,0.000000,0.000000,-1.707036,0.000000,0.000000,0.000000,0.000000,0.000000,0.000000,0.000000,0.000000,0.000000,0.000000,-0.850720,0.000000,0.000000,-1.220740,0.000000,0.000000,0.000000,0.000000,0.000000,0.000000,0.000000,0.000000,0.000000,0.000000,0.000000,0.000000,0.000000,0.000074,-0.063199,0.000024,-0.000030,-0.072455,0.000001,0.000004,0.000000,0.000000,0.000000,0.000000,0.000000,0.000000,-0.000035,-0.000026,-0.063810,-0.000077,-0.000001,-0.077766,0.000001,0.000000,0.000000,0.000000,0.000000,0.000000,0.000000,-0.000054,0.000057,0.000143,-0.121678,0.000000,-0.000000,-0.147437
2.290000,-1.442315,0.000000,0.000000,-1.851631,0.000000,0.000000,0.000000,0.000000,0.000000,0.000000,0.000000,0.000000,0.000000,0.000000,-1.305170,0.000000,0.000000,-1.706915,0.000000,0.000000,0.000000,0.000000,0.000000,0.000000,0.000000,0.000000,0.000000,0.000000,-0.850366,0.000000,0.000000,-1.220556,0.000000,0.000000,0.000000,0.000000,0.000000,0.000000,0.000000,0.000000,0.000000,0.000000,0.000000,0.000000,0.000000,0.000073,-0.063116,0.000024,-0.000030,-0.072454,0.000001,0.000004,0.000000,0.000000,0.000000,0.000000,0.000000,0.000000,-0.000034,-0.000026,-0.063719,-0.000077,-0.000001,-0.077765,0.000001,0.000000,0.000000,0.000000,0.000000,0.000000,0.000000,-0.000053,0.000055,0.000142,-0.121507,0.000000,-0.000000,-0.147435
2.300000,-1.441898,0.000000,0.000000,-1.851515,0.000000,0.000000,-0.000000,0.000000,-0.000000,0.000000,0.000000,-0.000000,-0.000000,0.000000,-1.304777,0.000000,0.000000,-1.706792,0.000000,0.000000,0.000000,0.000000,0.000000,0.000000,0.000000,0.000000,0.000000,0.000000,-0.850005,0.000000,0.000000,-1.220367,0.000000,0.000000,0.000000,0.000000,0.000000,0.000000,0.000000,0.000000,0.000000,0.000000,0.000000,0.000000,0.000000,0.000073,-0.063032,0.000023,-0.000029,-0.072453,0.000001,0.000004,0.000000,0.000000,0.000000,0.000000,0.000000,0.000000,-0.000034,-0.000026,-0.063628,-0.000076,-0.000001,-0.077764,0.000001,-0.000000,-0.000000,-0.000000,-0.000000,-0.000000,-0.000000,-0.000053,0.000054,0.000142,-0.121334,0.000000,-0.000000,-0.147433
2.310000,-1.441472,0.000000,0.000000,-1.851396,0.000000,0.000000,0.000000,0.000000,0.000000,0.000000,0.000000,0.000000,0.000000,0.000000,-1.304375,0.000000,0.000000,-1.706666,0.000000,0.000000,0.000000,0.000000,0.000000,0.000000,0.000000,0.000000,0.000000,0.000000,-0.849636,0.000000,0.000000,-1.220175,0.000000,0.000000,0.000000,0.000000,0.000000,0.000000,0.000000,0.000000,0.000000,0.000000,0.000000,0.000000,0.000000,0.000073,-0.062947,0.000023,-0.000028,-0.072452,0.000001,0.000004,0.000000,0.000000,0.000000,0.000000,0.000000,0.000000,-0.000033,-0.000026,-0.063535,-0.000076,-0.000001,-0.077763,0.000001,0.000000,0.000000,0.000000,0.000000,0.000000,0.000000,-0.000052,0.000053,0.000141,-0.121160,0.000000,-0.000000,-0.147430
2.320000,-1.441038,0.000000,0.000000,-1.851276,0.000000,0.000000,0.000000,0.000000,0.000000,0.000000,0.000000,0.000000,0.000000,0.000000,-1.303965,0.000000,0.000000,-1.706537,0.000000,0.000000,0.000000,0.000000,0.000000,0.000000,0.000000,0.000000,0.000000,0.000000,-0.849259,0.000000,0.000000,-1.219979,0.000000,0.000000,0.000000,0.000000,0.000000,0.000000,0.000000,0.000000,0.000000,0.000000,0.000000,0.000000,0.000000,0.000072,-0.062862,0.000023,-0.000028,-0.072451,0.000001,0.000004,0.000000,0.000000,0.000000,0.000000,0.000000,0.000000,-0.000032,-0.000026,-0.063442,-0.000076,-0.000001,-0.077762,0.000001,0.000000,0.000000,0.000000,0.000000,0.000000,0.000000,-0.000052,0.000052,0.000141,-0.120985,0.000000,-0.000000,-0.147428
2.330000,-1.440595,0.000000,0.000000,-1.851152,0.000000,0.000000,0.000000,0.000000,0.000000,0.000000,0.000000,0.000000,0.000000,0.000000,-1.303547,0.000000,0.000000,-1.706406,0.000000,0.000000,0.000000,0.000000,0.000000,0.000000,0.000000,0.000000,0.000000,0.000000,-0.848874,0.000000,0.000000,-1.219779,0.000000,0.000000,0.000000,0.000000,0.000000,0.000000,0.000000,0.000000,0.000000,0.000000,0.000000,0.000000,0.000000,0.000072,-0.062776,0.000023,-0.000027,-0.072450,0.000001,0.000003,0.000000,0.000000,0.000000,0.000000,0.000000,0.000000,-0.000032,-0.000025,-0.063347,-0.000076,-0.000001,-0.077760,0.000001,0.000000,0.000000,0.000000,0.000000,0.000000,0.000000,-0.000051,0.000051,0.000140,-0.120808,0.000000,-0.000000,-0.147426
2.340000,-1.440142,0.000000,0.000000,-1.851026,0.000000,0.000000,0.000000,0.000000,0.000000,0.000000,0.000000,0.000000,0.000000,0.000000,-1.303120,0.000000,0.000000,-1.706272,0.000000,0.000000,0.000000,0.000000,0.000000,0.000000,0.000000,0.000000,0.000000,0.000000,-0.848482,0.000000,0.000000,-1.219575,0.000000,0.000000,0.000000,0.000000,0.000000,0.000000,0.000000,0.000000,0.000000,0.000000,0.000000,0.000000,0.000000,0.000072,-0.062689,0.000023,-0.000027,-0.072448,0.000001,0.000003,0.000000,0.000000,0.000000,0.000000,0.000000,0.000000,-0.000031,-0.000025,-0.063252,-0.000075,-0.000001,-0.077759,0.000001,0.000000,0.000000,0.000000,0.000000,0.000000,0.000000,-0.000051,0.000050,0.000140,-0.120629,0.000000,-0.000000,-0.147423
2.350000,-1.439681,0.000000,0.000000,-1.850898,0.000000,0.000000,-0.000000,0.000000,-0.000000,0.000000,0.000000,-0.000000,-0.000000,0.000000,-1.302684,0.000000,0.000000,-1.706136,0.000000,0.000000,0.000000,0.000000,0.000000,0.000000,0.000000,0.000000,0.000000,0.000000,-0.848081,0.000000,0.000000,-1.219367,0.000000,0.000000,0.000000,0.000000,0.000000,0.000000,0.000000,0.000000,0.000000,0.000000,0.000000,0.000000,0.000000,0.000072,-0.062602,0.000022,-0.000026,-0.072447,0.000001,0.000003,0.000000,0.000000,0.000000,0.000000,0.000000,0.000000,-0.000030,-0.000025,-0.063157,-0.000075,-0.000001,-0.077758,0.000001,-0.000000,-0.000000,-0.000000,-0.000000,-0.000000,-0.000000,-0.000051,0.000049,0.000139,-0.120449,0.000000,-0.000000,-0.147421
2.360000,-1.439210,0.000000,0.000000,-1.850767,0.000000,0.000000,0.000000,0.000000,0.000000,0.000000,0.000000,0.000000,0.000000,0.000000,-1.302239,0.000000,0.000000,-1.705997,0.000000,0.000000,0.000000,0.000000,0.000000,0.000000,0.000000,0.000000,0.000000,0.000000,-0.847672,0.000000,0.000000,-1.219155,0.000000,0.000000,0.000000,0.000000,0.000000,0.000000,0.000000,0.000000,0.000000,0.000000,0.000000,0.000000,0.000000,0.000071,-0.062513,0.000022,-0.000025,-0.072446,0.000001,0.000003,0.000000,0.000000,0.000000,0.000000,0.000000,0.000000,-0.000030,-0.000025,-0.063060,-0.000075,-0.000001,-0.077757,0.000001,0.000000,0.000000,0.000000,0.000000,0.000000,0.000000,-0.000050,0.000048,0.000139,-0.120268,0.000000,-0.000000,-0.147419
2.370000,-1.438729,0.000000,0.000000,-1.850633,0.000000,0.000000,0.000000,0.000000,0.000000,0.000000,0.000000,0.000000,0.000000,0.000000,-1.301785,0.000000,0.000000,-1.705854,0.000000,0.000000,0.000000,0.000000,0.000000,0.000000,0.000000,0.000000,0.000000,0.000000,-0.847254,0.000000,0.000000,-1.218938,0.000000,0.000000,0.000000,0.000000,0.000000,0.000000,0.000000,0.000000,0.000000,0.000000,0.000000,0.000000,0.000000,0.000071,-0.062424,0.000022,-0.000025,-0.072445,0.000001,0.000003,0.000000,0.000000,0.000000,0.000000,0.000000,0.000000,-0.000029,-0.000024,-0.062963,-0.000074,-0.000001,-0.077756,0.000001,0.000000,0.000000,0.000000,0.000000,0.000000,0.000000,-0.000050,0.000047,0.000138,-0.120085,0.000000,-0.000000,-0.147416
2.380000,-1.438238,0.000000,0.000000,-1.850497,0.000000,0.000000,0.000000,0.000000,0.000000,0.000000,0.000000,0.000000,0.000000,0.000000,-1.301322,0.000000,0.000000,-1.705709,0.000000,0.000000,0.000000,0.000000,0.000000,0.000000,0.000000,0.000000,0.000000,0.000000,-0.846828,0.000000,0.000000,-1.218717,0.000000,0.000000,0.000000,0.000000,0.000000,0.000000,0.000000,0.000000,0.000000,0.000000,0.000000,0.000000,0.000000,0.000071,-0.062334,0.000022,-0.000024,-0.072444,0.000001,0.000003,0.000000,0.000000,0.000000,0.000000,0.000000,0.000000,-0.000028,-0.000024,-0.062865,-0.000074,-0.000001,-0.077754,0.000001,0.000000,0.000000,0.000000,0.000000,0.000000,0.000000,-0.000049,0.000046,0.000138,-0.119900,0.000000,-0.000000,-0.147414
2.390000,-1.437738,0.000000,0.000000,-1.850358,0.000000,0.000000,0.000000,0.000000,0.000000,0.000000,0.000000,0.000000,0.000000,0.000000,-1.300849,0.000000,0.000000,-1.705561,0.000000,0.000000,0.000000,0.000000,0.000000,0.000000,0.000000,0.000000,0.000000,0.000000,-0.846393,0.000000,0.000000,-1.218492,0.000000,0.000000,0.000000,0.000000,0.000000,0.000000,0.000000,0.000000,0.000000,0.000000,0.000000,0.000000,0.000000,0.000070,-0.062243,0.000021,-0.000024,-0.072443,0.000001,0.000003,0.000000,0.000000,0.000000,0.000000,0.000000,0.000000,-0.000028,-0.000024,-0.062766,-0.000074,-0.000001,-0.077753,0.000001,0.000000,0.000000,0.000000,0.000000,0.000000,0.000000,-0.000049,0.000045,0.000137,-0.119714,0.000000,-0.000000,-0.147411
2.400000,-1.437227,0.000000,0.000000,-1.850215,0.000000,0.000000,-0.000000,0.000000,-0.000000,0.000000,0.000000,-0.000000,-0.000000,0.000000,-1.300366,0.000000,0.000000,-1.705410,0.000000,0.000000,0.000000,0.000000,0.000000,0.000000,0.000000,0.000000,0.000000,0.000000,-0.845949,0.000000,0.000000,-1.218262,0.000000,0.000000,0.000000,0.000000,0.000000,0.000000,0.000000,0.000000,0.000000,0.000000,0.000000,0.000000,0.000000,0.000070,-0.062152,0.000021,-0.000023,-0.072442,0.000001,0.000003,0.000000,0.000000,0.000000,0.000000,0.000000,0.000000,-0.000027,-0.000024,-0.062666,-0.000074,-0.000001,-0.077752,0.000001,-0.000000,-0.000000,-0.000000,-0.000000,-0.000000,-0.000000,-0.000048,0.000044,0.000137,-0.119526,0.000000,-0.000000,-0.147409
2.410000,-1.436705,0.000000,0.000000,-1.850070,0.000000,0.000000,0.000000,0.000000,0.000000,0.000000,0.000000,0.000000,0.000000,0.000000,-1.299873,0.000000,0.000000,-1.705255,0.000000,0.000000,0.000000,0.000000,0.000000,0.000000,0.000000,0.000000,0.000000,0.000000,-0.845495,0.000000,0.000000,-1.218027,0.000000,0.000000,0.000000,0.000000,0.000000,0.000000,0.000000,0.000000,0.000000,0.000000,0.000000,0.000000,0.000000,0.000070,-0.062059,0.000021,-0.000023,-0.072440,0.000001,0.000003,0.000000,0.000000,0.000000,0.000000,0.000000,0.000000,-0.000027,-0.000023,-0.062565,-0.000073,-0.000001,-0.077750,0.000001,0.000000,0.000000,0.000000,0.000000,0.000000,0.000000,-0.000048,0.000043,0.000136,-0.119337,0.000000,-0.000000,-0.147407
2.420000,-1.436173,0.000000,0.000000,-1.849922,0.000000,0.000000,0.000000,0.000000,0.000000,0.000000,0.000000,0.000000,0.000000,0.000000,-1.299370,0.000000,0.000000,-1.705098,0.000000,0.000000,0.000000,0.000000,0.000000,0.000000,0.000000,0.000000,0.000000,0.000000,-0.845033,0.000000,0.000000,-1.217788,0.000000,0.000000,0.000000,0.000000,0.000000,0.000000,0.000000,0.000000,0.000000,0.000000,0.000000,0.000000,0.000000,0.000070,-0.061966,0.000021,-0.000022,-0.072439,0.000001,0.000003,0.000000,0.000000,0.000000,0.000000,0.000000,0.000000,-0.000026,-0.000023,-0.062464,-0.000073,-0.000001,-0.077749,0.000001,0.000000,0.000000,0.000000,0.000000,0.000000,0.000000,-0.000047,0.000042,0.000136,-0.119146,0.000000,-0.000000,-0.147404
2.430000,-1.435630,0.000000,0.000000,-1.849771,0.000000,0.000000,0.000000,0.000000,0.000000,0.000000,0.000000,0.000000,0.000000,0.000000,-1.298857,0.000000,0.000000,-1.704937,0.000000,0.000000,0.000000,0.000000,0.000000,0.000000,0.000000,0.000000,0.000000,0.000000,-0.844561,0.000000,0.000000,-1.217544,0.000000,0.000000,0.000000,0.000000,0.000000,0.000000,0.000000,0.000000,0.000000,0.000000,0.000000,0.000000,0.000000,0.000069,-0.061872,0.000021,-0.000022,-0.072438,0.000001,0.000003,0.000000,0.000000,0.000000,0.000000,0.000000,0.000000,-0.000026,-0.000023,-0.062361,-0.000073,-0.000001,-0.077748,0.000001,0.000000,0.000000,0.000000,0.000000,0.000000,0.000000,-0.000047,0.000041,0.000136,-0.118954,0.000000,-0.000000,-0.147401
2.440000,-1.435076,0.000000,0.000000,-1.849617,0.000000,0.000000,0.000000,0.000000,0.000000,0.000000,0.000000,0.000000,0.000000,0.000000,-1.298333,0.000000,0.000000,-1.704773,0.000000,0.000000,0.000000,0.000000,0.000000,0.000000,0.000000,0.000000,0.000000,0.000000,-0.844079,0.000000,0.000000,-1.217295,0.000000,0.000000,0.000000,0.000000,0.000000,0.000000,0.000000,0.000000,0.000000,0.000000,0.000000,0.000000,0.000000,0.000069,-0.061777,0.000020,-0.000021,-0.072437,0.000001,0.000003,0.000000,0.000000,0.000000,0.000000,0.000000,0.000000,-0.000025,-0.000023,-0.062258,-0.000073,-0.000001,-0.077747,0.000001,0.000000,0.000000,0.000000,0.000000,0.000000,0.000000,-0.000046,0.000040,0.000135,-0.118760,0.000000,-0.000000,-0.147399
2.450000,-1.434510,0.000000,0.000000,-1.849460,0.000000,0.000000,-0.000000,0.000000,-0.000000,0.000000,0.000000,-0.000000,-0.000000,0.000000,-1.297799,0.000000,0.000000,-1.704605,0.000000,0.000000,0.000000,0.000000,0.000000,0.000000,0.000000,0.000000,0.000000,0.000000,-0.843587,0.000000,0.000000,-1.217041,0.000000,0.000000,0.000000,0.000000,0.000000,0.000000,0.000000,0.000000,0.000000,0.000000,0.000000,0.000000,0.000000,0.000069,-0.061682,0.000020,-0.000021,-0.072436,0.000001,0.000003,0.000000,0.000000,0.000000,0.000000,0.000000,0.000000,-0.000024,-0.000022,-0.062154,-0.000072,-0.000001,-0.077745,0.000001,-0.000000,-0.000000,-0.000000,-0.000000,-0.000000,-0.000000,-0.000046,0.000039,0.000135,-0.118564,0.000000,-0.000000,-0.147396
2.460000,-1.433933,0.000000,0.000000,-1.849300,0.000000,0.000000,0.000000,0.000000,0.000000,0.000000,0.000000,0.000000,0.000000,0.000000,-1.297253,0.000000,0.000000,-1.704434,0.000000,0.000000,0.000000,0.000000,0.000000,0.000000,0.000000,0.000000,0.000000,0.000000,-0.843086,0.000000,0.000000,-1.216782,0.000000,0.000000,0.000000,0.000000,0.000000,0.000000,0.000000,0.000000,0.000000,0.000000,0.000000,0.000000,0.000000,0.000069,-0.061585,0.000020,-0.000020,-0.072434,0.000001,0.000003,0.000000,0.000000,0.000000,0.000000,0.000000,0.000000,-0.000024,-0.000022,-0.062049,-0.000072,-0.000001,-0.077744,0.000001,0.000000,0.000000,0.000000,0.000000,0.000000,0.000000,-0.000046,0.000038,0.000134,-0.118367,0.000000,-0.000000,-0.147394
2.470000,-1.433345,0.000000,0.000000,-1.849136,0.000000,0.000000,0.000000,0.000000,0.000000,0.000000,0.000000,0.000000,0.000000,0.000000,-1.296696,0.000000,0.000000,-1.704260,0.000000,0.000000,0.000000,0.000000,0.000000,0.000000,0.000000,0.000000,0.000000,0.000000,-0.842574,0.000000,0.000000,-1.216518,0.000000,0.000000,0.000000,0.000000,0.000000,0.000000,0.000000,0.000000,0.000000,0.000000,0.000000,0.000000,0.000000,0.000068,-0.061488,0.000020,-0.000020,-0.072433,0.000001,0.000003,0.000000,0.000000,0.000000,0.000000,0.000000,0.000000,-0.000023,-0.000022,-0.061943,-0.000072,-0.000001,-0.077743,0.000001,0.000000,0.000000,0.000000,0.000000,0.000000,0.000000,-0.000045,0.000037,0.000134,-0.118168,0.000000,-0.000000,-0.147391
2.480000,-1.432744,0.000000,0.000000,-1.848969,0.000000,0.000000,0.000000,0.000000,0.000000,0.000000,0.000000,0.000000,0.000000,0.000000,-1.296127,0.000000,0.000000,-1.704082,0.000000,0.000000,0.000000,0.000000,0.000000,0.000000,0.000000,0.000000,0.000000,0.000000,-0.842051,0.000000,0.000000,-1.216249,0.000000,0.000000,0.000000,0.000000,0.000000,0.000000,0.000000,0.000000,0.000000,0.000000,0.000000,0.000000,0.000000,0.000068,-0.061390,0.000020,-0.000019,-0.072432,0.000001,0.000003,0.000000,0.000000,0.000000,0.000000,0.000000,0.000000,-0.000023,-0.000022,-0.061837,-0.000072,-0.000001,-0.077741,0.000001,0.000000,0.000000,0.000000,0.000000,0.000000,0.000000,-0.000045,0.000036,0.000133,-0.117967,0.000000,-0.000000,-0.147389
2.490000,-1.432131,0.000000,0.000000,-1.848798,0.000000,0.000000,0.000000,0.000000,0.000000,0.000000,0.000000,0.000000,0.000000,0.000000,-1.295547,0.000000,0.000000,-1.703900,0.000000,0.000000,0.000000,0.000000,0.000000,0.000000,0.000000,0.000000,0.000000,0.000000,-0.841519,0.000000,0.000000,-1.215975,0.000000,0.000000,0.000000,0.000000,0.000000,0.000000,0.000000,0.000000,0.000000,0.000000,0.000000,0.000000,0.000000,0.000068,-0.061290,0.000019,-0.000019,-0.072431,0.000001,0.000003,0.000000,0.000000,0.000000,0.000000,0.000000,0.000000,-0.000022,-0.000021,-0.061729,-0.000072,-0.000001,-0.077740,0.000001,0.000000,0.000000,0.000000,0.000000,0.000000,0.000000,-0.000044,0.000035,0.000133,-0.117765,0.000000,-0.000000,-0.147386
2.500000,-1.431505,0.000000,0.000000,-1.848624,0.000000,0.000000,-0.000000,0.000000,-0.000000,0.000000,0.000000,-0.000000,-0.000000,0.000000,-1.294955,0.000000,0.000000,-1.703715,0.000000,0.000000,0.000000,0.000000,0.000000,0.000000,0.000000,0.000000,0.000000,0.000000,-0.840975,0.000000,0.000000,-1.215695,0.000000,0.000000,0.000000,0.000000,0.000000,0.000000,0.000000,0.000000,0.000000,0.000000,0.000000,0.000000,0.000000,0.000068,-0.061191,0.000019,-0.000019,-0.072429,0.000001,0.000003,0.000000,0.000000,0.000000,0.000000,0.000000,0.000000,-0.000022,-0.000021,-0.061621,-0.000071,-0.000001,-0.077739,0.000001,-0.000000,-0.000000,-0.000000,-0.000000,-0.000000,-0.000000,-0.000044,0.000035,0.000132,-0.117561,0.000000,-0.000000,-0.147383
2.510000,-1.430866,0.000000,0.000000,-1.848447,0.000000,0.000000,0.000000,0.000000,0.000000,0.000000,0.000000,0.000000,0.000000,0.000000,-1.294351,0.000000,0.000000,-1.703526,0.000000,0.000000,0.000000,0.000000,0.000000,0.000000,0.000000,0.000000,0.000000,0.000000,-0.840420,0.000000,0.000000,-1.215409,0.000000,0.000000,0.000000,0.000000,0.000000,0.000000,0.000000,0.000000,0.000000,0.000000,0.000000,0.000000,0.000000,0.000068,-0.061090,0.000019,-0.000018,-0.072428,0.000001,0.000003,0.000000,0.000000,0.000000,0.000000,0.000000,0.000000,-0.000021,-0.000021,-0.061512,-0.000071,-0.000001,-0.077737,0.000001,0.000000,0.000000,0.000000,0.000000,0.000000,0.000000,-0.000043,0.000034,0.000132,-0.117356,0.000000,-0.000000,-0.147380
2.520000,-1.430215,0.000000,0.000000,-1.848266,0.000000,0.000000,0.000000,0.000000,0.000000,0.000000,0.000000,0.000000,0.000000,0.000000,-1.293735,0.000000,0.000000,-1.703333,0.000000,0.000000,0.000000,0.000000,0.000000,0.000000,0.000000,0.000000,0.000000,0.000000,-0.839854,0.000000,0.000000,-1.215119,0.000000,0.000000,0.000000,0.000000,0.000000,0.000000,0.000000,0.000000,0.000000,0.000000,0.000000,0.000000,0.000000,0.000067,-0.060988,0.000019,-0.000018,-0.072427,0.000001,0.000003,0.000000,0.000000,0.000000,0.000000,0.000000,0.000000,-0.000021,-0.000021,-0.061402,-0.000071,-0.000001,-0.077736,0.000001,0.000000,0.000000,0.000000,0.000000,0.000000,0.000000,-0.000043,0.000033,0.000132,-0.117149,0.000000,-0.000000,-0.147378
2.530000,-1.429550,0.000000,0.000000,-1.848081,0.000000,0.000000,0.000000,0.000000,0.000000,0.000000,0.000000,0.000000,0.000000,0.000000,-1.293105,0.000000,0.000000,-1.703136,0.000000,0.000000,0.000000,0.000000,0.000000,0.000000,0.000000,0.000000,0.000000,0.000000,-0.839277,0.000000,0.000000,-1.214822,0.000000,0.000000,0.000000,0.000000,0.000000,0.000000,0.000000,0.000000,0.000000,0.000000,0.000000,0.000000,0.000000,0.000067,-0.060885,0.000019,-0.000017,-0.072426,0.000001,0.000003,0.000000,0.000000,0.000000,0.000000,0.000000,0.000000,-0.000020,-0.000021,-0.061291,-0.000071,-0.000001,-0.077734,0.000001,0.000000,0.000000,0.000000,0.000000,0.000000,0.000000,-0.000042,0.000032,0.000131,-0.116940,0.000000,-0.000000,-0.147375
2.540000,-1.428872,0.000000,0.000000,-1.847893,0.000000,0.000000,0.000000,0.000000,0.000000,0.000000,0.000000,0.000000,0.000000,0.000000,-1.292463,0.000000,0.000000,-1.702935,0.000000,0.000000,0.000000,0.000000,0.000000,0.000000,0.000000,0.000000,0.000000,0.000000,-0.838687,0.000000,0.000000,-1.214519,0.000000,0.000000,0.000000,0.000000,0.000000,0.000000,0.000000,0.000000,0.000000,0.000000,0.000000,0.000000,0.000000,0.000067,-0.060782,0.000018,-0.000017,-0.072424,0.000001,0.000002,0.000000,0.000000,0.000000,0.000000,0.000000,0.000000,-0.000020,-0.000020,-0.061179,-0.000070,-0.000001,-0.077733,0.000001,0.000000,0.000000,0.000000,0.000000,0.000000,0.000000,-0.000042,0.000032,0.000131,-0.116729,0.000000,-0.000000,-0.147372
2.550000,-1.428180,0.000000,0.000000,-1.847700,0.000000,0.000000,-0.000000,0.000000,-0.000000,0.000000,0.000000,-0.000000,-0.000000,0.000000,-1.291808,0.000000,0.000000,-1.702730,0.000000,0.000000,0.000000,0.000000,0.000000,0.000000,0.000000,0.000000,0.000000,0.000000,-0.838087,0.000000,0.000000,-1.214211,0.000000,0.000000,0.000000,0.000000,0.000000,0.000000,0.000000,0.000000,0.000000,0.000000,0.000000,0.000000,0.000000,0.000067,-0.060678,0.000018,-0.000017,-0.072423,0.000001,0.000002,0.000000,0.000000,0.000000,0.000000,0.000000,0.000000,-0.000019,-0.000020,-0.061066,-0.000070,-0.000001,-0.077731,0.000001,-0.000000,-0.000000,-0.000000,-0.000000,-0.000000,-0.000000,-0.000042,0.000031,0.000130,-0.116517,0.000000,-0.000000,-0.147369
2.560000,-1.427474,0.000000,0.000000,-1.847504,0.000000,0.000000,0.000000,0.000000,0.000000,0.000000,0.000000,0.000000,0.000000,0.000000,-1.291139,0.000000,0.000000,-1.702521,0.000000,0.000000,0.000000,0.000000,0.000000,0.000000,0.000000,0.000000,0.000000,0.000000,-0.837474,0.000000,0.000000,-1.213897,0.000000,0.000000,0.000000,0.000000,0.000000,0.000000,0.000000,0.000000,0.000000,0.000000,0.000000,0.000000,0.000000,0.000066,-0.060572,0.000018,-0.000016,-0.072422,0.000001,0.000002,0.000000,0.000000,0.000000,0.000000,0.000000,0.000000,-0.000019,-0.000020,-0.060952,-0.000070,-0.000001,-0.077730,0.000001,0.000000,0.000000,0.000000,0.000000,0.000000,0.000000,-0.000041,0.000030,0.000130,-0.116303,0.000000,-0.000000,-0.147367
2.570000,-1.426753,0.000000,0.000000,-1.847304,0.000000,0.000000,0.000000,0.000000,0.000000,0.000000,0.000000,0.000000,0.000000,0.000000,-1.290457,0.000000,0.000000,-1.702307,0.000000,0.000000,0.000000,0.000000,0.000000,0.000000,0.000000,0.000000,0.000000,0.000000,-0.836848,0.000000,0.000000,-1.213576,0.000000,0.000000,0.000000,0.000000,0.000000,0.000000,0.000000,0.000000,0.000000,0.000000,0.000000,0.000000,0.000000,0.000066,-0.060466,0.000018,-0.000016,-0.072420,0.000001,0.000002,0.000000,0.000000,0.000000,0.000000,0.000000,0.000000,-0.000019,-0.000020,-0.060838,-0.000070,-0.000001,-0.077729,0.000001,0.000000,0.000000,0.000000,0.000000,0.000000,0.000000,-0.000041,0.000029,0.000129,-0.116087,0.000000,-0.000000,-0.147364
2.580000,-1.426018,0.000000,0.000000,-1.847099,0.000000,0.000000,0.000000,0.000000,0.000000,0.000000,0.000000,0.000000,0.000000,0.000000,-1.289760,0.000000,0.000000,-1.702089,0.000000,0.000000,0.000000,0.000000,0.000000,0.000000,0.000000,0.000000,0.000000,0.000000,-0.836211,0.000000,0.000000,-1.213250,0.000000,0.000000,0.000000,0.000000,0.000000,0.000000,0.000000,0.000000,0.000000,0.000000,0.000000,0.000000,0.000000,0.000066,-0.060359,0.000018,-0.000015,-0.072419,0.000001,0.000002,0.000000,0.000000,0.000000,0.000000,0.000000,0.000000,-0.000018,-0.000020,-0.060722,-0.000069,-0.000001,-0.077727,0.000001,0.000000,0.000000,0.000000,0.000000,0.000000,0.000000,-0.000040,0.000029,0.000129,-0.115869,0.000000,-0.000000,-0.147361
2.590000,-1.425268,0.000000,0.000000,-1.846891,0.000000,0.000000,0.000000,0.000000,0.000000,0.000000,0.000000,0.000000,0.000000,0.000000,-1.289050,0.000000,0.000000,-1.701867,0.000000,0.000000,0.000000,0.000000,0.000000,0.000000,0.000000,0.000000,0.000000,0.000000,-0.835560,0.000000,0.000000,-1.212917,0.000000,0.000000,0.000000,0.000000,0.000000,0.000000,0.000000,0.000000,0.000000,0.000000,0.000000,0.000000,0.000000,0.000066,-0.060251,0.000017,-0.000015,-0.072418,0.000001,0.000002,0.000000,0.000000,0.000000,0.000000,0.000000,0.000000,-0.000018,-0.000019,-0.060605,-0.000069,-0.000001,-0.077726,0.000001,0.000000,0.000000,0.000000,0.000000,0.000000,0.000000,-0.000040,0.000028,0.000128,-0.115650,0.000000,-0.000000,-0.147358
2.600000,-1.424503,0.000000,0.000000,-1.846678,0.000000,0.000000,-0.000000,0.000000,-0.000000,0.000000,0.000000,-0.000000,-0.000000,0.000000,-1.288325,0.000000,0.000000,-1.701640,0.000000,0.000000,0.000000,0.000000,0.000000,0.000000,0.000000,0.000000,0.000000,0.000000,-0.834897,0.000000,0.000000,-1.212578,0.000000,0.000000,0.000000,0.000000,0.000000,0.000000,0.000000,0.000000,0.000000,0.000000,0.000000,0.000000,0.000000,0.000066,-0.060142,0.000017,-0.000015,-0.072416,0.000001,0.000002,0.000000,0.000000,0.000000,0.000000,0.000000,0.000000,-0.000017,-0.000019,-0.060488,-0.000069,-0.000001,-0.077724,0.000001,-0.000000,-0.000000,-0.000000,-0.000000,-0.000000,-0.000000,-0.000039,0.000027,0.000128,-0.115429,0.000000,-0.000000,-0.147355
2.610000,-1.423722,0.000000,0.000000,-1.846461,0.000000,0.000000,0.000000,0.000000,0.000000,0.000000,0.000000,0.000000,0.000000,0.000000,-1.287585,0.000000,0.000000,-1.701409,0.000000,0.000000,0.000000,0.000000,0.000000,0.000000,0.000000,0.000000,0.000000,0.000000,-0.834220,0.000000,0.000000,-1.212232,0.000000,0.000000,0.000000,0.000000,0.000000,0.000000,0.000000,0.000000,0.000000,0.000000,0.000000,0.000000,0.000000,0.000065,-0.060033,0.000017,-0.000014,-0.072415,0.000001,0.000002,0.000000,0.000000,0.000000,0.000000,0.000000,0.000000,-0.000017,-0.000019,-0.060370,-0.000069,-0.000001,-0.077723,0.000001,0.000000,0.000000,0.000000,0.000000,0.000000,0.000000,-0.000039,0.000027,0.000127,-0.115206,0.000000,-0.000000,-0.147352
2.620000,-1.422926,0.000000,0.000000,-1.846240,0.000000,0.000000,0.000000,0.000000,0.000000,0.000000,0.000000,0.000000,0.000000,0.000000,-1.286830,0.000000,0.000000,-1.701173,0.000000,0.000000,0.000000,0.000000,0.000000,0.000000,0.000000,0.000000,0.000000,0.000000,-0.833530,0.000000,0.000000,-1.211879,0.000000,0.000000,0.000000,0.000000,0.000000,0.000000,0.000000,0.000000,0.000000,0.000000,0.000000,0.000000,0.000000,0.000065,-0.059922,0.000017,-0.000014,-0.072413,0.000001,0.000002,0.000000,0.000000,0.000000,0.000000,0.000000,0.000000,-0.000017,-0.000019,-0.060250,-0.000068,-0.000001,-0.077721,0.000001,0.000000,0.000000,0.000000,0.000000,0.000000,0.000000,-0.000039,0.000026,0.000127,-0.114982,0.000000,-0.000000,-0.147349
2.630000,-1.422113,0.000000,0.000000,-1.846014,0.000000,0.000000,0.000000,0.000000,0.000000,0.000000,0.000000,0.000000,0.000000,0.000000,-1.286060,0.000000,0.000000,-1.700932,0.000000,0.000000,0.000000,0.000000,0.000000,0.000000,0.000000,0.000000,0.000000,0.000000,-0.832827,0.000000,0.000000,-1.211520,0.000000,0.000000,0.000000,0.000000,0.000000,0.000000,0.000000,0.000000,0.000000,0.000000,0.000000,0.000000,0.000000,0.000065,-0.059810,0.000017,-0.000014,-0.072412,0.000001,0.000002,0.000000,0.000000,0.000000,0.000000,0.000000,0.000000,-0.000016,-0.000019,-0.060130,-0.000068,-0.000001,-0.077720,0.000001,0.000000,0.000000,0.000000,0.000000,0.000000,0.000000,-0.000038,0.000026,0.000126,-0.114755,0.000000,-0.000000,-0.147346
2.640000,-1.421284,0.000000,0.000000,-1.845784,0.000000,0.000000,0.000000,0.000000,0.000000,0.000000,0.000000,0.000000,0.000000,0.000000,-1.285274,0.000000,0.000000,-1.700686,0.000000,0.000000,0.000000,0.000000,0.000000,0.000000,0.000000,0.000000,0.000000,0.000000,-0.832109,0.000000,0.000000,-1.211154,0.000000,0.000000,0.000000,0.000000,0.000000,0.000000,0.000000,0.000000,0.000000,0.000000,0.000000,0.000000,0.000000,0.000065,-0.059697,0.000016,-0.000013,-0.072411,0.000001,0.000002,0.000000,0.000000,0.000000,0.000000,0.000000,0.000000,-0.000016,-0.000018,-0.060009,-0.000068,-0.000001,-0.077718,0.000001,0.000000,0.000000,0.000000,0.000000,0.000000,0.000000,-0.000038,0.000025,0.000126,-0.114527,0.000000,-0.000000,-0.147343
2.650000,-1.420438,0.000000,0.000000,-1.845549,0.000000,0.000000,-0.000000,0.000000,-0.000000,0.000000,0.000000,-0.000000,-0.000000,0.000000,-1.284472,0.000000,0.000000,-1.700436,0.000000,0.000000,0.000000,0.000000,0.000000,0.000000,0.000000,0.000000,0.000000,0.000000,-0.831377,0.000000,0.000000,-1.210781,0.000000,0.000000,0.000000,0.000000,0.000000,0.000000,0.000000,0.000000,0.000000,0.000000,0.000000,0.000000,0.000000,0.000064,-0.059584,0.000016,-0.000013,-0.072409,0.000001,0.000002,0.000000,0.000000,0.000000,0.000000,0.000000,0.000000,-0.000015,-0.000018,-0.059887,-0.000068,-0.000001,-0.077717,0.000001,-0.000000,-0.000000,-0.000000,-0.000000,-0.000000,-0.000000,-0.000037,0.000024,0.000125,-0.114297,0.000000,-0.000000,-0.147340
2.660000,-1.419575,0.000000,0.000000,-1.845309,0.000000,0.000000,0.000000,0.000000,0.000000,0.000000,0.000000,0.000000,0.000000,0.000000,-1.283654,0.000000,0.000000,-1.700180,0.000000,0.000000,0.000000,0.000000,0.000000,0.000000,0.000000,0.000000,0.000000,0.000000,-0.830631,0.000000,0.000000,-1.210401,0.000000,0.000000,0.000000,0.000000,0.000000,0.000000,0.000000,0.000000,0.000000,0.000000,0.000000,0.000000,0.000000,0.000064,-0.059469,0.000016,-0.000013,-0.072408,0.000001,0.000002,0.000000,0.000000,0.000000,0.000000,0.000000,0.000000,-0.000015,-0.000018,-0.059763,-0.000067,-0.000001,-0.077715,0.000001,0.000000,0.000000,0.000000,0.000000,0.000000,0.000000,-0.000037,0.000024,0.000125,-0.114065,0.000000,-0.000000,-0.147337
2.670000,-1.418694,0.000000,0.000000,-1.845065,0.000000,0.000000,0.000000,0.000000,0.000000,0.000000,0.000000,0.000000,0.000000,0.000000,-1.282819,0.000000,0.000000,-1.699919,0.000000,0.000000,0.000000,0.000000,0.000000,0.000000,0.000000,0.000000,0.000000,0.000000,-0.829871,0.000000,0.000000,-1.210013,0.000000,0.000000,0.000000,0.000000,0.000000,0.000000,0.000000,0.000000,0.000000,0.000000,0.000000,0.000000,0.000000,0.000064,-0.059354,0.000016,-0.000013,-0.072406,0.000001,0.000002,0.000000,0.000000,0.000000,0.000000,0.000000,0.000000,-0.000015,-0.000018,-0.059639,-0.000067,-0.000001,-0.077713,0.000001,0.000000,0.000000,0.000000,0.000000,0.000000,0.000000,-0.000037,0.000023,0.000124,-0.113831,0.000000,-0.000000,-0.147334
2.680000,-1.417796,0.000000,0.000000,-1.844815,0.000000,0.000000,0.000000,0.000000,0.000000,0.000000,0.000000,0.000000,0.000000,0.000000,-1.281967,0.000000,0.000000,-1.699653,0.000000,0.000000,0.000000,0.000000,0.000000,0.000000,0.000000,0.000000,0.000000,0.000000,-0.829095,0.000000,0.000000,-1.209618,0.000000,0.000000,0.000000,0.000000,0.000000,0.000000,0.000000,0.000000,0.000000,0.000000,0.000000,0.000000,0.000000,0.000064,-0.059237,0.000016,-0.000012,-0.072405,0.000001,0.000002,0.000000,0.000000,0.000000,0.000000,0.000000,0.000000,-0.000014,-0.000018,-0.059514,-0.000067,-0.000001,-0.077712,0.000001,0.000000,0.000000,0.000000,0.000000,0.000000,0.000000,-0.000036,0.000023,0.000124,-0.113595,0.000000,-0.000000,-0.147331
2.690000,-1.416880,0.000000,0.000000,-1.844560,0.000000,0.000000,0.000000,0.000000,0.000000,0.000000,0.000000,0.000000,0.000000,0.000000,-1.281099,0.000000,0.000000,-1.699381,0.000000,0.000000,0.000000,0.000000,0.000000,0.000000,0.000000,0.000000,0.000000,0.000000,-0.828304,0.000000,0.000000,-1.209216,0.000000,0.000000,0.000000,0.000000,0.000000,0.000000,0.000000,0.000000,0.000000,0.000000,0.000000,0.000000,0.000000,0.000063,-0.059120,0.000016,-0.000012,-0.072403,0.000001,0.000002,0.000000,0.000000,0.000000,0.000000,0.000000,0.000000,-0.000014,-0.000017,-0.059388,-0.000067,-0.000001,-0.077710,0.000001,0.000000,0.000000,0.000000,0.000000,0.000000,0.000000,-0.000036,0.000022,0.000123,-0.113358,0.000000,-0.000000,-0.147328
2.700000,-1.415945,0.000000,0.000000,-1.844301,0.000000,0.000000,-0.000000,0.000000,-0.000000,0.000000,0.000000,-0.000000,-0.000000,0.000000,-1.280212,0.000000,0.000000,-1.699105,0.000000,0.000000,0.000000,0.000000,0.000000,0.000000,0.000000,0.000000,0.000000,0.000000,-0.827498,0.000000,0.000000,-1.208806,0.000000,0.000000,0.000000,0.000000,0.000000,0.000000,0.000000,0.000000,0.000000,0.000000,0.000000,0.000000,0.000000,0.000063,-0.059001,0.000016,-0.000012,-0.072402,0.000001,0.000002,0.000000,0.000000,0.000000,0.000000,0.000000,0.000000,-0.000014,-0.000017,-0.059261,-0.000066,-0.000001,-0.077709,0.000001,-0.000000,-0.000000,-0.000000,-0.000000,-0.000000,-0.000000,-0.000035,0.000022,0.000123,-0.113118,0.000000,-0.000000,-0.147325
2.710000,-1.414991,0.000000,0.000000,-1.844036,0.000000,0.000000,0.000000,0.000000,0.000000,0.000000,0.000000,0.000000,0.000000,0.000000,-1.279308,0.000000,0.000000,-1.698822,0.000000,0.000000,0.000000,0.000000,0.000000,0.000000,0.000000,0.000000,0.000000,0.000000,-0.826677,0.000000,0.000000,-1.208389,0.000000,0.000000,0.000000,0.000000,0.000000,0.000000,0.000000,0.000000,0.000000,0.000000,0.000000,0.000000,0.000000,0.000063,-0.058882,0.000015,-0.000011,-0.072400,0.000001,0.000002,0.000000,0.000000,0.000000,0.000000,0.000000,0.000000,-0.000013,-0.000017,-0.059133,-0.000066,-0.000001,-0.077707,0.000001,0.000000,0.000000,0.000000,0.000000,0.000000,0.000000,-0.000035,0.000021,0.000122,-0.112877,0.000000,-0.000000,-0.147322
2.720000,-1.414018,0.000000,0.000000,-1.843766,0.000000,0.000000,0.000000,0.000000,0.000000,0.000000,0.000000,0.000000,0.000000,0.000000,-1.278385,0.000000,0.000000,-1.698534,0.000000,0.000000,0.000000,0.000000,0.000000,0.000000,0.000000,0.000000,0.000000,0.000000,-0.825839,0.000000,0.000000,-1.207964,0.000000,0.000000,0.000000,0.000000,0.000000,0.000000,0.000000,0.000000,0.000000,0.000000,0.000000,0.000000,0.000000,0.000063,-0.058761,0.000015,-0.000011,-0.072399,0.000001,0.000002,0.000000,0.000000,0.000000,0.000000,0.000000,0.000000,-0.000013,-0.000017,-0.059004,-0.000066,-0.000001,-0.077705,0.000001,0.000000,0.000000,0.000000,0.000000,0.000000,0.000000,-0.000035,0.000021,0.000122,-0.112634,0.000000,-0.000000,-0.147318
2.730000,-1.413026,0.000000,0.000000,-1.843490,0.000000,0.000000,0.000000,0.000000,0.000000,0.000000,0.000000,0.000000,0.000000,0.000000,-1.277444,0.000000,0.000000,-1.698240,0.000000,0.000000,0.000000,0.000000,0.000000,0.000000,0.000000,0.000000,0.000000,0.000000,-0.824985,0.000000,0.000000,-1.207530,0.000000,0.000000,0.000000,0.000000,0.000000,0.000000,0.000000,0.000000,0.000000,0.000000,0.000000,0.000000,0.000000,0.000062,-0.058640,0.000015,-0.000011,-0.072397,0.000001,0.000002,0.000000,0.000000,0.000000,0.000000,0.000000,0.000000,-0.000013,-0.000017,-0.058874,-0.000065,-0.000001,-0.077704,0.000001,0.000000,0.000000,0.000000,0.000000,0.000000,0.000000,-0.000034,0.000020,0.000121,-0.112389,0.000000,-0.000000,-0.147315
2.740000,-1.412014,0.000000,0.000000,-1.843209,0.000000,0.000000,0.000000,0.000000,0.000000,0.000000,0.000000,0.000000,0.000000,0.000000,-1.276483,0.000000,0.000000,-1.697940,0.000000,0.000000,0.000000,0.000000,0.000000,0.000000,0.000000,0.000000,0.000000,0.000000,-0.824115,0.000000,0.000000,-1.207089,0.000000,0.000000,0.000000,0.000000,0.000000,0.000000,0.000000,0.000000,0.000000,0.000000,0.000000,0.000000,0.000000,0.000062,-0.058517,0.000015,-0.000011,-0.072396,0.000001,0.000002,0.000000,0.000000,0.000000,0.000000,0.000000,0.000000,-0.000013,-0.000017,-0.058743,-0.000065,-0.000001,-0.077702,0.000001,0.000000,0.000000,0.000000,0.000000,0.000000,0.000000,-0.000034,0.000020,0.000121,-0.112142,0.000000,-0.000000,-0.147312
2.750000,-1.410981,0.000000,0.000000,-1.842923,0.000000,0.000000,-0.000000,0.000000,-0.000000,0.000000,0.000000,-0.000000,-0.000000,0.000000,-1.275504,0.000000,0.000000,-1.697634,0.000000,0.000000,0.000000,0.000000,0.000000,0.000000,0.000000,0.000000,0.000000,0.000000,-0.823228,0.000000,0.000000,-1.206640,0.000000,0.000000,0.000000,0.000000,0.000000,0.000000,0.000000,0.000000,0.000000,0.000000,0.000000,0.000000,0.000000,0.000062,-0.058393,0.000015,-0.000010,-0.072394,0.000001,0.000002,0.000000,0.000000,0.000000,0.000000,0.000000,0.000000,-0.000012,-0.000016,-0.058610,-0.000065,-0.000001,-0.077700,0.000001,-0.000000,-0.000000,-0.000000,-0.000000,-0.000000,-0.000000,-0.000034,0.000020,0.000120,-0.111893,0.000000,-0.000000,-0.147309
2.760000,-1.409928,0.000000,0.000000,-1.842630,0.000000,0.000000,0.000000,0.000000,0.000000,0.000000,0.000000,0.000000,0.000000,0.000000,-1.274505,0.000000,0.000000,-1.697322,0.000000,0.000000,0.000000,0.000000,0.000000,0.000000,0.000000,0.000000,0.000000,0.000000,-0.822324,0.000000,0.000000,-1.206182,0.000000,0.000000,0.000000,0.000000,0.000000,0.000000,0.000000,0.000000,0.000000,0.000000,0.000000,0.000000,0.000000,0.000062,-0.058269,0.000015,-0.000010,-0.072393,0.000001,0.000001,0.000000,0.000000,0.000000,0.000000,0.000000,0.000000,-0.000012,-0.000016,-0.058477,-0.000065,-0.000001,-0.077699,0.000001,0.000000,0.000000,0.000000,0.000000,0.000000,0.000000,-0.000033,0.000019,0.000119,-0.111642,0.000000,-0.000000,-0.147305
2.770000,-1.408854,0.000000,0.000000,-1.842332,0.000000,0.000000,0.000000,0.000000,0.000000,0.000000,0.000000,0.000000,0.000000,0.000000,-1.273485,0.000000,0.000000,-1.697004,0.000000,0.000000,0.000000,0.000000,0.000000,0.000000,0.000000,0.000000,0.000000,0.000000,-0.821402,0.000000,0.000000,-1.205715,0.000000,0.000000,0.000000,0.000000,0.000000,0.000000,0.000000,0.000000,0.000000,0.000000,0.000000,0.000000,0.000000,0.000061,-0.058143,0.000014,-0.000010,-0.072391,0.000001,0.000001,0.000000,0.000000,0.000000,0.000000,0.000000,0.000000,-0.000012,-0.000016,-0.058343,-0.000064,-0.000001,-0.077697,0.000001,0.000000,0.000000,0.000000,0.000000,0.000000,0.000000,-0.000033,0.000019,0.000119,-0.111389,0.000000,-0.000000,-0.147302
2.780000,-1.407758,0.000000,0.000000,-1.842028,0.000000,0.000000,0.000000,0.000000,0.000000,0.000000,0.000000,0.000000,0.000000,0.000000,-1.272445,0.000000,0.000000,-1.696680,0.000000,0.000000,0.000000,0.000000,0.000000,0.000000,0.000000,0.000000,0.000000,0.000000,-0.820463,0.000000,0.000000,-1.205240,0.000000,0.000000,0.000000,0.000000,0.000000,0.000000,0.000000,0.000000,0.000000,0.000000,0.000000,0.000000,0.000000,0.000061,-0.058017,0.000014,-0.000010,-0.072389,0.000001,0.000001,0.000000,0.000000,0.000000,0.000000,0.000000,0.000000,-0.000011,-0.000016,-0.058208,-0.000064,-0.000001,-0.077695,0.000001,0.000000,0.000000,0.000000,0.000000,0.000000,0.000000,-0.000033,0.000018,0.000118,-0.111134,0.000000,-0.000000,-0.147299
2.790000,-1.406640,0.000000,0.000000,-1.841718,0.000000,0.000000,0.000000,0.000000,0.000000,0.000000,0.000000,0.000000,0.000000,0.000000,-1.271385,0.000000,0.000000,-1.696349,0.000000,0.000000,0.000000,0.000000,0.000000,0.000000,0.000000,0.000000,0.000000,0.000000,-0.819506,0.000000,0.000000,-1.204757,0.000000,0.000000,0.000000,0.000000,0.000000,0.000000,0.000000,0.000000,0.000000,0.000000,0.000000,0.000000,0.000000,0.000061,-0.057889,0.000014,-0.000010,-0.072388,0.000001,0.000001,0.000000,0.000000,0.000000,0.000000,0.000000,0.000000,-0.000011,-0.000016,-0.058071,-0.000064,-0.000001,-0.077694,0.000001,0.000000,0.000000,0.000000,0.000000,0.000000,0.000000,-0.000032,0.000018,0.000118,-0.110877,0.000000,-0.000000,-0.147295
2.800000,-1.405500,0.000000,0.000000,-1.841401,0.000000,0.000000,-0.000000,0.000000,-0.000000,0.000000,0.000000,-0.000000,-0.000000,0.000000,-1.270303,0.000000,0.000000,-1.696011,0.000000,0.000000,0.000000,0.000000,0.000000,0.000000,0.000000,0.000000,0.000000,0.000000,-0.818531,0.000000,0.000000,-1.204264,0.000000,0.000000,0.000000,0.000000,0.000000,0.000000,0.000000,0.000000,0.000000,0.000000,0.000000,0.000000,0.000000,0.000061,-0.057760,0.000014,-0.000009,-0.072386,0.000001,0.000001,0.000000,0.000000,0.000000,0.000000,0.000000,0.000000,-0.000011,-0.000016,-0.057934,-0.000063,-0.000001,-0.077692,0.000001,-0.000000,-0.000000,-0.000000,-0.000000,-0.000000,-0.000000,-0.000032,0.000018,0.000117,-0.110619,0.000000,-0.000000,-0.147292
2.810000,-1.404337,0.000000,0.000000,-1.841079,0.000000,0.000000,0.000000,0.000000,0.000000,0.000000,0.000000,0.000000,0.000000,0.000000,-1.269200,0.000000,0.000000,-1.695667,0.000000,0.000000,0.000000,0.000000,0.000000,0.000000,0.000000,0.000000,0.000000,0.000000,-0.817538,0.000000,0.000000,-1.203763,0.000000,0.000000,0.000000,0.000000,0.000000,0.000000,0.000000,0.000000,0.000000,0.000000,0.000000,0.000000,0.000000,0.000060,-0.057630,0.000014,-0.000009,-0.072385,0.000001,0.000001,0.000000,0.000000,0.000000,0.000000,0.000000,0.000000,-0.000011,-0.000015,-0.057796,-0.000063,-0.000001,-0.077690,0.000001,0.000000,0.000000,0.000000,0.000000,0.000000,0.000000,-0.000032,0.000017,0.000116,-0.110358,0.000000,-0.000000,-0.147289
2.820000,-1.403151,0.000000,0.000000,-1.840749,0.000000,0.000000,0.000000,0.000000,0.000000,0.000000,0.000000,0.000000,0.000000,0.000000,-1.268074,0.000000,0.000000,-1.695316,0.000000,0.000000,0.000000,0.000000,0.000000,0.000000,0.000000,0.000000,0.000000,0.000000,-0.816526,0.000000,0.000000,-1.203252,0.000000,0.000000,0.000000,0.000000,0.000000,0.000000,0.000000,0.000000,0.000000,0.000000,0.000000,0.000000,0.000000,0.000060,-0.057499,0.000014,-0.000009,-0.072383,0.000001,0.000001,0.000000,0.000000,0.000000,0.000000,0.000000,0.000000,-0.000010,-0.000015,-0.057656,-0.000063,-0.000001,-0.077688,0.000001,0.000000,0.000000,0.000000,0.000000,0.000000,0.000000,-0.000031,0.000017,0.000116,-0.110095,0.000000,-0.000000,-0.147285
2.830000,-1.401942,0.000000,0.000000,-1.840414,0.000000,0.000000,0.000000,0.000000,0.000000,0.000000,0.000000,0.000000,0.000000,0.000000,-1.266926,0.000000,0.000000,-1.694958,0.000000,0.000000,0.000000,0.000000,0.000000,0.000000,0.000000,0.000000,0.000000,0.000000,-0.815495,0.000000,0.000000,-1.202732,0.000000,0.000000,0.000000,0.000000,0.000000,0.000000,0.000000,0.000000,0.000000,0.000000,0.000000,0.000000,0.000000,0.000060,-0.057368,0.000014,-0.000009,-0.072381,0.000001,0.000001,0.000000,0.000000,0.000000,0.000000,0.000000,0.000000,-0.000010,-0.000015,-0.057516,-0.000062,-0.000001,-0.077686,0.000001,0.000000,0.000000,0.000000,0.000000,0.000000,0.000000,-0.000031,0.000017,0.000115,-0.109830,0.000000,-0.000000,-0.147282
2.840000,-1.400708,0.000000,0.000000,-1.840072,0.000000,0.000000,0.000000,0.000000,0.000000,0.000000,0.000000,0.000000,0.000000,0.000000,-1.265755,0.000000,0.000000,-1.694593,0.000000,0.000000,0.000000,0.000000,0.000000,0.000000,0.000000,0.000000,0.000000,0.000000,-0.814444,0.000000,0.000000,-1.202202,0.000000,0.000000,0.000000,0.000000,0.000000,0.000000,0.000000,0.000000,0.000000,0.000000,0.000000,0.000000,0.000000,0.000059,-0.057235,0.000014,-0.000009,-0.072380,0.000001,0.000001,0.000000,0.000000,0.000000,0.000000,0.000000,0.000000,-0.000010,-0.000015,-0.057374,-0.000062,-0.000001,-0.077685,0.000001,0.000000,0.000000,0.000000,0.000000,0.000000,0.000000,-0.000031,0.000016,0.000115,-0.109563,0.000000,-0.000000,-0.147278
2.850000,-1.399450,0.000000,0.000000,-1.839723,0.000000,0.000000,-0.000000,0.000000,-0.000000,0.000000,0.000000,-0.000000,-0.000000,0.000000,-1.264561,0.000000,0.000000,-1.694221,0.000000,0.000000,0.000000,0.000000,0.000000,0.000000,0.000000,0.000000,0.000000,0.000000,-0.813374,0.000000,0.000000,-1.201663,0.000000,0.000000,0.000000,0.000000,0.000000,0.000000,0.000000,0.000000,0.000000,0.000000,0.000000,0.000000,0.000000,0.000059,-0.057100,0.000013,-0.000008,-0.072378,0.000001,0.000001,0.000000,0.000000,0.000000,0.000000,0.000000,0.000000,-0.000010,-0.000015,-0.057232,-0.000062,-0.000001,-0.077683,0.000001,-0.000000,-0.000000,-0.000000,-0.000000,-0.000000,-0.000000,-0.000030,0.000016,0.000114,-0.109294,0.000000,-0.000000,-0.147275
2.860000,-1.398167,0.000000,0.000000,-1.839367,0.000000,0.000000,0.000000,0.000000,0.000000,0.000000,0.000000,0.000000,0.000000,0.000000,-1.263344,0.000000,0.000000,-1.693841,0.000000,0.000000,0.000000,0.000000,0.000000,0.000000,0.000000,0.000000,0.000000,0.000000,-0.812283,0.000000,0.000000,-1.201114,0.000000,0.000000,0.000000,0.000000,0.000000,0.000000,0.000000,0.000000,0.000000,0.000000,0.000000,0.000000,0.000000,0.000059,-0.056965,0.000013,-0.000008,-0.072376,0.000001,0.000001,0.000000,0.000000,0.000000,0.000000,0.000000,0.000000,-0.000010,-0.000015,-0.057088,-0.000061,-0.000001,-0.077681,0.000001,0.000000,0.000000,0.000000,0.000000,0.000000,0.000000,-0.000030,0.000016,0.000114,-0.109023,0.000000,-0.000000,-0.147271
2.870000,-1.396858,0.000000,0.000000,-1.839004,0.000000,0.000000,0.000000,0.000000,0.000000,0.000000,0.000000,0.000000,0.000000,0.000000,-1.262102,0.000000,0.000000,-1.693454,0.000000,0.000000,0.000000,0.000000,0.000000,0.000000,0.000000,0.000000,0.000000,0.000000,-0.811173,0.000000,0.000000,-1.200555,0.000000,0.000000,0.000000,0.000000,0.000000,0.000000,0.000000,0.000000,0.000000,0.000000,0.000000,0.000000,0.000000,0.000059,-0.056829,0.000013,-0.000008,-0.072374,0.000001,0.000001,0.000000,0.000000,0.000000,0.000000,0.000000,0.000000,-0.000009,-0.000015,-0.056943,-0.000061,-0.000001,-0.077679,0.000001,0.000000,0.000000,0.000000,0.000000,0.000000,0.000000,-0.000030,0.000015,0.000113,-0.108750,0.000000,-0.000000,-0.147268
2.880000,-1.395524,0.000000,0.000000,-1.838634,0.000000,0.000000,0.000000,0.000000,0.000000,0.000000,0.000000,0.000000,0.000000,0.000000,-1.260835,0.000000,0.000000,-1.693060,0.000000,0.000000,0.000000,0.000000,0.000000,0.000000,0.000000,0.000000,0.000000,0.000000,-0.810042,0.000000,0.000000,-1.199987,0.000000,0.000000,0.000000,0.000000,0.000000,0.000000,0.000000,0.000000,0.000000,0.000000,0.000000,0.000000,0.000000,0.000058,-0.056692,0.000013,-0.000008,-0.072373,0.000001,0.000001,0.000000,0.000000,0.000000,0.000000,0.000000,0.000000,-0.000009,-0.000014,-0.056797,-0.000061,-0.000001,-0.077677,0.000001,0.000000,0.000000,0.000000,0.000000,0.000000,0.000000,-0.000029,0.000015,0.000112,-0.108475,0.000000,-0.000000,-0.147264
2.890000,-1.394163,0.000000,0.000000,-1.838256,0.000000,0.000000,0.000000,0.000000,0.000000,0.000000,0.000000,0.000000,0.000000,0.000000,-1.259544,0.000000,0.000000,-1.692658,0.000000,0.000000,0.000000,0.000000,0.000000,0.000000,0.000000,0.000000,0.000000,0.000000,-0.808890,0.000000,0.000000,-1.199408,0.000000,0.000000,0.000000,0.000000,0.000000,0.000000,0.000000,0.000000,0.000000,0.000000,0.000000,0.000000,0.000000,0.000058,-0.056553,0.000013,-0.000008,-0.072371,0.000001,0.000001,0.000000,0.000000,0.000000,0.000000,0.000000,0.000000,-0.000009,-0.000014,-0.056650,-0.000061,-0.000001,-0.077676,0.000001,0.000000,0.000000,0.000000,0.000000,0.000000,0.000000,-0.000029,0.000015,0.000112,-0.108198,0.000000,-0.000000,-0.147260
2.900000,-1.392776,0.000000,0.000000,-1.837872,0.000000,0.000000,-0.000000,0.000000,-0.000000,0.000000,0.000000,-0.000000,-0.000000,0.000000,-1.258227,0.000000,0.000000,-1.692247,0.000000,0.000000,0.000000,0.000000,0.000000,0.000000,0.000000,0.000000,0.000000,0.000000,-0.807716,0.000000,0.000000,-1.198818,0.000000,0.000000,0.000000,0.000000,0.000000,0.000000,0.000000,0.000000,0.000000,0.000000,0.000000,0.000000,0.000000,0.000058,-0.056413,0.000013,-0.000008,-0.072369,0.000001,0.000001,0.000000,0.000000,0.000000,0.000000,0.000000,0.000000,-0.000009,-0.000014,-0.056502,-0.000060,-0.000001,-0.077674,0.000001,-0.000000,-0.000000,-0.000000,-0.000000,-0.000000,-0.000000,-0.000029,0.000015,0.000111,-0.107919,0.000000,-0.000000,-0.147257
2.910000,-1.391361,0.000000,0.000000,-1.837479,0.000000,0.000000,0.000000,0.000000,0.000000,0.000000,0.000000,0.000000,0.000000,0.000000,-1.256884,0.000000,0.000000,-1.691829,0.000000,0.000000,0.000000,0.000000,0.000000,0.000000,0.000000,0.000000,0.000000,0.000000,-0.806521,0.000000,0.000000,-1.198219,0.000000,0.000000,0.000000,0.000000,0.000000,0.000000,0.000000,0.000000,0.000000,0.000000,0.000000,0.000000,0.000000,0.000057,-0.056273,0.000013,-0.000008,-0.072367,0.000001,0.000001,0.000000,0.000000,0.000000,0.000000,0.000000,0.000000,-0.000009,-0.000014,-0.056353,-0.000060,-0.000001,-0.077672,0.000001,0.000000,0.000000,0.000000,0.000000,0.000000,0.000000,-0.000028,0.000014,0.000111,-0.107637,0.000000,-0.000000,-0.147253
2.920000,-1.389918,0.000000,0.000000,-1.837079,0.000000,0.000000,0.000000,0.000000,0.000000,0.000000,0.000000,0.000000,0.000000,0.000000,-1.255514,0.000000,0.000000,-1.691403,0.000000,0.000000,0.000000,0.000000,0.000000,0.000000,0.000000,0.000000,0.000000,0.000000,-0.805305,0.000000,0.000000,-1.197608,0.000000,0.000000,0.000000,0.000000,0.000000,0.000000,0.000000,0.000000,0.000000,0.000000,0.000000,0.000000,0.000000,0.000057,-0.056131,0.000013,-0.000007,-0.072366,0.000001,0.000001,0.000000,0.000000,0.000000,0.000000,0.000000,0.000000,-0.000008,-0.000014,-0.056202,-0.000060,-0.000001,-0.077670,0.000001,0.000000,0.000000,0.000000,0.000000,0.000000,0.000000,-0.000028,0.000014,0.000110,-0.107354,0.000000,-0.000000,-0.147249
2.930000,-1.388447,0.000000,0.000000,-1.836672,0.000000,0.000000,0.000000,0.000000,0.000000,0.000000,0.000000,0.000000,0.000000,0.000000,-1.254118,0.000000,0.000000,-1.690968,0.000000,0.000000,0.000000,0.000000,0.000000,0.000000,0.000000,0.000000,0.000000,0.000000,-0.804066,0.000000,0.000000,-1.196987,0.000000,0.000000,0.000000,0.000000,0.000000,0.000000,0.000000,0.000000,0.000000,0.000000,0.000000,0.000000,0.000000,0.000057,-0.055988,0.000012,-0.000007,-0.072364,0.000001,0.000001,0.000000,0.000000,0.000000,0.000000,0.000000,0.000000,-0.000008,-0.000014,-0.056051,-0.000059,-0.000001,-0.077668,0.000001,0.000000,0.000000,0.000000,0.000000,0.000000,0.000000,-0.000028,0.000014,0.000109,-0.107068,0.000000,-0.000000,-0.147245
2.940000,-1.386947,0.000000,0.000000,-1.836256,0.000000,0.000000,0.000000,0.000000,0.000000,0.000000,0.000000,0.000000,0.000000,0.000000,-1.252694,0.000000,0.000000,-1.690525,0.000000,0.000000,0.000000,0.000000,0.000000,0.000000,0.000000,0.000000,0.000000,0.000000,-0.802804,0.000000,0.000000,-1.196355,0.000000,0.000000,0.000000,0.000000,0.000000,0.000000,0.000000,0.000000,0.000000,0.000000,0.000000,0.000000,0.000000,0.000057,-0.055844,0.000012,-0.000007,-0.072362,0.000001,0.000001,0.000000,0.000000,0.000000,0.000000,0.000000,0.000000,-0.000008,-0.000014,-0.055898,-0.000059,-0.000001,-0.077666,0.000001,0.000000,0.000000,0.000000,0.000000,0.000000,0.000000,-0.000028,0.000014,0.000109,-0.106780,0.000000,-0.000000,-0.147242
2.950000,-1.385417,0.000000,0.000000,-1.835832,0.000000,0.000000,-0.000000,0.000000,-0.000000,0.000000,0.000000,-0.000000,-0.000000,0.000000,-1.251243,0.000000,0.000000,-1.690074,0.000000,0.000000,0.000000,0.000000,0.000000,0.000000,0.000000,0.000000,0.000000,0.000000,-0.801520,0.000000,0.000000,-1.195711,0.000000,0.000000,0.000000,0.000000,0.000000,0.000000,0.000000,0.000000,0.000000,0.000000,0.000000,0.000000,0.000000,0.000056,-0.055698,0.000012,-0.000007,-0.072360,0.000001,0.000001,0.000000,0.000000,0.000000,0.000000,0.000000,0.000000,-0.000008,-0.000014,-0.055745,-0.000059,-0.000001,-0.077664,0.000001,-0.000000,-0.000000,-0.000000,-0.000000,-0.000000,-0.000000,-0.000027,0.000013,0.000108,-0.106490,0.000000,-0.000000,-0.147238
2.960000,-1.383858,0.000000,0.000000,-1.835400,0.000000,0.000000,0.000000,0.000000,0.000000,0.000000,0.000000,0.000000,0.000000,0.000000,-1.249763,0.000000,0.000000,-1.689613,0.000000,0.000000,0.000000,0.000000,0.000000,0.000000,0.000000,0.000000,0.000000,0.000000,-0.800212,0.000000,0.000000,-1.195057,0.000000,0.000000,0.000000,0.000000,0.000000,0.000000,0.000000,0.000000,0.000000,0.000000,0.000000,0.000000,0.000000,0.000056,-0.055552,0.000012,-0.000007,-0.072358,0.000001,0.000001,0.000000,0.000000,0.000000,0.000000,0.000000,0.000000,-0.000008,-0.000013,-0.055590,-0.000058,-0.000001,-0.077662,0.000001,0.000000,0.000000,0.000000,0.000000,0.000000,0.000000,-0.000027,0.000013,0.000108,-0.106198,0.000000,-0.000000,-0.147234
2.970000,-1.382268,0.000000,0.000000,-1.834960,0.000000,0.000000,0.000000,0.000000,0.000000,0.000000,0.000000,0.000000,0.000000,0.000000,-1.248254,0.000000,0.000000,-1.689144,0.000000,0.000000,0.000000,0.000000,0.000000,0.000000,0.000000,0.000000,0.000000,0.000000,-0.798881,0.000000,0.000000,-1.194391,0.000000,0.000000,0.000000,0.000000,0.000000,0.000000,0.000000,0.000000,0.000000,0.000000,0.000000,0.000000,0.000000,0.000056,-0.055404,0.000012,-0.000007,-0.072356,0.000001,0.000001,0.000000,0.000000,0.000000,0.000000,0.000000,0.000000,-0.000008,-0.000013,-0.055434,-0.000058,-0.000001,-0.077660,0.000001,0.000000,0.000000,0.000000,0.000000,0.000000,0.000000,-0.000027,0.000013,0.000107,-0.105904,0.000000,-0.000000,-0.147230
2.980000,-1.380647,0.000000,0.000000,-1.834511,0.000000,0.000000,0.000000,0.000000,0.000000,0.000000,0.000000,0.000000,0.000000,0.000000,-1.246716,0.000000,0.000000,-1.688666,0.000000,0.000000,0.000000,0.000000,0.000000,0.000000,0.000000,0.000000,0.000000,0.000000,-0.797526,0.000000,0.000000,-1.193713,0.000000,0.000000,0.000000,0.000000,0.000000,0.000000,0.000000,0.000000,0.000000,0.000000,0.000000,0.000000,0.000000,0.000055,-0.055256,0.000012,-0.000007,-0.072355,0.000001,0.000001,0.000000,0.000000,0.000000,0.000000,0.000000,0.000000,-0.000008,-0.000013,-0.055277,-0.000058,-0.000001,-0.077658,0.000001,0.000000,0.000000,0.000000,0.000000,0.000000,0.000000,-0.000026,0.000013,0.000106,-0.105608,0.000000,-0.000000,-0.147226
2.990000,-1.378994,0.000000,0.000000,-1.834053,0.000000,0.000000,0.000000,0.000000,0.000000,0.000000,0.000000,0.000000,0.000000,0.000000,-1.245147,0.000000,0.000000,-1.688178,0.000000,0.000000,0.000000,0.000000,0.000000,0.000000,0.000000,0.000000,0.000000,0.000000,-0.796146,0.000000,0.000000,-1.193024,0.000000,0.000000,0.000000,0.000000,0.000000,0.000000,0.000000,0.000000,0.000000,0.000000,0.000000,0.000000,0.000000,0.000055,-0.055106,0.000012,-0.000007,-0.072353,0.000001,0.000001,0.000000,0.000000,0.000000,0.000000,0.000000,0.000000,-0.000007,-0.000013,-0.055118,-0.000057,-0.000001,-0.077656,0.000001,0.000000,0.000000,0.000000,0.000000,0.000000,0.000000,-0.000026,0.000013,0.000106,-0.105309,0.000000,-0.000000,-0.147222
3.000000,-1.377309,0.000000,0.000000,-1.833586,0.000000,0.000000,-0.000000,0.000000,-0.000000,0.000000,0.000000,-0.000000,-0.000000,0.000000,-1.243549,0.000000,0.000000,-1.687681,0.000000,0.000000,0.000000,0.000000,0.000000,0.000000,0.000000,0.000000,0.000000,0.000000,-0.794742,0.000000,0.000000,-1.192322,0.000000,0.000000,0.000000,0.000000,0.000000,0.000000,0.000000,0.000000,0.000000,0.000000,0.000000,0.000000,0.000000,0.000055,-0.054955,0.000012,-0.000006,-0.072351,0.000001,0.000001,0.000000,0.000000,0.000000,0.000000,0.000000,0.000000,-0.000007,-0.000013,-0.054959,-0.000057,-0.000001,-0.077654,0.000001,-0.000000,-0.000000,-0.000000,-0.000000,-0.000000,-0.000000,-0.000026,0.000012,0.000105,-0.105008,0.000000,-0.000000,-0.147218
3.010000,-1.375592,0.000000,0.000000,-1.833111,0.000000,0.000000,0.000000,0.000000,0.000000,0.000000,0.000000,0.000000,0.000000,0.000000,-1.241919,0.000000,0.000000,-1.687175,0.000000,0.000000,0.000000,0.000000,0.000000,0.000000,0.000000,0.000000,0.000000,0.000000,-0.793313,0.000000,0.000000,-1.191609,0.000000,0.000000,0.000000,0.000000,0.000000,0.000000,0.000000,0.000000,0.000000,0.000000,0.000000,0.000000,0.000000,0.000054,-0.054802,0.000011,-0.000006,-0.072349,0.000001,0.000001,0.000000,0.000000,0.000000,0.000000,0.000000,0.000000,-0.000007,-0.000013,-0.054798,-0.000057,-0.000001,-0.077652,0.000001,0.000000,0.000000,0.000000,0.000000,0.000000,0.000000,-0.000026,0.000012,0.000105,-0.104705,0.000000,-0.000000,-0.147214
3.020000,-1.373841,0.000000,0.000000,-1.832626,0.000000,0.000000,0.000000,0.000000,0.000000,0.000000,0.000000,0.000000,0.000000,0.000000,-1.240258,0.000000,0.000000,-1.686659,0.000000,0.000000,0.000000,0.000000,0.000000,0.000000,0.000000,0.000000,0.000000,0.000000,-0.791859,0.000000,0.000000,-1.190883,0.000000,0.000000,0.000000,0.000000,0.000000,0.000000,0.000000,0.000000,0.000000,0.000000,0.000000,0.000000,0.000000,0.000054,-0.054649,0.000011,-0.000006,-0.072347,0.000001,0.000001,0.000000,0.000000,0.000000,0.000000,0.000000,0.000000,-0.000007,-0.000013,-0.054636,-0.000056,-0.000001,-0.077650,0.000001,0.000000,0.000000,0.000000,0.000000,0.000000,0.000000,-0.000025,0.000012,0.000104,-0.104400,0.000000,-0.000000,-0.147210
3.030000,-1.372056,0.000000,0.000000,-1.832132,0.000000,0.000000,0.000000,0.000000,0.000000,0.000000,0.000000,0.000000,0.000000,0.000000,-1.238565,0.000000,0.000000,-1.686133,0.000000,0.000000,0.000000,0.000000,0.000000,0.000000,0.000000,0.000000,0.000000,0.000000,-0.790379,0.000000,0.000000,-1.190145,0.000000,0.000000,0.000000,0.000000,0.000000,0.000000,0.000000,0.000000,0.000000,0.000000,0.000000,0.000000,0.000000,0.000054,-0.054494,0.000011,-0.000006,-0.072345,0.000001,0.000001,0.000000,0.000000,0.000000,0.000000,0.000000,0.000000,-0.000007,-0.000013,-0.054473,-0.000056,-0.000001,-0.077648,0.000001,0.000000,0.000000,0.000000,0.000000,0.000000,0.000000,-0.000025,0.000012,0.000103,-0.104092,0.000000,-0.000000,-0.147206
3.040000,-1.370237,0.000000,0.000000,-1.831628,0.000000,0.000000,0.000000,0.000000,0.000000,0.000000,0.000000,0.000000,0.000000,0.000000,-1.236839,0.000000,0.000000,-1.685597,0.000000,0.000000,0.000000,0.000000,0.000000,0.000000,0.000000,0.000000,0.000000,0.000000,-0.788873,0.000000,0.000000,-1.189394,0.000000,0.000000,0.000000,0.000000,0.000000,0.000000,0.000000,0.000000,0.000000,0.000000,0.000000,0.000000,0.000000,0.000053,-0.054338,0.000011,-0.000006,-0.072343,0.000001,0.000001,0.000000,0.000000,0.000000,0.000000,0.000000,0.000000,-0.000007,-0.000012,-0.054309,-0.000056,-0.000001,-0.077646,0.000001,0.000000,0.000000,0.000000,0.000000,0.000000,0.000000,-0.000025,0.000012,0.000103,-0.103782,0.000000,-0.000000,-0.147202
3.050000,-1.368383,0.000000,0.000000,-1.831115,0.000000,0.000000,-0.000000,0.000000,-0.000000,0.000000,0.000000,-0.000000,-0.000000,0.000000,-1.235080,0.000000,0.000000,-1.685051,0.000000,0.000000,0.000000,0.000000,0.000000,0.000000,0.000000,0.000000,0.000000,0.000000,-0.787341,0.000000,0.000000,-1.188630,0.000000,0.000000,0.000000,0.000000,0.000000,0.000000,0.000000,0.000000,0.000000,0.000000,0.000000,0.000000,0.000000,0.000053,-0.054181,0.000011,-0.000006,-0.072341,0.000001,0.000001,0.000000,0.000000,0.000000,0.000000,0.000000,0.000000,-0.000007,-0.000012,-0.054144,-0.000055,-0.000001,-0.077644,0.000001,-0.000000,-0.000000,-0.000000,-0.000000,-0.000000,-0.000000,-0.000025,0.000012,0.000102,-0.103470,0.000000,-0.000000,-0.147198
3.060000,-1.366493,0.000000,0.000000,-1.830592,0.000000,0.000000,0.000000,0.000000,0.000000,0.000000,0.000000,0.000000,0.000000,0.000000,-1.233287,0.000000,0.000000,-1.684494,0.000000,0.000000,0.000000,0.000000,0.000000,0.000000,0.000000,0.000000,0.000000,0.000000,-0.785782,0.000000,0.000000,-1.187854,0.000000,0.000000,0.000000,0.000000,0.000000,0.000000,0.000000,0.000000,0.000000,0.000000,0.000000,0.000000,0.000000,0.000053,-0.054023,0.000011,-0.000006,-0.072339,0.000001,0.000001,0.000000,0.000000,0.000000,0.000000,0.000000,0.000000,-0.000007,-0.000012,-0.053977,-0.000055,-0.000001,-0.077642,0.000001,0.000000,0.000000,0.000000,0.000000,0.000000,0.000000,-0.000024,0.000011,0.000102,-0.103156,0.000000,-0.000000,-0.147194
3.070000,-1.364566,0.000000,0.000000,-1.830059,0.000000,0.000000,0.000000,0.000000,0.000000,0.000000,0.000000,0.000000,0.000000,0.000000,-1.231460,0.000000,0.000000,-1.683927,0.000000,0.000000,0.000000,0.000000,0.000000,0.000000,0.000000,0.000000,0.000000,0.000000,-0.784196,0.000000,0.000000,-1.187064,0.000000,0.000000,0.000000,0.000000,0.000000,0.000000,0.000000,0.000000,0.000000,0.000000,0.000000,0.000000,0.000000,0.000053,-0.053863,0.000011,-0.000006,-0.072337,0.000001,0.000001,0.000000,0.000000,0.000000,0.000000,0.000000,0.000000,-0.000006,-0.000012,-0.053810,-0.000055,-0.000001,-0.077640,0.000001,0.000000,0.000000,0.000000,0.000000,0.000000,0.000000,-0.000024,0.000011,0.000101,-0.102840,0.000000,-0.000000,-0.147190
3.080000,-1.362603,0.000000,0.000000,-1.829516,0.000000,0.000000,0.000000,0.000000,0.000000,0.000000,0.000000,0.000000,0.000000,0.000000,-1.229598,0.000000,0.000000,-1.683350,0.000000,0.000000,0.000000,0.000000,0.000000,0.000000,0.000000,0.000000,0.000000,0.000000,-0.782582,0.000000,0.000000,-1.186261,0.000000,0.000000,0.000000,0.000000,0.000000,0.000000,0.000000,0.000000,0.000000,0.000000,0.000000,0.000000,0.000000,0.000052,-0.053703,0.000011,-0.000006,-0.072335,0.000001,0.000001,0.000000,0.000000,0.000000,0.000000,0.000000,0.000000,-0.000006,-0.000012,-0.053641,-0.000054,-0.000001,-0.077637,0.000001,0.000000,0.000000,0.000000,0.000000,0.000000,0.000000,-0.000024,0.000011,0.000100,-0.102521,0.000000,-0.000000,-0.147186
3.090000,-1.360602,0.000000,0.000000,-1.828963,0.000000,0.000000,0.000000,0.000000,0.000000,0.000000,0.000000,0.000000,0.000000,0.000000,-1.227700,0.000000,0.000000,-1.682761,0.000000,0.000000,0.000000,0.000000,0.000000,0.000000,0.000000,0.000000,0.000000,0.000000,-0.780941,0.000000,0.000000,-1.185444,0.000000,0.000000,0.000000,0.000000,0.000000,0.000000,0.000000,0.000000,0.000000,0.000000,0.000000,0.000000,0.000000,0.000052,-0.053541,0.000011,-0.000006,-0.072333,0.000001,0.000001,0.000000,0.000000,0.000000,0.000000,0.000000,0.000000,-0.000006,-0.000012,-0.053471,-0.000054,-0.000001,-0.077635,0.000001,0.000000,0.000000,0.000000,0.000000,0.000000,0.000000,-0.000024,0.000011,0.000100,-0.102200,0.000000,-0.000000,-0.147181
3.100000,-1.358562,0.000000,0.000000,-1.828399,0.000000,0.000000,-0.000000,0.000000,-0.000000,0.000000,0.000000,-0.000000,-0.000000,0.000000,-1.225767,0.000000,0.000000,-1.682162,0.000000,0.000000,0.000000,0.000000,0.000000,0.000000,0.000000,0.000000,0.000000,0.000000,-0.779272,0.000000,0.000000,-1.184614,0.000000,0.000000,0.000000,0.000000,0.000000,0.000000,0.000000,0.000000,0.000000,0.000000,0.000000,0.000000,0.000000,0.000052,-0.053377,0.000011,-0.000006,-0.072331,0.000001,0.000001,0.000000,0.000000,0.000000,0.000000,0.000000,0.000000,-0.000006,-0.000012,-0.053300,-0.000054,-0.000001,-0.077633,0.000001,-0.000000,-0.000000,-0.000000,-0.000000,-0.000000,-0.000000,-0.000023,0.000011,0.000099,-0.101876,0.000000,-0.000000,-0.147177
3.110000,-1.356484,0.000000,0.000000,-1.827824,0.000000,0.000000,0.000000,0.000000,0.000000,0.000000,0.000000,0.000000,0.000000,0.000000,-1.223796,0.000000,0.000000,-1.681551,0.000000,0.000000,0.000000,0.000000,0.000000,0.000000,0.000000,0.000000,0.000000,0.000000,-0.777574,0.000000,0.000000,-1.183770,0.000000,0.000000,0.000000,0.000000,0.000000,0.000000,0.000000,0.000000,0.000000,0.000000,0.000000,0.000000,0.000000,0.000051,-0.053213,0.000010,-0.000005,-0.072329,0.000001,0.000000,0.000000,0.000000,0.000000,0.000000,0.000000,0.000000,-0.000006,-0.000012,-0.053127,-0.000054,-0.000001,-0.077631,0.000001,0.000000,0.000000,0.000000,0.000000,0.000000,0.000000,-0.000023,0.000011,0.000099,-0.101551,0.000000,-0.000000,-0.147173
3.120000,-1.354366,0.000000,0.000000,-1.827239,0.000000,0.000000,0.000000,0.000000,0.000000,0.000000,0.000000,0.000000,0.000000,0.000000,-1.221789,0.000000,0.000000,-1.680929,0.000000,0.000000,0.000000,0.000000,0.000000,0.000000,0.000000,0.000000,0.000000,0.000000,-0.775847,0.000000,0.000000,-1.182912,0.000000,0.000000,0.000000,0.000000,0.000000,0.000000,0.000000,0.000000,0.000000,0.000000,0.000000,0.000000,0.000000,0.000051,-0.053047,0.000010,-0.000005,-0.072327,0.000001,0.000000,0.000000,0.000000,0.000000,0.000000,0.000000,0.000000,-0.000006,-0.000011,-0.052953,-0.000053,-0.000001,-0.077629,0.000001,0.000000,0.000000,0.000000,0.000000,0.000000,0.000000,-0.000023,0.000011,0.000098,-0.101223,0.000000,-0.000000,-0.147169
3.130000,-1.352208,0.000000,0.000000,-1.826642,0.000000,0.000000,0.000000,0.000000,0.000000,0.000000,0.000000,0.000000,0.000000,0.000000,-1.219743,0.000000,0.000000,-1.680295,0.000000,0.000000,0.000000,0.000000,0.000000,0.000000,0.000000,0.000000,0.000000,0.000000,-0.774091,0.000000,0.000000,-1.182039,0.000000,0.000000,0.000000,0.000000,0.000000,0.000000,0.000000,0.000000,0.000000,0.000000,0.000000,0.000000,0.000000,0.000051,-0.052880,0.000010,-0.000005,-0.072325,0.000001,0.000000,0.000000,0.000000,0.000000,0.000000,0.000000,0.000000,-0.000006,-0.000011,-0.052778,-0.000053,-0.000001,-0.077626,0.000001,0.000000,0.000000,0.000000,0.000000,0.000000,0.000000,-0.000023,0.000010,0.000098,-0.100892,0.000000,-0.000000,-0.147164
3.140000,-1.350009,0.000000,0.000000,-1.826034,0.000000,0.000000,0.000000,0.000000,0.000000,0.000000,0.000000,0.000000,0.000000,0.000000,-1.217659,0.000000,0.000000,-1.679650,0.000000,0.000000,0.000000,0.000000,0.000000,0.000000,0.000000,0.000000,0.000000,0.000000,-0.772305,0.000000,0.000000,-1.181153,0.000000,0.000000,0.000000,0.000000,0.000000,0.000000,0.000000,0.000000,0.000000,0.000000,0.000000,0.000000,0.000000,0.000050,-0.052712,0.000010,-0.000005,-0.072322,0.000001,0.000000,0.000000,0.000000,0.000000,0.000000,0.000000,0.000000,-0.000006,-0.000011,-0.052602,-0.000053,-0.000001,-0.077624,0.000001,0.000000,0.000000,0.000000,0.000000,0.000000,0.000000,-0.000022,0.000010,0.000097,-0.100560,0.000000,-0.000000,-0.147160
3.150000,-1.347768,0.000000,0.000000,-1.825415,0.000000,0.000000,-0.000000,0.000000,-0.000000,0.000000,0.000000,-0.000000,-0.000000,0.000000,-1.215536,0.000000,0.000000,-1.678992,0.000000,0.000000,0.000000,0.000000,0.000000,0.000000,0.000000,0.000000,0.000000,0.000000,-0.770489,0.000000,0.000000,-1.180251,0.000000,0.000000,0.000000,0.000000,0.000000,0.000000,0.000000,0.000000,0.000000,0.000000,0.000000,0.000000,0.000000,0.000050,-0.052543,0.000010,-0.000005,-0.072320,0.000001,0.000000,0.000000,0.000000,0.000000,0.000000,0.000000,0.000000,-0.000006,-0.000011,-0.052425,-0.000052,-0.000001,-0.077622,0.000001,-0.000000,-0.000000,-0.000000,-0.000000,-0.000000,-0.000000,-0.000022,0.000010,0.000096,-0.100225,0.000000,-0.000000,-0.147156
3.160000,-1.345485,0.000000,0.000000,-1.824785,0.000000,0.000000,0.000000,0.000000,0.000000,0.000000,0.000000,0.000000,0.000000,0.000000,-1.213373,0.000000,0.000000,-1.678323,0.000000,0.000000,0.000000,0.000000,0.000000,0.000000,0.000000,0.000000,0.000000,0.000000,-0.768643,0.000000,0.000000,-1.179335,0.000000,0.000000,0.000000,0.000000,0.000000,0.000000,0.000000,0.000000,0.000000,0.000000,0.000000,0.000000,0.000000,0.000050,-0.052372,0.000010,-0.000005,-0.072318,0.000001,0.000000,0.000000,0.000000,0.000000,0.000000,0.000000,0.000000,-0.000006,-0.000011,-0.052246,-0.000052,-0.000001,-0.077620,0.000001,0.000000,0.000000,0.000000,0.000000,0.000000,0.000000,-0.000022,0.000010,0.000096,-0.099887,0.000000,-0.000000,-0.147151
3.170000,-1.343159,0.000000,0.000000,-1.824142,0.000000,0.000000,0.000000,0.000000,0.000000,0.000000,0.000000,0.000000,0.000000,0.000000,-1.211169,0.000000,0.000000,-1.677641,0.000000,0.000000,0.000000,0.000000,0.000000,0.000000,0.000000,0.000000,0.000000,0.000000,-0.766767,0.000000,0.000000,-1.178404,0.000000,0.000000,0.000000,0.000000,0.000000,0.000000,0.000000,0.000000,0.000000,0.000000,0.000000,0.000000,0.000000,0.000050,-0.052200,0.000010,-0.000005,-0.072316,0.000001,0.000000,0.000000,0.000000,0.000000,0.000000,0.000000,0.000000,-0.000006,-0.000011,-0.052066,-0.000052,-0.000001,-0.077617,0.000001,0.000000,0.000000,0.000000,0.000000,0.000000,0.000000,-0.000022,0.000010,0.000095,-0.099548,0.000000,-0.000000,-0.147147
3.180000,-1.340789,0.000000,0.000000,-1.823488,0.000000,0.000000,0.000000,0.000000,0.000000,0.000000,0.000000,0.000000,0.000000,0.000000,-1.208925,0.000000,0.000000,-1.676946,0.000000,0.000000,0.000000,0.000000,0.000000,0.000000,0.000000,0.000000,0.000000,0.000000,-0.764859,0.000000,0.000000,-1.177458,0.000000,0.000000,0.000000,0.000000,0.000000,0.000000,0.000000,0.000000,0.000000,0.000000,0.000000,0.000000,0.000000,0.000049,-0.052027,0.000010,-0.000005,-0.072314,0.000001,0.000000,0.000000,0.000000,0.000000,0.000000,0.000000,0.000000,-0.000005,-0.000011,-0.051885,-0.000051,-0.000001,-0.077615,0.000001,0.000000,0.000000,0.000000,0.000000,0.000000,0.000000,-0.000022,0.000010,0.000095,-0.099206,0.000000,-0.000000,-0.147142
3.190000,-1.338374,0.000000,0.000000,-1.822821,0.000000,0.000000,0.000000,0.000000,0.000000,0.000000,0.000000,0.000000,0.000000,0.000000,-1.206638,0.000000,0.000000,-1.676239,0.000000,0.000000,0.000000,0.000000,0.000000,0.000000,0.000000,0.000000,0.000000,0.000000,-0.762920,0.000000,0.000000,-1.176496,0.000000,0.000000,0.000000,0.000000,0.000000,0.000000,0.000000,0.000000,0.000000,0.000000,0.000000,0.000000,0.000000,0.000049,-0.051852,0.000010,-0.000005,-0.072312,0.000001,0.000000,0.000000,0.000000,0.000000,0.000000,0.000000,0.000000,-0.000005,-0.000011,-0.051703,-0.000051,-0.000001,-0.077613,0.000001,0.000000,0.000000,0.000000,0.000000,0.000000,0.000000,-0.000021,0.000010,0.000094,-0.098861,0.000000,-0.000000,-0.147138
3.200000,-1.335915,0.000000,0.000000,-1.822143,0.000000,0.000000,-0.000000,0.000000,-0.000000,0.000000,0.000000,-0.000000,-0.000000,0.000000,-1.204309,0.000000,0.000000,-1.675519,0.000000,0.000000,0.000000,0.000000,0.000000,0.000000,0.000000,0.000000,0.000000,0.000000,-0.760949,0.000000,0.000000,-1.175519,0.000000,0.000000,0.000000,0.000000,0.000000,0.000000,0.000000,0.000000,0.000000,0.000000,0.000000,0.000000,0.000000,0.000049,-0.051676,0.000010,-0.000005,-0.072309,0.000001,0.000000,0.000000,0.000000,0.000000,0.000000,0.000000,0.000000,-0.000005,-0.000011,-0.051519,-0.000051,-0.000001,-0.077611,0.000001,-0.000000,-0.000000,-0.000000,-0.000000,-0.000000,-0.000000,-0.000021,0.000009,0.000093,-0.098514,0.000000,-0.000000,-0.147133
3.210000,-1.333409,0.000000,0.000000,-1.821451,0.000000,0.000000,0.000000,0.000000,0.000000,0.000000,0.000000,0.000000,0.000000,0.000000,-1.201938,0.000000,0.000000,-1.674786,0.000000,0.000000,0.000000,0.000000,0.000000,0.000000,0.000000,0.000000,0.000000,0.000000,-0.758945,0.000000,0.000000,-1.174526,0.000000,0.000000,0.000000,0.000000,0.000000,0.000000,0.000000,0.000000,0.000000,0.000000,0.000000,0.000000,0.000000,0.000048,-0.051499,0.000009,-0.000005,-0.072307,0.000000,0.000000,0.000000,0.000000,0.000000,0.000000,0.000000,0.000000,-0.000005,-0.000010,-0.051334,-0.000050,-0.000001,-0.077608,0.000001,0.000000,0.000000,0.000000,0.000000,0.000000,0.000000,-0.000021,0.000009,0.000093,-0.098165,0.000000,-0.000000,-0.147129
3.220000,-1.330857,0.000000,0.000000,-1.820747,0.000000,0.000000,0.000000,0.000000,0.000000,0.000000,0.000000,0.000000,0.000000,0.000000,-1.199522,0.000000,0.000000,-1.674040,0.000000,0.000000,0.000000,0.000000,0.000000,0.000000,0.000000,0.000000,0.000000,0.000000,-0.756910,0.000000,0.000000,-1.173517,0.000000,0.000000,0.000000,0.000000,0.000000,0.000000,0.000000,0.000000,0.000000,0.000000,0.000000,0.000000,0.000000,0.000048,-0.051321,0.000009,-0.000005,-0.072305,0.000000,0.000000,0.000000,0.000000,0.000000,0.000000,0.000000,0.000000,-0.000005,-0.000010,-0.051148,-0.000050,-0.000001,-0.077606,0.000001,0.000000,0.000000,0.000000,0.000000,0.000000,0.000000,-0.000021,0.000009,0.000092,-0.097814,0.000000,-0.000000,-0.147124
3.230000,-1.328258,0.000000,0.000000,-1.820030,0.000000,0.000000,0.000000,0.000000,0.000000,0.000000,0.000000,0.000000,0.000000,0.000000,-1.197062,0.000000,0.000000,-1.673280,0.000000,0.000000,0.000000,0.000000,0.000000,0.000000,0.000000,0.000000,0.000000,0.000000,-0.754841,0.000000,0.000000,-1.172492,0.000000,0.000000,0.000000,0.000000,0.000000,0.000000,0.000000,0.000000,0.000000,0.000000,0.000000,0.000000,0.000000,0.000048,-0.051141,0.000009,-0.000005,-0.072303,0.000000,0.000000,0.000000,0.000000,0.000000,0.000000,0.000000,0.000000,-0.000005,-0.000010,-0.050961,-0.000050,-0.000001,-0.077603,0.000001,0.000000,0.000000,0.000000,0.000000,0.000000,0.000000,-0.000020,0.000009,0.000092,-0.097459,0.000000,-0.000000,-0.147119
3.240000,-1.325610,0.000000,0.000000,-1.819300,0.000000,0.000000,0.000000,0.000000,0.000000,0.000000,0.000000,0.000000,0.000000,0.000000,-1.194557,0.000000,0.000000,-1.672506,0.000000,0.000000,0.000000,0.000000,0.000000,0.000000,0.000000,0.000000,0.000000,0.000000,-0.752739,0.000000,0.000000,-1.171450,0.000000,0.000000,0.000000,0.000000,0.000000,0.000000,0.000000,0.000000,0.000000,0.000000,0.000000,0.000000,0.000000,0.000047,-0.050960,0.000009,-0.000005,-0.072300,0.000000,0.000000,0.000000,0.000000,0.000000,0.000000,0.000000,0.000000,-0.000005,-0.000010,-0.050772,-0.000049,-0.000001,-0.077601,0.000001,0.000000,0.000000,0.000000,0.000000,0.000000,0.000000,-0.000020,0.000009,0.000091,-0.097103,0.000000,-0.000000,-0.147115
3.250000,-1.322913,0.000000,0.000000,-1.818556,0.000000,0.000000,-0.000000,0.000000,-0.000000,0.000000,0.000000,-0.000000,-0.000000,0.000000,-1.192006,0.000000,0.000000,-1.671719,0.000000,0.000000,0.000000,0.000000,0.000000,0.000000,0.000000,0.000000,0.000000,0.000000,-0.750603,0.000000,0.000000,-1.170392,0.000000,0.000000,0.000000,0.000000,0.000000,0.000000,0.000000,0.000000,0.000000,0.000000,0.000000,0.000000,0.000000,0.000047,-0.050777,0.000009,-0.000004,-0.072298,0.000000,0.000000,0.000000,0.000000,0.000000,0.000000,0.000000,0.000000,-0.000005,-0.000010,-0.050582,-0.000049,-0.000001,-0.077599,0.000001,-0.000000,-0.000000,-0.000000,-0.000000,-0.000000,-0.000000,-0.000020,0.000009,0.000091,-0.096744,0.000000,-0.000000,-0.147110
3.260000,-1.320167,0.000000,0.000000,-1.817799,0.000000,0.000000,0.000000,0.000000,0.000000,0.000000,0.000000,0.000000,0.000000,0.000000,-1.189409,0.000000,0.000000,-1.670917,0.000000,0.000000,0.000000,0.000000,0.000000,0.000000,0.000000,0.000000,0.000000,0.000000,-0.748434,0.000000,0.000000,-1.169317,0.000000,0.000000,0.000000,0.000000,0.000000,0.000000,0.000000,0.000000,0.000000,0.000000,0.000000,0.000000,0.000000,0.000047,-0.050594,0.000009,-0.000004,-0.072296,0.000000,0.000000,0.000000,0.000000,0.000000,0.000000,0.000000,0.000000,-0.000005,-0.000010,-0.050391,-0.000049,-0.000001,-0.077596,0.000001,0.000000,0.000000,0.000000,0.000000,0.000000,0.000000,-0.000020,0.000009,0.000090,-0.096383,0.000000,-0.000000,-0.147105
3.270000,-1.317370,0.000000,0.000000,-1.817029,0.000000,0.000000,0.000000,0.000000,0.000000,0.000000,0.000000,0.000000,0.000000,0.000000,-1.186765,0.000000,0.000000,-1.670102,0.000000,0.000000,0.000000,0.000000,0.000000,0.000000,0.000000,0.000000,0.000000,0.000000,-0.746230,0.000000,0.000000,-1.168226,0.000000,0.000000,0.000000,0.000000,0.000000,0.000000,0.000000,0.000000,0.000000,0.000000,0.000000,0.000000,0.000000,0.000047,-0.050409,0.000009,-0.000004,-0.072293,0.000000,0.000000,0.000000,0.000000,0.000000,0.000000,0.000000,0.000000,-0.000005,-0.000010,-0.050199,-0.000049,-0.000001,-0.077594,0.000001,0.000000,0.000000,0.000000,0.000000,0.000000,0.000000,-0.000020,0.000009,0.000089,-0.096019,0.000000,-0.000000,-0.147100
3.280000,-1.314522,0.000000,0.000000,-1.816244,0.000000,0.000000,0.000000,0.000000,0.000000,0.000000,0.000000,0.000000,0.000000,0.000000,-1.184072,0.000000,0.000000,-1.669271,0.000000,0.000000,0.000000,0.000000,0.000000,0.000000,0.000000,0.000000,0.000000,0.000000,-0.743991,0.000000,0.000000,-1.167117,0.000000,0.000000,0.000000,0.000000,0.000000,0.000000,0.000000,0.000000,0.000000,0.000000,0.000000,0.000000,0.000000,0.000046,-0.050222,0.000009,-0.000004,-0.072291,0.000000,0.000000,0.000000,0.000000,0.000000,0.000000,0.000000,0.000000,-0.000005,-0.000010,-0.050005,-0.000048,-0.000000,-0.077591,0.000001,0.000000,0.000000,0.000000,0.000000,0.000000,0.000000,-0.000019,0.000009,0.000089,-0.095653,0.000000,-0.000000,-0.147096
3.290000,-1.311622,0.000000,0.000000,-1.815445,0.000000,0.000000,0.000000,0.000000,0.000000,0.000000,0.000000,0.000000,0.000000,0.000000,-1.181332,0.000000,0.000000,-1.668426,0.000000,0.000000,0.000000,0.000000,0.000000,0.000000,0.000000,0.000000,0.000000,0.000000,-0.741718,0.000000,0.000000,-1.165991,0.000000,0.000000,0.000000,0.000000,0.000000,0.000000,0.000000,0.000000,0.000000,0.000000,0.000000,0.000000,0.000000,0.000046,-0.050035,0.000009,-0.000004,-0.072289,0.000000,0.000000,0.000000,0.000000,0.000000,0.000000,0.000000,0.000000,-0.000005,-0.000010,-0.049810,-0.000048,-0.000000,-0.077589,0.000001,0.000000,0.000000,0.000000,0.000000,0.000000,0.000000,-0.000019,0.000008,0.000088,-0.095284,0.000000,-0.000000,-0.147091
3.300000,-1.308669,0.000000,0.000000,-1.814632,0.000000,0.000000,-0.000000,0.000000,-0.000000,0.000000,0.000000,-0.000000,-0.000000,0.000000,-1.178542,0.000000,0.000000,-1.667567,0.000000,0.000000,0.000000,0.000000,0.000000,0.000000,0.000000,0.000000,0.000000,0.000000,-0.739409,0.000000,0.000000,-1.164847,0.000000,0.000000,0.000000,0.000000,0.000000,0.000000,0.000000,0.000000,0.000000,0.000000,0.000000,0.000000,0.000000,0.000046,-0.049845,0.000009,-0.000004,-0.072286,0.000000,0.000000,0.000000,0.000000,0.000000,0.000000,0.000000,0.000000,-0.000005,-0.000010,-0.049614,-0.000048,-0.000000,-0.077586,0.000001,-0.000000,-0.000000,-0.000000,-0.000000,-0.000000,-0.000000,-0.000019,0.000008,0.000088,-0.094913,0.000000,-0.000000,-0.147086
3.310000,-1.305663,0.000000,0.000000,-1.813804,0.000000,0.000000,0.000000,0.000000,0.000000,0.000000,0.000000,0.000000,0.000000,0.000000,-1.175702,0.000000,0.000000,-1.666692,0.000000,0.000000,0.000000,0.000000,0.000000,0.000000,0.000000,0.000000,0.000000,0.000000,-0.737064,0.000000,0.000000,-1.163685,0.000000,0.000000,0.000000,0.000000,0.000000,0.000000,0.000000,0.000000,0.000000,0.000000,0.000000,0.000000,0.000000,0.000045,-0.049655,0.000009,-0.000004,-0.072284,0.000000,0.000000,0.000000,0.000000,0.000000,0.000000,0.000000,0.000000,-0.000005,-0.000010,-0.049416,-0.000047,-0.000000,-0.077584,0.000001,0.000000,0.000000,0.000000,0.000000,0.000000,0.000000,-0.000019,0.000008,0.000087,-0.094540,0.000000,-0.000000,-0.147081
3.320000,-1.302602,0.000000,0.000000,-1.812962,0.000000,0.000000,0.000000,0.000000,0.000000,0.000000,0.000000,0.000000,0.000000,0.000000,-1.172811,0.000000,0.000000,-1.665801,0.000000,0.000000,0.000000,0.000000,0.000000,0.000000,0.000000,0.000000,0.000000,0.000000,-0.734683,0.000000,0.000000,-1.162506,0.000000,0.000000,0.000000,0.000000,0.000000,0.000000,0.000000,0.000000,0.000000,0.000000,0.000000,0.000000,0.000000,0.000045,-0.049463,0.000009,-0.000004,-0.072281,0.000000,0.000000,0.000000,0.000000,0.000000,0.000000,0.000000,0.000000,-0.000004,-0.000010,-0.049217,-0.000047,-0.000000,-0.077581,0.000001,0.000000,0.000000,0.000000,0.000000,0.000000,0.000000,-0.000019,0.000008,0.000086,-0.094164,0.000000,-0.000000,-0.147076
3.330000,-1.299486,0.000000,0.000000,-1.812104,0.000000,0.000000,0.000000,0.000000,0.000000,0.000000,0.000000,0.000000,0.000000,0.000000,-1.169869,0.000000,0.000000,-1.664896,0.000000,0.000000,0.000000,0.000000,0.000000,0.000000,0.000000,0.000000,0.000000,0.000000,-0.732265,0.000000,0.000000,-1.161308,0.000000,0.000000,0.000000,0.000000,0.000000,0.000000,0.000000,0.000000,0.000000,0.000000,0.000000,0.000000,0.000000,0.000045,-0.049270,0.000008,-0.000004,-0.072279,0.000000,0.000000,0.000000,0.000000,0.000000,0.000000,0.000000,0.000000,-0.000004,-0.000009,-0.049017,-0.000047,-0.000000,-0.077579,0.000001,0.000000,0.000000,0.000000,0.000000,0.000000,0.000000,-0.000018,0.000008,0.000086,-0.093785,0.000000,-0.000000,-0.147071
3.340000,-1.296314,0.000000,0.000000,-1.811232,0.000000,0.000000,0.000000,0.000000,0.000000,0.000000,0.000000,0.000000,0.000000,0.000000,-1.166875,0.000000,0.000000,-1.663974,0.000000,0.000000,0.000000,0.000000,0.000000,0.000000,0.000000,0.000000,0.000000,0.000000,-0.729811,0.000000,0.000000,-1.160092,0.000000,0.000000,0.000000,0.000000,0.000000,0.000000,0.000000,0.000000,0.000000,0.000000,0.000000,0.000000,0.000000,0.000044,-0.049076,0.000008,-0.000004,-0.072276,0.000000,0.000000,0.000000,0.000000,0.000000,0.000000,0.000000,0.000000,-0.000004,-0.000009,-0.048815,-0.000046,-0.000000,-0.077576,0.000001,0.000000,0.000000,0.000000,0.000000,0.000000,0.000000,-0.000018,0.000008,0.000085,-0.093404,0.000000,-0.000000,-0.147066
3.350000,-1.293085,0.000000,0.000000,-1.810343,0.000000,0.000000,-0.000000,0.000000,-0.000000,0.000000,0.000000,-0.000000,-0.000000,0.000000,-1.163828,0.000000,0.000000,-1.663037,0.000000,0.000000,0.000000,0.000000,0.000000,0.000000,0.000000,0.000000,0.000000,0.000000,-0.727320,0.000000,0.000000,-1.158857,0.000000,0.000000,0.000000,0.000000,0.000000,0.000000,0.000000,0.000000,0.000000,0.000000,0.000000,0.000000,0.000000,0.000044,-0.048880,0.000008,-0.000004,-0.072274,0.000000,0.000000,0.000000,0.000000,0.000000,0.000000,0.000000,0.000000,-0.000004,-0.000009,-0.048612,-0.000046,-0.000000,-0.077574,0.000001,-0.000000,-0.000000,-0.000000,-0.000000,-0.000000,-0.000000,-0.000018,0.000008,0.000085,-0.093021,0.000000,-0.000000,-0.147061
3.360000,-1.289798,0.000000,0.000000,-1.809440,0.000000,0.000000,0.000000,0.000000,0.000000,0.000000,0.000000,0.000000,0.000000,0.000000,-1.160727,0.000000,0.000000,-1.662083,0.000000,0.000000,0.000000,0.000000,0.000000,0.000000,0.000000,0.000000,0.000000,0.000000,-0.724791,0.000000,0.000000,-1.157603,0.000000,0.000000,0.000000,0.000000,0.000000,0.000000,0.000000,0.000000,0.000000,0.000000,0.000000,0.000000,0.000000,0.000044,-0.048683,0.000008,-0.000004,-0.072272,0.000000,0.000000,0.000000,0.000000,0.000000,0.000000,0.000000,0.000000,-0.000004,-0.000009,-0.048408,-0.000046,-0.000000,-0.077571,0.000001,0.000000,0.000000,0.000000,0.000000,0.000000,0.000000,-0.000018,0.000008,0.000084,-0.092635,0.000000,-0.000000,-0.147056
3.370000,-1.286453,0.000000,0.000000,-1.808520,0.000000,0.000000,0.000000,0.000000,0.000000,0.000000,0.000000,0.000000,0.000000,0.000000,-1.157573,0.000000,0.000000,-1.661113,0.000000,0.000000,0.000000,0.000000,0.000000,0.000000,0.000000,0.000000,0.000000,0.000000,-0.722225,0.000000,0.000000,-1.156330,0.000000,0.000000,0.000000,0.000000,0.000000,0.000000,0.000000,0.000000,0.000000,0.000000,0.000000,0.000000,0.000000,0.000044,-0.048484,0.000008,-0.000004,-0.072269,0.000000,0.000000,0.000000,0.000000,0.000000,0.000000,0.000000,0.000000,-0.000004,-0.000009,-0.048203,-0.000045,-0.000000,-0.077568,0.000001,0.000000,0.000000,0.000000,0.000000,0.000000,0.000000,-0.000018,0.000008,0.000083,-0.092246,0.000000,-0.000000,-0.147051
3.380000,-1.283049,0.000000,0.000000,-1.807585,0.000000,0.000000,0.000000,0.000000,0.000000,0.000000,0.000000,0.000000,0.000000,0.000000,-1.154363,0.000000,0.000000,-1.660127,0.000000,0.000000,0.000000,0.000000,0.000000,0.000000,0.000000,0.000000,0.000000,0.000000,-0.719620,0.000000,0.000000,-1.155038,0.000000,0.000000,0.000000,0.000000,0.000000,0.000000,0.000000,0.000000,0.000000,0.000000,0.000000,0.000000,0.000000,0.000043,-0.048284,0.000008,-0.000004,-0.072266,0.000000,0.000000,0.000000,0.000000,0.000000,0.000000,0.000000,0.000000,-0.000004,-0.000009,-0.047996,-0.000045,-0.000000,-0.077566,0.000001,0.000000,0.000000,0.000000,0.000000,0.000000,0.000000,-0.000018,0.000008,0.000083,-0.091855,0.000000,-0.000000,-0.147046
3.390000,-1.279584,0.000000,0.000000,-1.806633,0.000000,0.000000,0.000000,0.000000,0.000000,0.000000,0.000000,0.000000,0.000000,0.000000,-1.151097,0.000000,0.000000,-1.659124,0.000000,0.000000,0.000000,0.000000,0.000000,0.000000,0.000000,0.000000,0.000000,0.000000,-0.716977,0.000000,0.000000,-1.153726,0.000000,0.000000,0.000000,0.000000,0.000000,0.000000,0.000000,0.000000,0.000000,0.000000,0.000000,0.000000,0.000000,0.000043,-0.048083,0.000008,-0.000004,-0.072264,0.000000,0.000000,0.000000,0.000000,0.000000,0.000000,0.000000,0.000000,-0.000004,-0.000009,-0.047788,-0.000045,-0.000000,-0.077563,0.000001,0.000000,0.000000,0.000000,0.000000,0.000000,0.000000,-0.000017,0.000007,0.000082,-0.091462,0.000000,-0.000000,-0.147041
3.400000,-1.276058,0.000000,0.000000,-1.805665,0.000000,0.000000,-0.000000,0.000000,-0.000000,0.000000,0.000000,-0.000000,-0.000000,0.000000,-1.147776,0.000000,0.000000,-1.658103,0.000000,0.000000,0.000000,0.000000,0.000000,0.000000,0.000000,0.000000,0.000000,0.000000,-0.714296,0.000000,0.000000,-1.152395,0.000000,0.000000,0.000000,0.000000,0.000000,0.000000,0.000000,0.000000,0.000000,0.000000,0.000000,0.000000,0.000000,0.000043,-0.047880,0.000008,-0.000004,-0.072261,0.000000,0.000000,0.000000,0.000000,0.000000,0.000000,0.000000,0.000000,-0.000004,-0.000009,-0.047579,-0.000044,-0.000000,-0.077561,0.000001,-0.000000,-0.000000,-0.000000,-0.000000,-0.000000,-0.000000,-0.000017,0.000007,0.000082,-0.091065,0.000000,-0.000000,-0.147035
3.410000,-1.272471,0.000000,0.000000,-1.804680,0.000000,0.000000,0.000000,0.000000,0.000000,0.000000,0.000000,0.000000,0.000000,0.000000,-1.144397,0.000000,0.000000,-1.657066,0.000000,0.000000,0.000000,0.000000,0.000000,0.000000,0.000000,0.000000,0.000000,0.000000,-0.711575,0.000000,0.000000,-1.151043,0.000000,0.000000,0.000000,0.000000,0.000000,0.000000,0.000000,0.000000,0.000000,0.000000,0.000000,0.000000,0.000000,0.000042,-0.047676,0.000008,-0.000004,-0.072259,0.000000,0.000000,0.000000,0.000000,0.000000,0.000000,0.000000,0.000000,-0.000004,-0.000009,-0.047368,-0.000044,-0.000000,-0.077558,0.000001,0.000000,0.000000,0.000000,0.000000,0.000000,0.000000,-0.000017,0.000007,0.000081,-0.090667,0.000000,-0.000000,-0.147030
3.420000,-1.268821,0.000000,0.000000,-1.803678,0.000000,0.000000,0.000000,0.000000,0.000000,0.000000,0.000000,0.000000,0.000000,0.000000,-1.140960,0.000000,0.000000,-1.656011,0.000000,0.000000,0.000000,0.000000,0.000000,0.000000,0.000000,0.000000,0.000000,0.000000,-0.708815,0.000000,0.000000,-1.149671,0.000000,0.000000,0.000000,0.000000,0.000000,0.000000,0.000000,0.000000,0.000000,0.000000,0.000000,0.000000,0.000000,0.000042,-0.047471,0.000008,-0.000004,-0.072256,0.000000,0.000000,0.000000,0.000000,0.000000,0.000000,0.000000,0.000000,-0.000004,-0.000009,-0.047156,-0.000044,-0.000000,-0.077555,0.000001,0.000000,0.000000,0.000000,0.000000,0.000000,0.000000,-0.000017,0.000007,0.000080,-0.090266,0.000000,-0.000000,-0.147025
3.430000,-1.265107,0.000000,0.000000,-1.802659,0.000000,0.000000,0.000000,0.000000,0.000000,0.000000,0.000000,0.000000,0.000000,0.000000,-1.137464,0.000000,0.000000,-1.654939,0.000000,0.000000,0.000000,0.000000,0.000000,0.000000,0.000000,0.000000,0.000000,0.000000,-0.706015,0.000000,0.000000,-1.148279,0.000000,0.000000,0.000000,0.000000,0.000000,0.000000,0.000000,0.000000,0.000000,0.000000,0.000000,0.000000,0.000000,0.000042,-0.047264,0.000008,-0.000004,-0.072254,0.000000,0.000000,0.000000,0.000000,0.000000,0.000000,0.000000,0.000000,-0.000004,-0.000009,-0.046942,-0.000043,-0.000000,-0.077553,0.000001,0.000000,0.000000,0.000000,0.000000,0.000000,0.000000,-0.000017,0.000007,0.000080,-0.089862,0.000000,-0.000000,-0.147020
3.440000,-1.261329,0.000000,0.000000,-1.801622,0.000000,0.000000,0.000000,0.000000,0.000000,0.000000,0.000000,0.000000,0.000000,0.000000,-1.133909,0.000000,0.000000,-1.653849,0.000000,0.000000,0.000000,0.000000,0.000000,0.000000,0.000000,0.000000,0.000000,0.000000,-0.703175,0.000000,0.000000,-1.146866,0.000000,0.000000,0.000000,0.000000,0.000000,0.000000,0.000000,0.000000,0.000000,0.000000,0.000000,0.000000,0.000000,0.000041,-0.047056,0.000008,-0.000004,-0.072251,0.000000,0.000000,0.000000,0.000000,0.000000,0.000000,0.000000,0.000000,-0.000004,-0.000009,-0.046728,-0.000043,-0.000000,-0.077550,0.000001,0.000000,0.000000,0.000000,0.000000,0.000000,0.000000,-0.000017,0.000007,0.000079,-0.089456,0.000000,-0.000000,-0.147014
3.450000,-1.257486,0.000000,0.000000,-1.800569,0.000000,0.000000,-0.000000,0.000000,-0.000000,0.000000,0.000000,-0.000000,-0.000000,0.000000,-1.130295,0.000000,0.000000,-1.652741,0.000000,0.000000,0.000000,0.000000,0.000000,0.000000,0.000000,0.000000,0.000000,0.000000,-0.700295,0.000000,0.000000,-1.145432,0.000000,0.000000,0.000000,0.000000,0.000000,0.000000,0.000000,0.000000,0.000000,0.000000,0.000000,0.000000,0.000000,0.000041,-0.046846,0.000008,-0.000003,-0.072248,0.000000,0.000000,0.000000,0.000000,0.000000,0.000000,0.000000,0.000000,-0.000004,-0.000009,-0.046512,-0.000043,-0.000000,-0.077547,0.000001,-0.000000,-0.000000,-0.000000,-0.000000,-0.000000,-0.000000,-0.000016,0.000007,0.000079,-0.089047,0.000000,-0.000000,-0.147009
3.460000,-1.253577,0.000000,0.000000,-1.799497,0.000000,0.000000,0.000000,0.000000,0.000000,0.000000,0.000000,0.000000,0.000000,0.000000,-1.126619,0.000000,0.000000,-1.651614,0.000000,0.000000,0.000000,0.000000,0.000000,0.000000,0.000000,0.000000,0.000000,0.000000,-0.697375,0.000000,0.000000,-1.143976,0.000000,0.000000,0.000000,0.000000,0.000000,0.000000,0.000000,0.000000,0.000000,0.000000,0.000000,0.000000,0.000000,0.000041,-0.046635,0.000008,-0.000003,-0.072246,0.000000,0.000000,0.000000,0.000000,0.000000,0.000000,0.000000,0.000000,-0.000004,-0.000008,-0.046294,-0.000042,-0.000000,-0.077544,0.000001,0.000000,0.000000,0.000000,0.000000,0.000000,0.000000,-0.000016,0.000007,0.000078,-0.088636,0.000000,-0.000000,-0.147003
3.470000,-1.249601,0.000000,0.000000,-1.798407,0.000000,0.000000,0.000000,0.000000,0.000000,0.000000,0.000000,0.000000,0.000000,0.000000,-1.122882,0.000000,0.000000,-1.650469,0.000000,0.000000,0.000000,0.000000,0.000000,0.000000,0.000000,0.000000,0.000000,0.000000,-0.694414,0.000000,0.000000,-1.142499,0.000000,0.000000,0.000000,0.000000,0.000000,0.000000,0.000000,0.000000,0.000000,0.000000,0.000000,0.000000,0.000000,0.000041,-0.046423,0.000008,-0.000003,-0.072243,0.000000,0.000000,0.000000,0.000000,0.000000,0.000000,0.000000,0.000000,-0.000004,-0.000008,-0.046076,-0.000042,-0.000000,-0.077542,0.000001,0.000000,0.000000,0.000000,0.000000,0.000000,0.000000,-0.000016,0.000007,0.000077,-0.088222,0.000000,-0.000000,-0.146998
3.480000,-1.245558,0.000000,0.000000,-1.797299,0.000000,0.000000,0.000000,0.000000,0.000000,0.000000,0.000000,0.000000,0.000000,0.000000,-1.119083,0.000000,0.000000,-1.649306,0.000000,0.000000,0.000000,0.000000,0.000000,0.000000,0.000000,0.000000,0.000000,0.000000,-0.691411,0.000000,0.000000,-1.141001,0.000000,0.000000,0.000000,0.000000,0.000000,0.000000,0.000000,0.000000,0.000000,0.000000,0.000000,0.000000,0.000000,0.000040,-0.046209,0.000008,-0.000003,-0.072240,0.000000,0.000000,0.000000,0.000000,0.000000,0.000000,0.000000,0.000000,-0.000004,-0.000008,-0.045856,-0.000042,-0.000000,-0.077539,0.000001,0.000000,0.000000,0.000000,0.000000,0.000000,0.000000,-0.000016,0.000007,0.000077,-0.087806,0.000000,-0.000000,-0.146993
3.490000,-1.241446,0.000000,0.000000,-1.796173,0.000000,0.000000,0.000000,0.000000,0.000000,0.000000,0.000000,0.000000,0.000000,0.000000,-1.115221,0.000000,0.000000,-1.648124,0.000000,0.000000,0.000000,0.000000,0.000000,0.000000,0.000000,0.000000,0.000000,0.000000,-0.688368,0.000000,0.000000,-1.139480,0.000000,0.000000,0.000000,0.000000,0.000000,0.000000,0.000000,0.000000,0.000000,0.000000,0.000000,0.000000,0.000000,0.000040,-0.045994,0.000007,-0.000003,-0.072238,0.000000,0.000000,0.000000,0.000000,0.000000,0.000000,0.000000,0.000000,-0.000004,-0.000008,-0.045634,-0.000042,-0.000000,-0.077536,0.000001,0.000000,0.000000,0.000000,0.000000,0.000000,0.000000,-0.000016,0.000007,0.000076,-0.087387,0.000000,-0.000000,-0.146987
3.500000,-1.237264,0.000000,0.000000,-1.795028,0.000000,0.000000,-0.000000,0.000000,-0.000000,0.000000,0.000000,-0.000000,-0.000000,0.000000,-1.111295,0.000000,0.000000,-1.646922,0.000000,0.000000,0.000000,0.000000,0.000000,0.000000,0.000000,0.000000,0.000000,0.000000,-0.685283,0.000000,0.000000,-1.137937,0.000000,0.000000,0.000000,0.000000,0.000000,0.000000,0.000000,0.000000,0.000000,0.000000,0.000000,0.000000,0.000000,0.000040,-0.045777,0.000007,-0.000003,-0.072235,0.000000,0.000000,0.000000,0.000000,0.000000,0.000000,0.000000,0.000000,-0.000004,-0.000008,-0.045411,-0.000041,-0.000000,-0.077533,0.000001,-0.000000,-0.000000,-0.000000,-0.000000,-0.000000,-0.000000,-0.000016,0.000007,0.000076,-0.086965,0.000000,-0.000000,-0.146981
3.510000,-1.233013,0.000000,0.000000,-1.793864,0.000000,0.000000,0.000000,0.000000,0.000000,0.000000,0.000000,0.000000,0.000000,0.000000,-1.107305,0.000000,0.000000,-1.645702,0.000000,0.000000,0.000000,0.000000,0.000000,0.000000,0.000000,0.000000,0.000000,0.000000,-0.682156,0.000000,0.000000,-1.136372,0.000000,0.000000,0.000000,0.000000,0.000000,0.000000,0.000000,0.000000,0.000000,0.000000,0.000000,0.000000,0.000000,0.000039,-0.045559,0.000007,-0.000003,-0.072232,0.000000,0.000000,0.000000,0.000000,0.000000,0.000000,0.000000,0.000000,-0.000003,-0.000008,-0.045187,-0.000041,-0.000000,-0.077530,0.000001,0.000000,0.000000,0.000000,0.000000,0.000000,0.000000,-0.000015,0.000006,0.000075,-0.086541,0.000000,-0.000000,-0.146976
3.520000,-1.228690,0.000000,0.000000,-1.792682,0.000000,0.000000,0.000000,0.000000,0.000000,0.000000,0.000000,0.000000,0.000000,0.000000,-1.103251,0.000000,0.000000,-1.644462,0.000000,0.000000,0.000000,0.000000,0.000000,0.000000,0.000000,0.000000,0.000000,0.000000,-0.678987,0.000000,0.000000,-1.134784,0.000000,0.000000,0.000000,0.000000,0.000000,0.000000,0.000000,0.000000,0.000000,0.000000,0.000000,0.000000,0.000000,0.000039,-0.045339,0.000007,-0.000003,-0.072229,0.000000,0.000000,0.000000,0.000000,0.000000,0.000000,0.000000,0.000000,-0.000003,-0.000008,-0.044962,-0.000041,-0.000000,-0.077527,0.000001,0.000000,0.000000,0.000000,0.000000,0.000000,0.000000,-0.000015,0.000006,0.000074,-0.086114,0.000000,-0.000000,-0.146970
3.530000,-1.224296,0.000000,0.000000,-1.791480,0.000000,0.000000,0.000000,0.000000,0.000000,0.000000,0.000000,0.000000,0.000000,0.000000,-1.099130,0.000000,0.000000,-1.643202,0.000000,0.000000,0.000000,0.000000,0.000000,0.000000,0.000000,0.000000,0.000000,0.000000,-0.675776,0.000000,0.000000,-1.133172,0.000000,0.000000,0.000000,0.000000,0.000000,0.000000,0.000000,0.000000,0.000000,0.000000,0.000000,0.000000,0.000000,0.000039,-0.045118,0.000007,-0.000003,-0.072226,0.000000,0.000000,0.000000,0.000000,0.000000,0.000000,0.000000,0.000000,-0.000003,-0.000008,-0.044735,-0.000040,-0.000000,-0.077525,0.000001,0.000000,0.000000,0.000000,0.000000,0.000000,0.000000,-0.000015,0.000006,0.000074,-0.085685,0.000000,-0.000000,-0.146965
3.540000,-1.219829,0.000000,0.000000,-1.790258,0.000000,0.000000,0.000000,0.000000,0.000000,0.000000,0.000000,0.000000,0.000000,0.000000,-1.094943,0.000000,0.000000,-1.641922,0.000000,0.000000,0.000000,0.000000,0.000000,0.000000,0.000000,0.000000,0.000000,0.000000,-0.672522,0.000000,0.000000,-1.131537,0.000000,0.000000,0.000000,0.000000,0.000000,0.000000,0.000000,0.000000,0.000000,0.000000,0.000000,0.000000,0.000000,0.000038,-0.044896,0.000007,-0.000003,-0.072224,0.000000,0.000000,0.000000,0.000000,0.000000,0.000000,0.000000,0.000000,-0.000003,-0.000008,-0.044507,-0.000040,-0.000000,-0.077522,0.000001,0.000000,0.000000,0.000000,0.000000,0.000000,0.000000,-0.000015,0.000006,0.000073,-0.085253,0.000000,-0.000000,-0.146959
3.550000,-1.215288,0.000000,0.000000,-1.789017,0.000000,0.000000,-0.000000,0.000000,-0.000000,0.000000,0.000000,-0.000000,-0.000000,0.000000,-1.090690,0.000000,0.000000,-1.640623,0.000000,0.000000,0.000000,0.000000,0.000000,0.000000,0.000000,0.000000,0.000000,0.000000,-0.669226,0.000000,0.000000,-1.129879,0.000000,0.000000,0.000000,0.000000,0.000000,0.000000,0.000000,0.000000,0.000000,0.000000,0.000000,0.000000,0.000000,0.000038,-0.044672,0.000007,-0.000003,-0.072221,0.000000,0.000000,0.000000,0.000000,0.000000,0.000000,0.000000,0.000000,-0.000003,-0.000008,-0.044278,-0.000040,-0.000000,-0.077519,0.000001,-0.000000,-0.000000,-0.000000,-0.000000,-0.000000,-0.000000,-0.000015,0.000006,0.000073,-0.084819,0.000000,-0.000000,-0.146953
3.560000,-1.210674,0.000000,0.000000,-1.787756,0.000000,0.000000,0.000000,0.000000,0.000000,0.000000,0.000000,0.000000,0.000000,0.000000,-1.086368,0.000000,0.000000,-1.639303,0.000000,0.000000,0.000000,0.000000,0.000000,0.000000,0.000000,0.000000,0.000000,0.000000,-0.665886,0.000000,0.000000,-1.128196,0.000000,0.000000,0.000000,0.000000,0.000000,0.000000,0.000000,0.000000,0.000000,0.000000,0.000000,0.000000,0.000000,0.000038,-0.044447,0.000007,-0.000003,-0.072218,0.000000,0.000000,0.000000,0.000000,0.000000,0.000000,0.000000,0.000000,-0.000003,-0.000008,-0.044047,-0.000039,-0.000000,-0.077516,0.000001,0.000000,0.000000,0.000000,0.000000,0.000000,0.000000,-0.000015,0.000006,0.000072,-0.084382,0.000000,-0.000000,-0.146948
3.570000,-1.205984,0.000000,0.000000,-1.786475,0.000000,0.000000,0.000000,0.000000,0.000000,0.000000,0.000000,0.000000,0.000000,0.000000,-1.081979,0.000000,0.000000,-1.637962,0.000000,0.000000,0.000000,0.000000,0.000000,0.000000,0.000000,0.000000,0.000000,0.000000,-0.662504,0.000000,0.000000,-1.126489,0.000000,0.000000,0.000000,0.000000,0.000000,0.000000,0.000000,0.000000,0.000000,0.000000,0.000000,0.000000,0.000000,0.000037,-0.044220,0.000007,-0.000003,-0.072215,0.000000,0.000000,0.000000,0.000000,0.000000,0.000000,0.000000,0.000000,-0.000003,-0.000008,-0.043815,-0.000039,-0.000000,-0.077513,0.000001,0.000000,0.000000,0.000000,0.000000,0.000000,0.000000,-0.000015,0.000006,0.000072,-0.083942,0.000000,-0.000000,-0.146942
3.580000,-1.201219,0.000000,0.000000,-1.785173,0.000000,0.000000,0.000000,0.000000,0.000000,0.000000,0.000000,0.000000,0.000000,0.000000,-1.077520,0.000000,0.000000,-1.636601,0.000000,0.000000,0.000000,0.000000,0.000000,0.000000,0.000000,0.000000,0.000000,0.000000,-0.659078,0.000000,0.000000,-1.124758,0.000000,0.000000,0.000000,0.000000,0.000000,0.000000,0.000000,0.000000,0.000000,0.000000,0.000000,0.000000,0.000000,0.000037,-0.043992,0.000007,-0.000003,-0.072212,0.000000,0.000000,0.000000,0.000000,0.000000,0.000000,0.000000,0.000000,-0.000003,-0.000008,-0.043581,-0.000039,-0.000000,-0.077510,0.000001,0.000000,0.000000,0.000000,0.000000,0.000000,0.000000,-0.000015,0.000006,0.000071,-0.083500,0.000000,-0.000000,-0.146936
3.590000,-1.196377,0.000000,0.000000,-1.783851,0.000000,0.000000,0.000000,0.000000,0.000000,0.000000,0.000000,0.000000,0.000000,0.000000,-1.072992,0.000000,0.000000,-1.635219,0.000000,0.000000,0.000000,0.000000,0.000000,0.000000,0.000000,0.000000,0.000000,0.000000,-0.655609,0.000000,0.000000,-1.123002,0.000000,0.000000,0.000000,0.000000,0.000000,0.000000,0.000000,0.000000,0.000000,0.000000,0.000000,0.000000,0.000000,0.000037,-0.043763,0.000007,-0.000003,-0.072209,0.000000,0.000000,0.000000,0.000000,0.000000,0.000000,0.000000,0.000000,-0.000003,-0.000008,-0.043346,-0.000038,-0.000000,-0.077507,0.000001,0.000000,0.000000,0.000000,0.000000,0.000000,0.000000,-0.000014,0.000006,0.000070,-0.083055,0.000000,-0.000000,-0.146930
3.600000,-1.191457,0.000000,0.000000,-1.782508,0.000000,0.000000,-0.000000,0.000000,-0.000000,0.000000,0.000000,-0.000000,-0.000000,0.000000,-1.068394,0.000000,0.000000,-1.633816,0.000000,0.000000,0.000000,0.000000,0.000000,0.000000,0.000000,0.000000,0.000000,0.000000,-0.652097,0.000000,0.000000,-1.121220,0.000000,0.000000,0.000000,0.000000,0.000000,0.000000,0.000000,0.000000,0.000000,0.000000,0.000000,0.000000,0.000000,0.000037,-0.043532,0.000007,-0.000003,-0.072206,0.000000,0.000000,0.000000,0.000000,0.000000,0.000000,0.000000,0.000000,-0.000003,-0.000007,-0.043110,-0.000038,-0.000000,-0.077504,0.000001,-0.000000,-0.000000,-0.000000,-0.000000,-0.000000,-0.000000,-0.000014,0.000006,0.000070,-0.082608,0.000000,-0.000000,-0.146924
3.610000,-1.186460,0.000000,0.000000,-1.781145,0.000000,0.000000,0.000000,0.000000,0.000000,0.000000,0.000000,0.000000,0.000000,0.000000,-1.063725,0.000000,0.000000,-1.632392,0.000000,0.000000,0.000000,0.000000,0.000000,0.000000,0.000000,0.000000,0.000000,0.000000,-0.648540,0.000000,0.000000,-1.119413,0.000000,0.000000,0.000000,0.000000,0.000000,0.000000,0.000000,0.000000,0.000000,0.000000,0.000000,0.000000,0.000000,0.000036,-0.043300,0.000007,-0.000003,-0.072204,0.000000,0.000000,0.000000,0.000000,0.000000,0.000000,0.000000,0.000000,-0.000003,-0.000007,-0.042872,-0.000038,-0.000000,-0.077501,0.000001,0.000000,0.000000,0.000000,0.000000,0.000000,0.000000,-0.000014,0.000006,0.000069,-0.082158,0.000000,-0.000000,-0.146918
3.620000,-1.181384,0.000000,0.000000,-1.779760,0.000000,0.000000,0.000000,0.000000,0.000000,0.000000,0.000000,0.000000,0.000000,0.000000,-1.058984,0.000000,0.000000,-1.630946,0.000000,0.000000,0.000000,0.000000,0.000000,0.000000,0.000000,0.000000,0.000000,0.000000,-0.644940,0.000000,0.000000,-1.117579,0.000000,0.000000,0.000000,0.000000,0.000000,0.000000,0.000000,0.000000,0.000000,0.000000,0.000000,0.000000,0.000000,0.000036,-0.043066,0.000007,-0.000003,-0.072201,0.000000,0.000000,0.000000,0.000000,0.000000,0.000000,0.000000,0.000000,-0.000003,-0.000007,-0.042633,-0.000037,-0.000000,-0.077498,0.000001,0.000000,0.000000,0.000000,0.000000,0.000000,0.000000,-0.000014,0.000006,0.000069,-0.081705,0.000000,-0.000000,-0.146912
3.630000,-1.176228,0.000000,0.000000,-1.778354,0.000000,0.000000,0.000000,0.000000,0.000000,0.000000,0.000000,0.000000,0.000000,0.000000,-1.054172,0.000000,0.000000,-1.629479,0.000000,0.000000,0.000000,0.000000,0.000000,0.000000,0.000000,0.000000,0.000000,0.000000,-0.641296,0.000000,0.000000,-1.115720,0.000000,0.000000,0.000000,0.000000,0.000000,0.000000,0.000000,0.000000,0.000000,0.000000,0.000000,0.000000,0.000000,0.000036,-0.042830,0.000007,-0.000003,-0.072198,0.000000,0.000000,0.000000,0.000000,0.000000,0.000000,0.000000,0.000000,-0.000003,-0.000007,-0.042393,-0.000037,-0.000000,-0.077495,0.000001,0.000000,0.000000,0.000000,0.000000,0.000000,0.000000,-0.000014,0.000006,0.000068,-0.081250,0.000000,-0.000000,-0.146906
3.640000,-1.170991,0.000000,0.000000,-1.776926,0.000000,0.000000,0.000000,0.000000,0.000000,0.000000,0.000000,0.000000,0.000000,0.000000,-1.049287,0.000000,0.000000,-1.627989,0.000000,0.000000,0.000000,0.000000,0.000000,0.000000,0.000000,0.000000,0.000000,0.000000,-0.637607,0.000000,0.000000,-1.113834,0.000000,0.000000,0.000000,0.000000,0.000000,0.000000,0.000000,0.000000,0.000000,0.000000,0.000000,0.000000,0.000000,0.000035,-0.042594,0.000006,-0.000003,-0.072195,0.000000,0.000000,0.000000,0.000000,0.000000,0.000000,0.000000,0.000000,-0.000003,-0.000007,-0.042151,-0.000037,-0.000000,-0.077492,0.000001,0.000000,0.000000,0.000000,0.000000,0.000000,0.000000,-0.000014,0.000006,0.000067,-0.080792,0.000000,-0.000000,-0.146900
3.650000,-1.165674,0.000000,0.000000,-1.775477,0.000000,0.000000,-0.000000,0.000000,-0.000000,0.000000,0.000000,-0.000000,-0.000000,0.000000,-1.044330,0.000000,0.000000,-1.626478,0.000000,0.000000,0.000000,0.000000,0.000000,0.000000,0.000000,0.000000,0.000000,0.000000,-0.633875,0.000000,0.000000,-1.111920,0.000000,0.000000,0.000000,0.000000,0.000000,0.000000,0.000000,0.000000,0.000000,0.000000,0.000000,0.000000,0.000000,0.000035,-0.042356,0.000006,-0.000003,-0.072192,0.000000,0.000000,0.000000,0.000000,0.000000,0.000000,0.000000,0.000000,-0.000003,-0.000007,-0.041908,-0.000036,-0.000000,-0.077489,0.000001,-0.000000,-0.000000,-0.000000,-0.000000,-0.000000,-0.000000,-0.000014,0.000006,0.000067,-0.080332,0.000000,-0.000000,-0.146894
3.660000,-1.160275,0.000000,0.000000,-1.774006,0.000000,0.000000,0.000000,0.000000,0.000000,0.000000,0.000000,0.000000,0.000000,0.000000,-1.039298,0.000000,0.000000,-1.624945,0.000000,0.000000,0.000000,0.000000,0.000000,0.000000,0.000000,0.000000,0.000000,0.000000,-0.630098,0.000000,0.000000,-1.109980,0.000000,0.000000,0.000000,0.000000,0.000000,0.000000,0.000000,0.000000,0.000000,0.000000,0.000000,0.000000,0.000000,0.000035,-0.042116,0.000006,-0.000003,-0.072189,0.000000,0.000000,0.000000,0.000000,0.000000,0.000000,0.000000,0.000000,-0.000003,-0.000007,-0.041664,-0.000036,-0.000000,-0.077486,0.000001,0.000000,0.000000,0.000000,0.000000,0.000000,0.000000,-0.000013,0.000006,0.000066,-0.079869,0.000000,-0.000000,-0.146888
3.670000,-1.154794,0.000000,0.000000,-1.772513,0.000000,0.000000,0.000000,0.000000,0.000000,0.000000,0.000000,0.000000,0.000000,0.000000,-1.034193,0.000000,0.000000,-1.623389,0.000000,0.000000,0.000000,0.000000,0.000000,0.000000,0.000000,0.000000,0.000000,0.000000,-0.626276,0.000000,0.000000,-1.108011,0.000000,0.000000,0.000000,0.000000,0.000000,0.000000,0.000000,0.000000,0.000000,0.000000,0.000000,0.000000,0.000000,0.000034,-0.041875,0.000006,-0.000003,-0.072186,0.000000,0.000000,0.000000,0.000000,0.000000,0.000000,0.000000,0.000000,-0.000003,-0.000007,-0.041418,-0.000036,-0.000000,-0.077483,0.000001,0.000000,0.000000,0.000000,0.000000,0.000000,0.000000,-0.000013,0.000005,0.000066,-0.079403,0.000000,-0.000000,-0.146882
3.680000,-1.149230,0.000000,0.000000,-1.770997,0.000000,0.000000,0.000000,0.000000,0.000000,0.000000,0.000000,0.000000,0.000000,0.000000,-1.029013,0.000000,0.000000,-1.621810,0.000000,0.000000,0.000000,0.000000,0.000000,0.000000,0.000000,0.000000,0.000000,0.000000,-0.622411,0.000000,0.000000,-1.106014,0.000000,0.000000,0.000000,0.000000,0.000000,0.000000,0.000000,0.000000,0.000000,0.000000,0.000000,0.000000,0.000000,0.000034,-0.041633,0.000006,-0.000003,-0.072182,0.000000,0.000000,0.000000,0.000000,0.000000,0.000000,0.000000,0.000000,-0.000003,-0.000007,-0.041171,-0.000035,-0.000000,-0.077479,0.000001,0.000000,0.000000,0.000000,0.000000,0.000000,0.000000,-0.000013,0.000005,0.000065,-0.078935,0.000000,-0.000000,-0.146876
3.690000,-1.143582,0.000000,0.000000,-1.769459,0.000000,0.000000,0.000000,0.000000,0.000000,0.000000,0.000000,0.000000,0.000000,0.000000,-1.023758,0.000000,0.000000,-1.620208,0.000000,0.000000,0.000000,0.000000,0.000000,0.000000,0.000000,0.000000,0.000000,0.000000,-0.618500,0.000000,0.000000,-1.103989,0.000000,0.000000,0.000000,0.000000,0.000000,0.000000,0.000000,0.000000,0.000000,0.000000,0.000000,0.000000,0.000000,0.000034,-0.041389,0.000006,-0.000003,-0.072179,0.000000,0.000000,0.000000,0.000000,0.000000,0.000000,0.000000,0.000000,-0.000003,-0.000007,-0.040923,-0.000035,-0.000000,-0.077476,0.000001,0.000000,0.000000,0.000000,0.000000,0.000000,0.000000,-0.000013,0.000005,0.000065,-0.078464,0.000000,-0.000000,-0.146870
3.700000,-1.137850,0.000000,0.000000,-1.767899,0.000000,0.000000,-0.000000,0.000000,-0.000000,0.000000,0.000000,-0.000000,-0.000000,0.000000,-1.018427,0.000000,0.000000,-1.618584,0.000000,0.000000,0.000000,0.000000,0.000000,0.000000,0.000000,0.000000,0.000000,0.000000,-0.614545,0.000000,0.000000,-1.101934,0.000000,0.000000,0.000000,0.000000,0.000000,0.000000,0.000000,0.000000,0.000000,0.000000,0.000000,0.000000,0.000000,0.000033,-0.041143,0.000006,-0.000003,-0.072176,0.000000,0.000000,0.000000,0.000000,0.000000,0.000000,0.000000,0.000000,-0.000003,-0.000007,-0.040673,-0.000035,-0.000000,-0.077473,0.000001,-0.000000,-0.000000,-0.000000,-0.000000,-0.000000,-0.000000,-0.000013,0.000005,0.000064,-0.077991,0.000000,-0.000000,-0.146864
3.710000,-1.132033,0.000000,0.000000,-1.766316,0.000000,0.000000,0.000000,0.000000,0.000000,0.000000,0.000000,0.000000,0.000000,0.000000,-1.013021,0.000000,0.000000,-1.616936,0.000000,0.000000,0.000000,0.000000,0.000000,0.000000,0.000000,0.000000,0.000000,0.000000,-0.610546,0.000000,0.000000,-1.099850,0.000000,0.000000,0.000000,0.000000,0.000000,0.000000,0.000000,0.000000,0.000000,0.000000,0.000000,0.000000,0.000000,0.000033,-0.040896,0.000006,-0.000003,-0.072173,0.000000,0.000000,0.000000,0.000000,0.000000,0.000000,0.000000,0.000000,-0.000003,-0.000007,-0.040422,-0.000035,-0.000000,-0.077470,0.000001,0.000000,0.000000,0.000000,0.000000,0.000000,0.000000,-0.000013,0.000005,0.000063,-0.077515,0.000000,-0.000000,-0.146857
3.720000,-1.126131,0.000000,0.000000,-1.764709,0.000000,0.000000,0.000000,0.000000,0.000000,0.000000,0.000000,0.000000,0.000000,0.000000,-1.007538,0.000000,0.000000,-1.615265,0.000000,0.000000,0.000000,0.000000,0.000000,0.000000,0.000000,0.000000,0.000000,0.000000,-0.606502,0.000000,0.000000,-1.097736,0.000000,0.000000,0.000000,0.000000,0.000000,0.000000,0.000000,0.000000,0.000000,0.000000,0.000000,0.000000,0.000000,0.000033,-0.040648,0.000006,-0.000003,-0.072170,0.000000,0.000000,0.000000,0.000000,0.000000,0.000000,0.000000,0.000000,-0.000003,-0.000007,-0.040169,-0.000034,-0.000000,-0.077467,0.000001,0.000000,0.000000,0.000000,0.000000,0.000000,0.000000,-0.000013,0.000005,0.000063,-0.077037,0.000000,-0.000000,-0.146851
3.730000,-1.120143,0.000000,0.000000,-1.763080,0.000000,0.000000,0.000000,0.000000,0.000000,0.000000,0.000000,0.000000,0.000000,0.000000,-1.001979,0.000000,0.000000,-1.613570,0.000000,0.000000,0.000000,0.000000,0.000000,0.000000,0.000000,0.000000,0.000000,0.000000,-0.602413,0.000000,0.000000,-1.095592,0.000000,0.000000,0.000000,0.000000,0.000000,0.000000,0.000000,0.000000,0.000000,0.000000,0.000000,0.000000,0.000000,0.000033,-0.040398,0.000006,-0.000003,-0.072167,0.000000,0.000000,0.000000,0.000000,0.000000,0.000000,0.000000,0.000000,-0.000003,-0.000007,-0.039915,-0.000034,-0.000000,-0.077463,0.000001,0.000000,0.000000,0.000000,0.000000,0.000000,0.000000,-0.000013,0.000005,0.000062,-0.076556,0.000000,-0.000000,-0.146845
3.740000,-1.114068,0.000000,0.000000,-1.761427,0.000000,0.000000,0.000000,0.000000,0.000000,0.000000,0.000000,0.000000,0.000000,0.000000,-0.996342,0.000000,0.000000,-1.611852,0.000000,0.000000,0.000000,0.000000,0.000000,0.000000,0.000000,0.000000,0.000000,0.000000,-0.598280,0.000000,0.000000,-1.093416,0.000000,0.000000,0.000000,0.000000,0.000000,0.000000,0.000000,0.000000,0.000000,0.000000,0.000000,0.000000,0.000000,0.000032,-0.040147,0.000006,-0.000003,-0.072164,0.000000,0.000000,0.000000,0.000000,0.000000,0.000000,0.000000,0.000000,-0.000003,-0.000007,-0.039660,-0.000034,-0.000000,-0.077460,0.000001,0.000000,0.000000,0.000000,0.000000,0.000000,0.000000,-0.000012,0.000005,0.000062,-0.076072,0.000000,-0.000000,-0.146838
3.750000,-1.107907,0.000000,0.000000,-1.759750,0.000000,0.000000,-0.000000,0.000000,-0.000000,0.000000,0.000000,-0.000000,-0.000000,0.000000,-0.990628,0.000000,0.000000,-1.610109,0.000000,0.000000,0.000000,0.000000,0.000000,0.000000,0.000000,0.000000,0.000000,0.000000,-0.594102,0.000000,0.000000,-1.091209,0.000000,0.000000,0.000000,0.000000,0.000000,0.000000,0.000000,0.000000,0.000000,0.000000,0.000000,0.000000,0.000000,0.000032,-0.039895,0.000006,-0.000003,-0.072161,0.000000,0.000000,0.000000,0.000000,0.000000,0.000000,0.000000,0.000000,-0.000003,-0.000007,-0.039404,-0.000033,-0.000000,-0.077457,0.000001,-0.000000,-0.000000,-0.000000,-0.000000,-0.000000,-0.000000,-0.000012,0.000005,0.000061,-0.075585,0.000000,-0.000000,-0.146832
3.760000,-1.101657,0.000000,0.000000,-1.758050,0.000000,0.000000,0.000000,0.000000,0.000000,0.000000,0.000000,0.000000,0.000000,0.000000,-0.984837,0.000000,0.000000,-1.608342,0.000000,0.000000,0.000000,0.000000,0.000000,0.000000,0.000000,0.000000,0.000000,0.000000,-0.589879,0.000000,0.000000,-1.088970,0.000000,0.000000,0.000000,0.000000,0.000000,0.000000,0.000000,0.000000,0.000000,0.000000,0.000000,0.000000,0.000000,0.000032,-0.039641,0.000006,-0.000002,-0.072157,0.000000,0.000000,0.000000,0.000000,0.000000,0.000000,0.000000,0.000000,-0.000003,-0.000007,-0.039146,-0.000033,-0.000000,-0.077454,0.000001,0.000000,0.000000,0.000000,0.000000,0.000000,0.000000,-0.000012,0.000005,0.000061,-0.075097,0.000000,-0.000000,-0.146826
3.770000,-1.095320,0.000000,0.000000,-1.756326,0.000000,0.000000,0.000000,0.000000,0.000000,0.000000,0.000000,0.000000,0.000000,0.000000,-0.978967,0.000000,0.000000,-1.606551,0.000000,0.000000,0.000000,0.000000,0.000000,0.000000,0.000000,0.000000,0.000000,0.000000,-0.585613,0.000000,0.000000,-1.086698,0.000000,0.000000,0.000000,0.000000,0.000000,0.000000,0.000000,0.000000,0.000000,0.000000,0.000000,0.000000,0.000000,0.000031,-0.039385,0.000006,-0.000002,-0.072154,0.000000,0.000000,0.000000,0.000000,0.000000,0.000000,0.000000,0.000000,-0.000003,-0.000006,-0.038887,-0.000033,-0.000000,-0.077450,0.000001,0.000000,0.000000,0.000000,0.000000,0.000000,0.000000,-0.000012,0.000005,0.000060,-0.074605,0.000000,-0.000000,-0.146819
3.780000,-1.088895,0.000000,0.000000,-1.754578,0.000000,0.000000,0.000000,0.000000,0.000000,0.000000,0.000000,0.000000,0.000000,0.000000,-0.973019,0.000000,0.000000,-1.604735,0.000000,0.000000,0.000000,0.000000,0.000000,0.000000,0.000000,0.000000,0.000000,0.000000,-0.581301,0.000000,0.000000,-1.084393,0.000000,0.000000,0.000000,0.000000,0.000000,0.000000,0.000000,0.000000,0.000000,0.000000,0.000000,0.000000,0.000000,0.000031,-0.039128,0.000006,-0.000002,-0.072151,0.000000,0.000000,0.000000,0.000000,0.000000,0.000000,0.000000,0.000000,-0.000003,-0.000006,-0.038626,-0.000032,-0.000000,-0.077447,0.000001,0.000000,0.000000,0.000000,0.000000,0.000000,0.000000,-0.000012,0.000005,0.000060,-0.074111,0.000000,-0.000000,-0.146813
3.790000,-1.082381,0.000000,0.000000,-1.752805,0.000000,0.000000,0.000000,0.000000,0.000000,0.000000,0.000000,0.000000,0.000000,0.000000,-0.966992,0.000000,0.000000,-1.602894,0.000000,0.000000,0.000000,0.000000,0.000000,0.000000,0.000000,0.000000,0.000000,0.000000,-0.576946,0.000000,0.000000,-1.082054,0.000000,0.000000,0.000000,0.000000,0.000000,0.000000,0.000000,0.000000,0.000000,0.000000,0.000000,0.000000,0.000000,0.000031,-0.038870,0.000006,-0.000002,-0.072148,0.000000,0.000000,0.000000,0.000000,0.000000,0.000000,0.000000,0.000000,-0.000003,-0.000006,-0.038364,-0.000032,-0.000000,-0.077444,0.000001,0.000000,0.000000,0.000000,0.000000,0.000000,0.000000,-0.000012,0.000005,0.000059,-0.073614,0.000000,-0.000000,-0.146806
3.800000,-1.075778,0.000000,0.000000,-1.751009,0.000000,0.000000,-0.000000,0.000000,-0.000000,0.000000,0.000000,-0.000000,-0.000000,0.000000,-0.960887,0.000000,0.000000,-1.601027,0.000000,0.000000,0.000000,0.000000,0.000000,0.000000,0.000000,0.000000,0.000000,0.000000,-0.572546,0.000000,0.000000,-1.079681,0.000000,0.000000,0.000000,0.000000,0.000000,0.000000,0.000000,0.000000,0.000000,0.000000,0.000000,0.000000,0.000000,0.000031,-0.038610,0.000006,-0.000002,-0.072144,0.000000,0.000000,0.000000,0.000000,0.000000,0.000000,0.000000,0.000000,-0.000002,-0.000006,-0.038101,-0.000032,-0.000000,-0.077440,0.000001,-0.000000,-0.000000,-0.000000,-0.000000,-0.000000,-0.000000,-0.000012,0.000005,0.000058,-0.073115,0.000000,-0.000000,-0.146800
3.810000,-1.069086,0.000000,0.000000,-1.749187,0.000000,0.000000,0.000000,0.000000,0.000000,0.000000,0.000000,0.000000,0.000000,0.000000,-0.954703,0.000000,0.000000,-1.599136,0.000000,0.000000,0.000000,0.000000,0.000000,0.000000,0.000000,0.000000,0.000000,0.000000,-0.568102,0.000000,0.000000,-1.077273,0.000000,0.000000,0.000000,0.000000,0.000000,0.000000,0.000000,0.000000,0.000000,0.000000,0.000000,0.000000,0.000000,0.000030,-0.038349,0.000006,-0.000002,-0.072141,0.000000,0.000000,0.000000,0.000000,0.000000,0.000000,0.000000,0.000000,-0.000002,-0.000006,-0.037836,-0.000032,-0.000000,-0.077437,0.000001,0.000000,0.000000,0.000000,0.000000,0.000000,0.000000,-0.000012,0.000005,0.000058,-0.072614,0.000000,-0.000000,-0.146793
3.820000,-1.062304,0.000000,0.000000,-1.747341,0.000000,0.000000,0.000000,0.000000,0.000000,0.000000,0.000000,0.000000,0.000000,0.000000,-0.948439,0.000000,0.000000,-1.597219,0.000000,0.000000,0.000000,0.000000,0.000000,0.000000,0.000000,0.000000,0.000000,0.000000,-0.563615,0.000000,0.000000,-1.074829,0.000000,0.000000,0.000000,0.000000,0.000000,0.000000,0.000000,0.000000,0.000000,0.000000,0.000000,0.000000,0.000000,0.000030,-0.038086,0.000006,-0.000002,-0.072138,0.000000,0.000000,0.000000,0.000000,0.000000,0.000000,0.000000,0.000000,-0.000002,-0.000006,-0.037570,-0.000031,-0.000000,-0.077434,0.000001,0.000000,0.000000,0.000000,0.000000,0.000000,0.000000,-0.000011,0.000005,0.000057,-0.072109,0.000000,-0.000000,-0.146786
3.830000,-1.055432,0.000000,0.000000,-1.745469,0.000000,0.000000,0.000000,0.000000,0.000000,0.000000,0.000000,0.000000,0.000000,0.000000,-0.942097,0.000000,0.000000,-1.595276,0.000000,0.000000,0.000000,0.000000,0.000000,0.000000,0.000000,0.000000,0.000000,0.000000,-0.559083,0.000000,0.000000,-1.072349,0.000000,0.000000,0.000000,0.000000,0.000000,0.000000,0.000000,0.000000,0.000000,0.000000,0.000000,0.000000,0.000000,0.000030,-0.037822,0.000006,-0.000002,-0.072134,0.000000,0.000000,0.000000,0.000000,0.000000,0.000000,0.000000,0.000000,-0.000002,-0.000006,-0.037303,-0.000031,-0.000000,-0.077430,0.000001,0.000000,0.000000,0.000000,0.000000,0.000000,0.000000,-0.000011,0.000005,0.000057,-0.071602,0.000000,-0.000000,-0.146780
3.840000,-1.048469,0.000000,0.000000,-1.743573,0.000000,0.000000,0.000000,0.000000,0.000000,0.000000,0.000000,0.000000,0.000000,0.000000,-0.935675,0.000000,0.000000,-1.593307,0.000000,0.000000,0.000000,0.000000,0.000000,0.000000,0.000000,0.000000,0.000000,0.000000,-0.554508,0.000000,0.000000,-1.069832,0.000000,0.000000,0.000000,0.000000,0.000000,0.000000,0.000000,0.000000,0.000000,0.000000,0.000000,0.000000,0.000000,0.000029,-0.037557,0.000005,-0.000002,-0.072131,0.000000,0.000000,0.000000,0.000000,0.000000,0.000000,0.000000,0.000000,-0.000002,-0.000006,-0.037034,-0.000031,-0.000000,-0.077427,0.000001,0.000000,0.000000,0.000000,0.000000,0.000000,0.000000,-0.000011,0.000005,0.000056,-0.071093,0.000000,-0.000000,-0.146773
3.850000,-1.041417,0.000000,0.000000,-1.741651,0.000000,0.000000,-0.000000,0.000000,-0.000000,0.000000,0.000000,-0.000000,-0.000000,0.000000,-0.929174,0.000000,0.000000,-1.591311,0.000000,0.000000,0.000000,0.000000,0.000000,0.000000,0.000000,0.000000,0.000000,0.000000,-0.549889,0.000000,0.000000,-1.067277,0.000000,0.000000,0.000000,0.000000,0.000000,0.000000,0.000000,0.000000,0.000000,0.000000,0.000000,0.000000,0.000000,0.000029,-0.037290,0.000005,-0.000002,-0.072128,0.000000,0.000000,0.000000,0.000000,0.000000,0.000000,0.000000,0.000000,-0.000002,-0.000006,-0.036764,-0.000030,-0.000000,-0.077424,0.000001,-0.000000,-0.000000,-0.000000,-0.000000,-0.000000,-0.000000,-0.000011,0.000005,0.000056,-0.070581,0.000000,-0.000000,-0.146766
3.860000,-1.034274,0.000000,0.000000,-1.739703,0.000000,0.000000,0.000000,0.000000,0.000000,0.000000,0.000000,0.000000,0.000000,0.000000,-0.922594,0.000000,0.000000,-1.589289,0.000000,0.000000,0.000000,0.000000,0.000000,0.000000,0.000000,0.000000,0.000000,0.000000,-0.545228,0.000000,0.000000,-1.064684,0.000000,0.000000,0.000000,0.000000,0.000000,0.000000,0.000000,0.000000,0.000000,0.000000,0.000000,0.000000,0.000000,0.000029,-0.037021,0.000005,-0.000002,-0.072124,0.000000,0.000000,0.000000,0.000000,0.000000,0.000000,0.000000,0.000000,-0.000002,-0.000006,-0.036493,-0.000030,-0.000000,-0.077420,0.000001,0.000000,0.000000,0.000000,0.000000,0.000000,0.000000,-0.000011,0.000005,0.000055,-0.070066,0.000000,-0.000000,-0.146760
3.870000,-1.027041,0.000000,0.000000,-1.737729,0.000000,0.000000,0.000000,0.000000,0.000000,0.000000,0.000000,0.000000,0.000000,0.000000,-0.915934,0.000000,0.000000,-1.587240,0.000000,0.000000,0.000000,0.000000,0.000000,0.000000,0.000000,0.000000,0.000000,0.000000,-0.540523,0.000000,0.000000,-1.062051,0.000000,0.000000,0.000000,0.000000,0.000000,0.000000,0.000000,0.000000,0.000000,0.000000,0.000000,0.000000,0.000000,0.000028,-0.036752,0.000005,-0.000002,-0.072121,0.000000,0.000000,0.000000,0.000000,0.000000,0.000000,0.000000,0.000000,-0.000002,-0.000006,-0.036221,-0.000030,-0.000000,-0.077417,0.000001,0.000000,0.000000,0.000000,0.000000,0.000000,0.000000,-0.000011,0.000004,0.000055,-0.069549,0.000000,-0.000000,-0.146753
3.880000,-1.019717,0.000000,0.000000,-1.735730,0.000000,0.000000,0.000000,0.000000,0.000000,0.000000,0.000000,0.000000,0.000000,0.000000,-0.909195,0.000000,0.000000,-1.585163,0.000000,0.000000,0.000000,0.000000,0.000000,0.000000,0.000000,0.000000,0.000000,0.000000,-0.535775,0.000000,0.000000,-1.059378,0.000000,0.000000,0.000000,0.000000,0.000000,0.000000,0.000000,0.000000,0.000000,0.000000,0.000000,0.000000,0.000000,0.000028,-0.036480,0.000005,-0.000002,-0.072117,0.000000,0.000000,0.000000,0.000000,0.000000,0.000000,0.000000,0.000000,-0.000002,-0.000006,-0.035947,-0.000029,-0.000000,-0.077413,0.000001,0.000000,0.000000,0.000000,0.000000,0.000000,0.000000,-0.000011,0.000004,0.000054,-0.069030,0.000000,-0.000000,-0.146746
3.890000,-1.012302,0.000000,0.000000,-1.733704,0.000000,0.000000,0.000000,0.000000,0.000000,0.000000,0.000000,0.000000,0.000000,0.000000,-0.902377,0.000000,0.000000,-1.583059,0.000000,0.000000,0.000000,0.000000,0.000000,0.000000,0.000000,0.000000,0.000000,0.000000,-0.530985,0.000000,0.000000,-1.056664,0.000000,0.000000,0.000000,0.000000,0.000000,0.000000,0.000000,0.000000,0.000000,0.000000,0.000000,0.000000,0.000000,0.000028,-0.036208,0.000005,-0.000002,-0.072114,0.000000,0.000000,0.000000,0.000000,0.000000,0.000000,0.000000,0.000000,-0.000002,-0.000006,-0.035672,-0.000029,-0.000000,-0.077410,0.000001,0.000000,0.000000,0.000000,0.000000,0.000000,0.000000,-0.000011,0.000004,0.000053,-0.068508,0.000000,-0.000000,-0.146739
3.900000,-1.004796,0.000000,0.000000,-1.731651,0.000000,0.000000,-0.000000,0.000000,-0.000000,0.000000,0.000000,-0.000000,-0.000000,0.000000,-0.895480,0.000000,0.000000,-1.580927,0.000000,0.000000,0.000000,0.000000,0.000000,0.000000,0.000000,0.000000,0.000000,0.000000,-0.526153,0.000000,0.000000,-1.053908,0.000000,0.000000,0.000000,0.000000,0.000000,0.000000,0.000000,0.000000,0.000000,0.000000,0.000000,0.000000,0.000000,0.000028,-0.035934,0.000005,-0.000002,-0.072110,0.000000,0.000000,0.000000,0.000000,0.000000,0.000000,0.000000,0.000000,-0.000002,-0.000006,-0.035395,-0.000029,-0.000000,-0.077406,0.000001,-0.000000,-0.000000,-0.000000,-0.000000,-0.000000,-0.000000,-0.000011,0.000004,0.000053,-0.067983,0.000000,-0.000000,-0.146732
3.910000,-0.997201,0.000000,0.000000,-1.729572,0.000000,0.000000,0.000000,0.000000,0.000000,0.000000,0.000000,0.000000,0.000000,0.000000,-0.888504,0.000000,0.000000,-1.578766,0.000000,0.000000,0.000000,0.000000,0.000000,0.000000,0.000000,0.000000,0.000000,0.000000,-0.521279,0.000000,0.000000,-1.051109,0.000000,0.000000,0.000000,0.000000,0.000000,0.000000,0.000000,0.000000,0.000000,0.000000,0.000000,0.000000,0.000000,0.000027,-0.035658,0.000005,-0.000002,-0.072107,0.000000,0.000000,0.000000,0.000000,0.000000,0.000000,0.000000,0.000000,-0.000002,-0.000006,-0.035117,-0.000029,-0.000000,-0.077403,0.000001,0.000000,0.000000,0.000000,0.000000,0.000000,0.000000,-0.000010,0.000004,0.000052,-0.067456,0.000000,-0.000000,-0.146725
3.920000,-0.989514,0.000000,0.000000,-1.727465,0.000000,0.000000,0.000000,0.000000,0.000000,0.000000,0.000000,0.000000,0.000000,0.000000,-0.881449,0.000000,0.000000,-1.576576,0.000000,0.000000,0.000000,0.000000,0.000000,0.000000,0.000000,0.000000,0.000000,0.000000,-0.516363,0.000000,0.000000,-1.048266,0.000000,0.000000,0.000000,0.000000,0.000000,0.000000,0.000000,0.000000,0.000000,0.000000,0.000000,0.000000,0.000000,0.000027,-0.035381,0.000005,-0.000002,-0.072104,0.000000,0.000000,0.000000,0.000000,0.000000,0.000000,0.000000,0.000000,-0.000002,-0.000006,-0.034838,-0.000028,-0.000000,-0.077399,0.000001,0.000000,0.000000,0.000000,0.000000,0.000000,0.000000,-0.000010,0.000004,0.000052,-0.066926,0.000000,-0.000000,-0.146718
3.930000,-0.981737,0.000000,0.000000,-1.725331,0.000000,0.000000,0.000000,0.000000,0.000000,0.000000,0.000000,0.000000,0.000000,0.000000,-0.874316,0.000000,0.000000,-1.574357,0.000000,0.000000,0.000000,0.000000,0.000000,0.000000,0.000000,0.000000,0.000000,0.000000,-0.511406,0.000000,0.000000,-1.045379,0.000000,0.000000,0.000000,0.000000,0.000000,0.000000,0.000000,0.000000,0.000000,0.000000,0.000000,0.000000,0.000000,0.000027,-0.035103,0.000005,-0.000002,-0.072100,0.000000,0.000000,0.000000,0.000000,0.000000,0.000000,0.000000,0.000000,-0.000002,-0.000006,-0.034558,-0.000028,-0.000000,-0.077396,0.000001,0.000000,0.000000,0.000000,0.000000,0.000000,0.000000,-0.000010,0.000004,0.000051,-0.066394,0.000000,-0.000000,-0.146711
3.940000,-0.973871,0.000000,0.000000,-1.723169,0.000000,0.000000,0.000000,0.000000,0.000000,0.000000,0.000000,0.000000,0.000000,0.000000,-0.867104,0.000000,0.000000,-1.572109,0.000000,0.000000,0.000000,0.000000,0.000000,0.000000,0.000000,0.000000,0.000000,0.000000,-0.506408,0.000000,0.000000,-1.042445,0.000000,0.000000,0.000000,0.000000,0.000000,0.000000,0.000000,0.000000,0.000000,0.000000,0.000000,0.000000,0.000000,0.000026,-0.034823,0.000005,-0.000002,-0.072096,0.000000,0.000000,0.000000,0.000000,0.000000,0.000000,0.000000,0.000000,-0.000002,-0.000005,-0.034276,-0.000028,-0.000000,-0.077392,0.000001,0.000000,0.000000,0.000000,0.000000,0.000000,0.000000,-0.000010,0.000004,0.000051,-0.065859,0.000000,-0.000000,-0.146704
3.950000,-0.965914,0.000000,0.000000,-1.720979,0.000000,0.000000,-0.000000,0.000000,-0.000000,0.000000,0.000000,-0.000000,-0.000000,0.000000,-0.859815,0.000000,0.000000,-1.569830,0.000000,0.000000,0.000000,0.000000,0.000000,0.000000,0.000000,0.000000,0.000000,0.000000,-0.501370,0.000000,0.000000,-1.039465,0.000000,0.000000,0.000000,0.000000,0.000000,0.000000,0.000000,0.000000,0.000000,0.000000,0.000000,0.000000,0.000000,0.000026,-0.034542,0.000005,-0.000002,-0.072093,0.000000,0.000000,0.000000,0.000000,0.000000,0.000000,0.000000,0.000000,-0.000002,-0.000005,-0.033993,-0.000027,-0.000000,-0.077388,0.000001,-0.000000,-0.000000,-0.000000,-0.000000,-0.000000,-0.000000,-0.000010,0.000004,0.000050,-0.065322,0.000000,-0.000000,-0.146697
3.960000,-0.957868,0.000000,0.000000,-1.718760,0.000000,0.000000,0.000000,0.000000,0.000000,0.000000,0.000000,0.000000,0.000000,0.000000,-0.852448,0.000000,0.000000,-1.567520,0.000000,0.000000,0.000000,0.000000,0.000000,0.000000,0.000000,0.000000,0.000000,0.000000,-0.496291,0.000000,0.000000,-1.036436,0.000000,0.000000,0.000000,0.000000,0.000000,0.000000,0.000000,0.000000,0.000000,0.000000,0.000000,0.000000,0.000000,0.000026,-0.034260,0.000005,-0.000002,-0.072089,0.000000,0.000000,0.000000,0.000000,0.000000,0.000000,0.000000,0.000000,-0.000002,-0.000005,-0.033709,-0.000027,-0.000000,-0.077385,0.000001,0.000000,0.000000,0.000000,0.000000,0.000000,0.000000,-0.000010,0.000004,0.000050,-0.064782,0.000000,-0.000000,-0.146690
3.970000,-0.949732,0.000000,0.000000,-1.716513,0.000000,0.000000,0.000000,0.000000,0.000000,0.000000,0.000000,0.000000,0.000000,0.000000,-0.845005,0.000000,0.000000,-1.565179,0.000000,0.000000,0.000000,0.000000,0.000000,0.000000,0.000000,0.000000,0.000000,0.000000,-0.491172,0.000000,0.000000,-1.033358,0.000000,0.000000,0.000000,0.000000,0.000000,0.000000,0.000000,0.000000,0.000000,0.000000,0.000000,0.000000,0.000000,0.000026,-0.033976,0.000005,-0.000002,-0.072086,0.000000,0.000000,0.000000,0.000000,0.000000,0.000000,0.000000,0.000000,-0.000002,-0.000005,-0.033423,-0.000027,-0.000000,-0.077381,0.000001,0.000000,0.000000,0.000000,0.000000,0.000000,0.000000,-0.000010,0.000004,0.000049,-0.064240,0.000000,-0.000000,-0.146683
3.980000,-0.941508,0.000000,0.000000,-1.714236,0.000000,0.000000,0.000000,0.000000,0.000000,0.000000,0.000000,0.000000,0.000000,0.000000,-0.837484,0.000000,0.000000,-1.562806,0.000000,0.000000,0.000000,0.000000,0.000000,0.000000,0.000000,0.000000,0.000000,0.000000,-0.486014,0.000000,0.000000,-1.030230,0.000000,0.000000,0.000000,0.000000,0.000000,0.000000,0.000000,0.000000,0.000000,0.000000,0.000000,0.000000,0.000000,0.000025,-0.033691,0.000005,-0.000002,-0.072082,0.000000,0.000000,0.000000,0.000000,0.000000,0.000000,0.000000,0.000000,-0.000002,-0.000005,-0.033136,-0.000026,-0.000000,-0.077378,0.000001,0.000000,0.000000,0.000000,0.000000,0.000000,0.000000,-0.000010,0.000004,0.000049,-0.063696,0.000000,-0.000000,-0.146676
3.990000,-0.933195,0.000000,0.000000,-1.711929,0.000000,0.000000,0.000000,0.000000,0.000000,0.000000,0.000000,0.000000,0.000000,0.000000,-0.829887,0.000000,0.000000,-1.560400,0.000000,0.000000,0.000000,0.000000,0.000000,0.000000,0.000000,0.000000,0.000000,0.000000,-0.480818,0.000000,0.000000,-1.027049,0.000000,0.000000,0.000000,0.000000,0.000000,0.000000,0.000000,0.000000,0.000000,0.000000,0.000000,0.000000,0.000000,0.000025,-0.033404,0.000005,-0.000002,-0.072079,0.000000,0.000000,0.000000,0.000000,0.000000,0.000000,0.000000,0.000000,-0.000002,-0.000005,-0.032848,-0.000026,-0.000000,-0.077374,0.000001,0.000000,0.000000,0.000000,0.000000,0.000000,0.000000,-0.000010,0.000004,0.000048,-0.063149,0.000000,-0.000000,-0.146669
4.000000,-0.924795,0.000000,0.000000,-1.709592,0.000000,0.000000,-0.000000,0.000000,-0.000000,0.000000,0.000000,-0.000000,-0.000000,0.000000,-0.822215,0.000000,0.000000,-1.557960,0.000000,0.000000,0.000000,0.000000,0.000000,0.000000,0.000000,0.000000,0.000000,0.000000,-0.475582,0.000000,0.000000,-1.023816,0.000000,0.000000,0.000000,0.000000,0.000000,0.000000,0.000000,0.000000,0.000000,0.000000,0.000000,0.000000,0.000000,0.000025,-0.033116,0.000005,-0.000002,-0.072075,0.000000,0.000000,0.000000,0.000000,0.000000,0.000000,0.000000,0.000000,-0.000002,-0.000005,-0.032559,-0.000026,-0.000000,-0.077370,0.000001,-0.000000,-0.000000,-0.000000,-0.000000,-0.000000,-0.000000,-0.000009,0.000004,0.000048,-0.062599,0.000000,-0.000000,-0.146662
4.010000,-0.916307,0.000000,0.000000,-1.707224,0.000000,0.000000,0.000000,0.000000,0.000000,0.000000,0.000000,0.000000,0.000000,0.000000,-0.814468,0.000000,0.000000,-1.555487,0.000000,0.000000,0.000000,0.000000,0.000000,0.000000,0.000000,0.000000,0.000000,0.000000,-0.470309,0.000000,0.000000,-1.020528,0.000000,0.000000,0.000000,0.000000,0.000000,0.000000,0.000000,0.000000,0.000000,0.000000,0.000000,0.000000,0.000000,0.000025,-0.032827,0.000005,-0.000002,-0.072071,0.000000,0.000000,0.000000,0.000000,0.000000,0.000000,0.000000,0.000000,-0.000002,-0.000005,-0.032268,-0.000026,-0.000000,-0.077367,0.000001,0.000000,0.000000,0.000000,0.000000,0.000000,0.000000,-0.000009,0.000004,0.000047,-0.062047,0.000000,-0.000000,-0.146654
4.020000,-0.907732,0.000000,0.000000,-1.704824,0.000000,0.000000,0.000000,0.000000,0.000000,0.000000,0.000000,0.000000,0.000000,0.000000,-0.806646,0.000000,0.000000,-1.552978,0.000000,0.000000,0.000000,0.000000,0.000000,0.000000,0.000000,0.000000,0.000000,0.000000,-0.464999,0.000000,0.000000,-1.017185,0.000000,0.000000,0.000000,0.000000,0.000000,0.000000,0.000000,0.000000,0.000000,0.000000,0.000000,0.000000,0.000000,0.000024,-0.032536,0.000005,-0.000002,-0.072068,0.000000,0.000000,0.000000,0.000000,0.000000,0.000000,0.000000,0.000000,-0.000002,-0.000005,-0.031976,-0.000025,-0.000000,-0.077363,0.000001,0.000000,0.000000,0.000000,0.000000,0.000000,0.000000,-0.000009,0.000004,0.000046,-0.061493,0.000000,-0.000000,-0.146647
4.030000,-0.899071,0.000000,0.000000,-1.702393,0.000000,0.000000,0.000000,0.000000,0.000000,0.000000,0.000000,0.000000,0.000000,0.000000,-0.798750,0.000000,0.000000,-1.550434,0.000000,0.000000,0.000000,0.000000,0.000000,0.000000,0.000000,0.000000,0.000000,0.000000,-0.459651,0.000000,0.000000,-1.013784,0.000000,0.000000,0.000000,0.000000,0.000000,0.000000,0.000000,0.000000,0.000000,0.000000,0.000000,0.000000,0.000000,0.000024,-0.032244,0.000004,-0.000002,-0.072064,0.000000,0.000000,0.000000,0.000000,0.000000,0.000000,0.000000,0.000000,-0.000002,-0.000005,-0.031683,-0.000025,-0.000000,-0.077359,0.000001,0.000000,0.000000,0.000000,0.000000,0.000000,0.000000,-0.000009,0.000004,0.000046,-0.060936,0.000000,-0.000000,-0.146640
4.040000,-0.890325,0.000000,0.000000,-1.699928,0.000000,0.000000,0.000000,0.000000,0.000000,0.000000,0.000000,0.000000,0.000000,0.000000,-0.790781,0.000000,0.000000,-1.547853,0.000000,0.000000,0.000000,0.000000,0.000000,0.000000,0.000000,0.000000,0.000000,0.000000,-0.454268,0.000000,0.000000,-1.010324,0.000000,0.000000,0.000000,0.000000,0.000000,0.000000,0.000000,0.000000,0.000000,0.000000,0.000000,0.000000,0.000000,0.000024,-0.031950,0.000004,-0.000002,-0.072060,0.000000,0.000000,0.000000,0.000000,0.000000,0.000000,0.000000,0.000000,-0.000002,-0.000005,-0.031388,-0.000025,-0.000000,-0.077355,0.000001,0.000000,0.000000,0.000000,0.000000,0.000000,0.000000,-0.000009,0.000004,0.000045,-0.060377,0.000000,-0.000000,-0.146632
4.050000,-0.881494,0.000000,0.000000,-1.697429,0.000000,0.000000,-0.000000,0.000000,-0.000000,0.000000,0.000000,-0.000000,-0.000000,0.000000,-0.782739,0.000000,0.000000,-1.545233,0.000000,0.000000,0.000000,0.000000,0.000000,0.000000,0.000000,0.000000,0.000000,0.000000,-0.448848,0.000000,0.000000,-1.006803,0.000000,0.000000,0.000000,0.000000,0.000000,0.000000,0.000000,0.000000,0.000000,0.000000,0.000000,0.000000,0.000000,0.000023,-0.031655,0.000004,-0.000002,-0.072056,0.000000,0.000000,0.000000,0.000000,0.000000,0.000000,0.000000,0.000000,-0.000002,-0.000005,-0.031093,-0.000024,-0.000000,-0.077352,0.000001,-0.000000,-0.000000,-0.000000,-0.000000,-0.000000,-0.000000,-0.000009,0.000004,0.000045,-0.059816,0.000000,-0.000000,-0.146625
4.060000,-0.872579,0.000000,0.000000,-1.694896,0.000000,0.000000,0.000000,0.000000,0.000000,0.000000,0.000000,0.000000,0.000000,0.000000,-0.774626,0.000000,0.000000,-1.542575,0.000000,0.000000,0.000000,0.000000,0.000000,0.000000,0.000000,0.000000,0.000000,0.000000,-0.443393,0.000000,0.000000,-1.003220,0.000000,0.000000,0.000000,0.000000,0.000000,0.000000,0.000000,0.000000,0.000000,0.000000,0.000000,0.000000,0.000000,0.000023,-0.031359,0.000004,-0.000002,-0.072053,0.000000,0.000000,0.000000,0.000000,0.000000,0.000000,0.000000,0.000000,-0.000002,-0.000005,-0.030796,-0.000024,-0.000000,-0.077348,0.000001,0.000000,0.000000,0.000000,0.000000,0.000000,0.000000,-0.000009,0.000004,0.000044,-0.059252,0.000000,-0.000000,-0.146618
4.070000,-0.863581,0.000000,0.000000,-1.692327,0.000000,0.000000,0.000000,0.000000,0.000000,0.000000,0.000000,0.000000,0.000000,0.000000,-0.766442,0.000000,0.000000,-1.539876,0.000000,0.000000,0.000000,0.000000,0.000000,0.000000,0.000000,0.000000,0.000000,0.000000,-0.437904,0.000000,0.000000,-0.999574,0.000000,0.000000,0.000000,0.000000,0.000000,0.000000,0.000000,0.000000,0.000000,0.000000,0.000000,0.000000,0.000000,0.000023,-0.031062,0.000004,-0.000002,-0.072049,0.000000,0.000000,0.000000,0.000000,0.000000,0.000000,0.000000,0.000000,-0.000002,-0.000005,-0.030498,-0.000024,-0.000000,-0.077344,0.000001,0.000000,0.000000,0.000000,0.000000,0.000000,0.000000,-0.000009,0.000004,0.000044,-0.058686,0.000000,-0.000000,-0.146610
4.080000,-0.854502,0.000000,0.000000,-1.689722,0.000000,0.000000,0.000000,0.000000,0.000000,0.000000,0.000000,0.000000,0.000000,0.000000,-0.758188,0.000000,0.000000,-1.537136,0.000000,0.000000,0.000000,0.000000,0.000000,0.000000,0.000000,0.000000,0.000000,0.000000,-0.432381,0.000000,0.000000,-0.995861,0.000000,0.000000,0.000000,0.000000,0.000000,0.000000,0.000000,0.000000,0.000000,0.000000,0.000000,0.000000,0.000000,0.000023,-0.030763,0.000004,-0.000002,-0.072045,0.000000,0.000000,0.000000,0.000000,0.000000,0.000000,0.000000,0.000000,-0.000002,-0.000005,-0.030199,-0.000024,-0.000000,-0.077340,0.000001,0.000000,0.000000,0.000000,0.000000,0.000000,0.000000,-0.000009,0.000003,0.000043,-0.058117,0.000000,-0.000000,-0.146603
4.090000,-0.845341,0.000000,0.000000,-1.687079,0.000000,0.000000,0.000000,0.000000,0.000000,0.000000,0.000000,0.000000,0.000000,0.000000,-0.749865,0.000000,0.000000,-1.534352,0.000000,0.000000,0.000000,0.000000,0.000000,0.000000,0.000000,0.000000,0.000000,0.000000,-0.426825,0.000000,0.000000,-0.992082,0.000000,0.000000,0.000000,0.000000,0.000000,0.000000,0.000000,0.000000,0.000000,0.000000,0.000000,0.000000,0.000000,0.000022,-0.030463,0.000004,-0.000002,-0.072041,0.000000,0.000000,0.000000,0.000000,0.000000,0.000000,0.000000,0.000000,-0.000002,-0.000005,-0.029898,-0.000023,-0.000000,-0.077337,0.000001,0.000000,0.000000,0.000000,0.000000,0.000000,0.000000,-0.000009,0.000003,0.000043,-0.057546,0.000000,-0.000000,-0.146595
4.100000,-0.836100,0.000000,0.000000,-1.684397,0.000000,0.000000,-0.000000,0.000000,-0.000000,0.000000,0.000000,-0.000000,-0.000000,0.000000,-0.741474,0.000000,0.000000,-1.531524,0.000000,0.000000,0.000000,0.000000,0.000000,0.000000,0.000000,0.000000,0.000000,0.000000,-0.421236,0.000000,0.000000,-0.988232,0.000000,0.000000,0.000000,0.000000,0.000000,0.000000,0.000000,0.000000,0.000000,0.000000,0.000000,0.000000,0.000000,0.000022,-0.030161,0.000004,-0.000002,-0.072038,0.000000,0.000000,0.000000,0.000000,0.000000,0.000000,0.000000,0.000000,-0.000002,-0.000005,-0.029596,-0.000023,-0.000000,-0.077333,0.000001,-0.000000,-0.000000,-0.000000,-0.000000,-0.000000,-0.000000,-0.000008,0.000003,0.000042,-0.056973,0.000000,-0.000000,-0.146588
4.110000,-0.826780,0.000000,0.000000,-1.681674,0.000000,0.000000,0.000000,0.000000,0.000000,0.000000,0.000000,0.000000,0.000000,0.000000,-0.733015,0.000000,0.000000,-1.528650,0.000000,0.000000,0.000000,0.000000,0.000000,0.000000,0.000000,0.000000,0.000000,0.000000,-0.415615,0.000000,0.000000,-0.984312,0.000000,0.000000,0.000000,0.000000,0.000000,0.000000,0.000000,0.000000,0.000000,0.000000,0.000000,0.000000,0.000000,0.000022,-0.029859,0.000004,-0.000002,-0.072034,0.000000,0.000000,0.000000,0.000000,0.000000,0.000000,0.000000,0.000000,-0.000002,-0.000004,-0.029293,-0.000023,-0.000000,-0.077329,0.000001,0.000000,0.000000,0.000000,0.000000,0.000000,0.000000,-0.000008,0.000003,0.000042,-0.056398,0.000000,-0.000000,-0.146580
4.120000,-0.817382,0.000000,0.000000,-1.678910,0.000000,0.000000,0.000000,0.000000,0.000000,0.000000,0.000000,0.000000,0.000000,0.000000,-0.724490,0.000000,0.000000,-1.525727,0.000000,0.000000,0.000000,0.000000,0.000000,0.000000,0.000000,0.000000,0.000000,0.000000,-0.409964,0.000000,0.000000,-0.980317,0.000000,0.000000,0.000000,0.000000,0.000000,0.000000,0.000000,0.000000,0.000000,0.000000,0.000000,0.000000,0.000000,0.000021,-0.029554,0.000004,-0.000002,-0.072030,0.000000,0.000000,0.000000,0.000000,0.000000,0.000000,0.000000,0.000000,-0.000002,-0.000004,-0.028989,-0.000022,-0.000000,-0.077325,0.000001,0.000000,0.000000,0.000000,0.000000,0.000000,0.000000,-0.000008,0.000003,0.000041,-0.055820,0.000000,-0.000000,-0.146573
4.130000,-0.807907,0.000000,0.000000,-1.676102,0.000000,0.000000,0.000000,0.000000,0.000000,0.000000,0.000000,0.000000,0.000000,0.000000,-0.715900,0.000000,0.000000,-1.522755,0.000000,0.000000,0.000000,0.000000,0.000000,0.000000,0.000000,0.000000,0.000000,0.000000,-0.404282,0.000000,0.000000,-0.976248,0.000000,0.000000,0.000000,0.000000,0.000000,0.000000,0.000000,0.000000,0.000000,0.000000,0.000000,0.000000,0.000000,0.000021,-0.029249,0.000004,-0.000002,-0.072026,0.000000,0.000000,0.000000,0.000000,0.000000,0.000000,0.000000,0.000000,-0.000002,-0.000004,-0.028684,-0.000022,-0.000000,-0.077321,0.000001,0.000000,0.000000,0.000000,0.000000,0.000000,0.000000,-0.000008,0.000003,0.000041,-0.055240,0.000000,-0.000000,-0.146565
4.140000,-0.798357,0.000000,0.000000,-1.673249,0.000000,0.000000,0.000000,0.000000,0.000000,0.000000,0.000000,0.000000,0.000000,0.000000,-0.707246,0.000000,0.000000,-1.519730,0.000000,0.000000,0.000000,0.000000,0.000000,0.000000,0.000000,0.000000,0.000000,0.000000,-0.398570,0.000000,0.000000,-0.972100,0.000000,0.000000,0.000000,0.000000,0.000000,0.000000,0.000000,0.000000,0.000000,0.000000,0.000000,0.000000,0.000000,0.000021,-0.028942,0.000004,-0.000002,-0.072022,0.000000,0.000000,0.000000,0.000000,0.000000,0.000000,0.000000,0.000000,-0.000002,-0.000004,-0.028377,-0.000022,-0.000000,-0.077317,0.000001,0.000000,0.000000,0.000000,0.000000,0.000000,0.000000,-0.000008,0.000003,0.000040,-0.054657,0.000000,-0.000000,-0.146557
4.150000,-0.788732,0.000000,0.000000,-1.670349,0.000000,0.000000,-0.000000,0.000000,-0.000000,0.000000,0.000000,-0.000000,-0.000000,0.000000,-0.698528,0.000000,0.000000,-1.516651,0.000000,0.000000,0.000000,0.000000,0.000000,0.000000,0.000000,0.000000,0.000000,0.000000,-0.392830,0.000000,0.000000,-0.967872,0.000000,0.000000,0.000000,0.000000,0.000000,0.000000,0.000000,0.000000,0.000000,0.000000,0.000000,0.000000,0.000000,0.000021,-0.028634,0.000004,-0.000002,-0.072018,0.000000,0.000000,0.000000,0.000000,0.000000,0.000000,0.000000,0.000000,-0.000002,-0.000004,-0.028070,-0.000022,-0.000000,-0.077313,0.000001,-0.000000,-0.000000,-0.000000,-0.000000,-0.000000,-0.000000,-0.000008,0.000003,0.000040,-0.054073,0.000000,-0.000000,-0.146550
4.160000,-0.779035,0.000000,0.000000,-1.667400,0.000000,0.000000,0.000000,0.000000,0.000000,0.000000,0.000000,0.000000,0.000000,0.000000,-0.689749,0.000000,0.000000,-1.513515,0.000000,0.000000,0.000000,0.000000,0.000000,0.000000,0.000000,0.000000,0.000000,0.000000,-0.387063,0.000000,0.000000,-0.963562,0.000000,0.000000,0.000000,0.000000,0.000000,0.000000,0.000000,0.000000,0.000000,0.000000,0.000000,0.000000,0.000000,0.000020,-0.028325,0.000004,-0.000002,-0.072014,0.000000,0.000000,0.000000,0.000000,0.000000,0.000000,0.000000,0.000000,-0.000002,-0.000004,-0.027761,-0.000021,-0.000000,-0.077309,0.000001,0.000000,0.000000,0.000000,0.000000,0.000000,0.000000,-0.000008,0.000003,0.000039,-0.053486,0.000000,-0.000000,-0.146542
4.170000,-0.769266,0.000000,0.000000,-1.664399,0.000000,0.000000,0.000000,0.000000,0.000000,0.000000,0.000000,0.000000,0.000000,0.000000,-0.680909,0.000000,0.000000,-1.510320,0.000000,0.000000,0.000000,0.000000,0.000000,0.000000,0.000000,0.000000,0.000000,0.000000,-0.381268,0.000000,0.000000,-0.959167,0.000000,0.000000,0.000000,0.000000,0.000000,0.000000,0.000000,0.000000,0.000000,0.000000,0.000000,0.000000,0.000000,0.000020,-0.028015,0.000004,-0.000002,-0.072010,0.000000,0.000000,0.000000,0.000000,0.000000,0.000000,0.000000,0.000000,-0.000002,-0.000004,-0.027451,-0.000021,-0.000000,-0.077306,0.000001,0.000000,0.000000,0.000000,0.000000,0.000000,0.000000,-0.000008,0.000003,0.000039,-0.052897,0.000000,-0.000000,-0.146534
4.180000,-0.759427,0.000000,0.000000,-1.661345,0.000000,0.000000,0.000000,0.000000,0.000000,0.000000,0.000000,0.000000,0.000000,0.000000,-0.672010,0.000000,0.000000,-1.507063,0.000000,0.000000,0.000000,0.000000,0.000000,0.000000,0.000000,0.000000,0.000000,0.000000,-0.375448,0.000000,0.000000,-0.954684,0.000000,0.000000,0.000000,0.000000,0.000000,0.000000,0.000000,0.000000,0.000000,0.000000,0.000000,0.000000,0.000000,0.000020,-0.027703,0.000004,-0.000002,-0.072007,0.000000,0.000000,0.000000,0.000000,0.000000,0.000000,0.000000,0.000000,-0.000002,-0.000004,-0.027140,-0.000021,-0.000000,-0.077302,0.000001,0.000000,0.000000,0.000000,0.000000,0.000000,0.000000,-0.000008,0.000003,0.000038,-0.052305,0.000000,-0.000000,-0.146526
4.190000,-0.749520,0.000000,0.000000,-1.658234,0.000000,0.000000,0.000000,0.000000,0.000000,0.000000,0.000000,0.000000,0.000000,0.000000,-0.663053,0.000000,0.000000,-1.503741,0.000000,0.000000,0.000000,0.000000,0.000000,0.000000,0.000000,0.000000,0.000000,0.000000,-0.369602,0.000000,0.000000,-0.950112,0.000000,0.000000,0.000000,0.000000,0.000000,0.000000,0.000000,0.000000,0.000000,0.000000,0.000000,0.000000,0.000000,0.000020,-0.027390,0.000004,-0.000001,-0.072003,0.000000,0.000000,0.000000,0.000000,0.000000,0.000000,0.000000,0.000000,-0.000002,-0.000004,-0.026828,-0.000021,-0.000000,-0.077298,0.000001,0.000000,0.000000,0.000000,0.000000,0.000000,0.000000,-0.000007,0.000003,0.000038,-0.051712,0.000000,-0.000000,-0.146519
4.200000,-0.739545,0.000000,0.000000,-1.655063,0.000000,0.000000,-0.000000,0.000000,-0.000000,0.000000,0.000000,-0.000000,-0.000000,0.000000,-0.654039,0.000000,0.000000,-1.500350,0.000000,0.000000,0.000000,0.000000,0.000000,0.000000,0.000000,0.000000,0.000000,0.000000,-0.363732,0.000000,0.000000,-0.945446,0.000000,0.000000,0.000000,0.000000,0.000000,0.000000,0.000000,0.000000,0.000000,0.000000,0.000000,0.000000,0.000000,0.000019,-0.027076,0.000004,-0.000001,-0.071999,0.000000,0.000000,0.000000,0.000000,0.000000,0.000000,0.000000,0.000000,-0.000002,-0.000004,-0.026514,-0.000020,-0.000000,-0.077294,0.000001,-0.000000,-0.000000,-0.000000,-0.000000,-0.000000,-0.000000,-0.000007,0.000003,0.000037,-0.051116,0.000000,-0.000000,-0.146511
4.210000,-0.729504,0.000000,0.000000,-1.651830,0.000000,0.000000,0.000000,0.000000,0.000000,0.000000,0.000000,0.000000,0.000000,0.000000,-0.644969,0.000000,0.000000,-1.496887,0.000000,0.000000,0.000000,0.000000,0.000000,0.000000,0.000000,0.000000,0.000000,0.000000,-0.357840,0.000000,0.000000,-0.940685,0.000000,0.000000,0.000000,0.000000,0.000000,0.000000,0.000000,0.000000,0.000000,0.000000,0.000000,0.000000,0.000000,0.000019,-0.026760,0.000004,-0.000001,-0.071995,0.000000,0.000000,0.000000,0.000000,0.000000,0.000000,0.000000,0.000000,-0.000001,-0.000004,-0.026200,-0.000020,-0.000000,-0.077290,0.000001,0.000000,0.000000,0.000000,0.000000,0.000000,0.000000,-0.000007,0.000003,0.000037,-0.050518,0.000000,-0.000000,-0.146503
4.220000,-0.719400,0.000000,0.000000,-1.648530,0.000000,0.000000,0.000000,0.000000,0.000000,0.000000,0.000000,0.000000,0.000000,0.000000,-0.635845,0.000000,0.000000,-1.493348,0.000000,0.000000,0.000000,0.000000,0.000000,0.000000,0.000000,0.000000,0.000000,0.000000,-0.351925,0.000000,0.000000,-0.935826,0.000000,0.000000,0.000000,0.000000,0.000000,0.000000,0.000000,0.000000,0.000000,0.000000,0.000000,0.000000,0.000000,0.000019,-0.026444,0.000004,-0.000001,-0.071991,0.000000,0.000000,0.000000,0.000000,0.000000,0.000000,0.000000,0.000000,-0.000001,-0.000004,-0.025884,-0.000020,-0.000000,-0.077286,0.000001,0.000000,0.000000,0.000000,0.000000,0.000000,0.000000,-0.000007,0.000003,0.000036,-0.049918,0.000000,-0.000000,-0.146495
4.230000,-0.709233,0.000000,0.000000,-1.645161,0.000000,0.000000,0.000000,0.000000,0.000000,0.000000,0.000000,0.000000,0.000000,0.000000,-0.626668,0.000000,0.000000,-1.489730,0.000000,0.000000,0.000000,0.000000,0.000000,0.000000,0.000000,0.000000,0.000000,0.000000,-0.345990,0.000000,0.000000,-0.930865,0.000000,0.000000,0.000000,0.000000,0.000000,0.000000,0.000000,0.000000,0.000000,0.000000,0.000000,0.000000,0.000000,0.000019,-0.026126,0.000003,-0.000001,-0.071987,0.000000,0.000000,0.000000,0.000000,0.000000,0.000000,0.000000,0.000000,-0.000001,-0.000004,-0.025567,-0.000019,-0.000000,-0.077282,0.000001,0.000000,0.000000,0.000000,0.000000,0.000000,0.000000,-0.000007,0.000003,0.000036,-0.049316,0.000000,-0.000000,-0.146487
4.240000,-0.699005,0.000000,0.000000,-1.641718,0.000000,0.000000,0.000000,0.000000,0.000000,0.000000,0.000000,0.000000,0.000000,0.000000,-0.617439,0.000000,0.000000,-1.486028,0.000000,0.000000,0.000000,0.000000,0.000000,0.000000,0.000000,0.000000,0.000000,0.000000,-0.340034,0.000000,0.000000,-0.925800,0.000000,0.000000,0.000000,0.000000,0.000000,0.000000,0.000000,0.000000,0.000000,0.000000,0.000000,0.000000,0.000000,0.000018,-0.025807,0.000003,-0.000001,-0.071983,0.000000,0.000000,0.000000,0.000000,0.000000,0.000000,0.000000,0.000000,-0.000001,-0.000004,-0.025250,-0.000019,-0.000000,-0.077278,0.000001,0.000000,0.000000,0.000000,0.000000,0.000000,0.000000,-0.000007,0.000003,0.000035,-0.048712,0.000000,-0.000000,-0.146479
4.250000,-0.688718,0.000000,0.000000,-1.638196,0.000000,0.000000,-0.000000,0.000000,-0.000000,0.000000,0.000000,-0.000000,-0.000000,0.000000,-0.608161,0.000000,0.000000,-1.482238,0.000000,0.000000,0.000000,0.000000,0.000000,0.000000,0.000000,0.000000,0.000000,0.000000,-0.334061,0.000000,0.000000,-0.920628,0.000000,0.000000,0.000000,0.000000,0.000000,0.000000,0.000000,0.000000,0.000000,0.000000,0.000000,0.000000,0.000000,0.000018,-0.025486,0.000003,-0.000001,-0.071979,0.000000,0.000000,0.000000,0.000000,0.000000,0.000000,0.000000,0.000000,-0.000001,-0.000004,-0.024931,-0.000019,-0.000000,-0.077274,0.000001,-0.000000,-0.000000,-0.000000,-0.000000,-0.000000,-0.000000,-0.000007,0.000003,0.000035,-0.048106,0.000000,-0.000000,-0.146471
4.260000,-0.678374,0.000000,0.000000,-1.634591,0.000000,0.000000,0.000000,0.000000,0.000000,0.000000,0.000000,0.000000,0.000000,0.000000,-0.598834,0.000000,0.000000,-1.478354,0.000000,0.000000,0.000000,0.000000,0.000000,0.000000,0.000000,0.000000,0.000000,0.000000,-0.328069,0.000000,0.000000,-0.915345,0.000000,0.000000,0.000000,0.000000,0.000000,0.000000,0.000000,0.000000,0.000000,0.000000,0.000000,0.000000,0.000000,0.000018,-0.025165,0.000003,-0.000001,-0.071974,0.000000,0.000000,0.000000,0.000000,0.000000,0.000000,0.000000,0.000000,-0.000001,-0.000004,-0.024611,-0.000019,-0.000000,-0.077270,0.000001,0.000000,0.000000,0.000000,0.000000,0.000000,0.000000,-0.000007,0.000003,0.000034,-0.047497,0.000000,-0.000000,-0.146463
4.270000,-0.667974,0.000000,0.000000,-1.630898,0.000000,0.000000,0.000000,0.000000,0.000000,0.000000,0.000000,0.000000,0.000000,0.000000,-0.589460,0.000000,0.000000,-1.474371,0.000000,0.000000,0.000000,0.000000,0.000000,0.000000,0.000000,0.000000,0.000000,0.000000,-0.322062,0.000000,0.000000,-0.909948,0.000000,0.000000,0.000000,0.000000,0.000000,0.000000,0.000000,0.000000,0.000000,0.000000,0.000000,0.000000,0.000000,0.000017,-0.024842,0.000003,-0.000001,-0.071970,0.000000,0.000000,0.000000,0.000000,0.000000,0.000000,0.000000,0.000000,-0.000001,-0.000004,-0.024290,-0.000018,-0.000000,-0.077265,0.000001,0.000000,0.000000,0.000000,0.000000,0.000000,0.000000,-0.000007,0.000003,0.000034,-0.046887,0.000000,-0.000000,-0.146455
4.280000,-0.657521,0.000000,0.000000,-1.627111,0.000000,0.000000,0.000000,0.000000,0.000000,0.000000,0.000000,0.000000,0.000000,0.000000,-0.580041,0.000000,0.000000,-1.470283,0.000000,0.000000,0.000000,0.000000,0.000000,0.000000,0.000000,0.000000,0.000000,0.000000,-0.316040,0.000000,0.000000,-0.904433,0.000000,0.000000,0.000000,0.000000,0.000000,0.000000,0.000000,0.000000,0.000000,0.000000,0.000000,0.000000,0.000000,0.000017,-0.024518,0.000003,-0.000001,-0.071966,0.000000,0.000000,0.000000,0.000000,0.000000,0.000000,0.000000,0.000000,-0.000001,-0.000004,-0.023968,-0.000018,-0.000000,-0.077261,0.000001,0.000000,0.000000,0.000000,0.000000,0.000000,0.000000,-0.000007,0.000003,0.000033,-0.046274,0.000000,-0.000000,-0.146447
4.290000,-0.647015,0.000000,0.000000,-1.623224,0.000000,0.000000,0.000000,0.000000,0.000000,0.000000,0.000000,0.000000,0.000000,0.000000,-0.570577,0.000000,0.000000,-1.466085,0.000000,0.000000,0.000000,0.000000,0.000000,0.000000,0.000000,0.000000,0.000000,0.000000,-0.310004,0.000000,0.000000,-0.898798,0.000000,0.000000,0.000000,0.000000,0.000000,0.000000,0.000000,0.000000,0.000000,0.000000,0.000000,0.000000,0.000000,0.000017,-0.024193,0.000003,-0.000001,-0.071962,0.000000,0.000000,0.000000,0.000000,0.000000,0.000000,0.000000,0.000000,-0.000001,-0.000004,-0.023645,-0.000018,-0.000000,-0.077257,0.000001,0.000000,0.000000,0.000000,0.000000,0.000000,0.000000,-0.000006,0.000003,0.000033,-0.045660,0.000000,-0.000000,-0.146439
4.300000,-0.636459,0.000000,0.000000,-1.619230,0.000000,0.000000,-0.000000,0.000000,-0.000000,0.000000,0.000000,-0.000000,-0.000000,0.000000,-0.561072,0.000000,0.000000,-1.461770,0.000000,0.000000,0.000000,0.000000,0.000000,0.000000,0.000000,0.000000,0.000000,0.000000,-0.303956,0.000000,0.000000,-0.893038,0.000000,0.000000,0.000000,0.000000,0.000000,0.000000,0.000000,0.000000,0.000000,0.000000,0.000000,0.000000,0.000000,0.000017,-0.023867,0.000003,-0.000001,-0.071958,0.000000,0.000000,0.000000,0.000000,0.000000,0.000000,0.000000,0.000000,-0.000001,-0.000003,-0.023320,-0.000018,-0.000000,-0.077253,0.000001,-0.000000,-0.000000,-0.000000,-0.000000,-0.000000,-0.000000,-0.000006,0.000003,0.000032,-0.045043,0.000000,-0.000000,-0.146431
4.310000,-0.625855,0.000000,0.000000,-1.615123,0.000000,0.000000,0.000000,0.000000,0.000000,0.000000,0.000000,0.000000,0.000000,0.000000,-0.551525,0.000000,0.000000,-1.457331,0.000000,0.000000,0.000000,0.000000,0.000000,0.000000,0.000000,0.000000,0.000000,0.000000,-0.297898,0.000000,0.000000,-0.887151,0.000000,0.000000,0.000000,0.000000,0.000000,0.000000,0.000000,0.000000,0.000000,0.000000,0.000000,0.000000,0.000000,0.000016,-0.023540,0.000003,-0.000001,-0.071954,0.000000,0.000000,0.000000,0.000000,0.000000,0.000000,0.000000,0.000000,-0.000001,-0.000003,-0.022995,-0.000017,-0.000000,-0.077249,0.000001,0.000000,0.000000,0.000000,0.000000,0.000000,0.000000,-0.000006,0.000003,0.000032,-0.044425,0.000000,-0.000000,-0.146423
4.320000,-0.615205,0.000000,0.000000,-1.610895,0.000000,0.000000,0.000000,0.000000,0.000000,0.000000,0.000000,0.000000,0.000000,0.000000,-0.541939,0.000000,0.000000,-1.452761,0.000000,0.000000,0.000000,0.000000,0.000000,0.000000,0.000000,0.000000,0.000000,0.000000,-0.291830,0.000000,0.000000,-0.881131,0.000000,0.000000,0.000000,0.000000,0.000000,0.000000,0.000000,0.000000,0.000000,0.000000,0.000000,0.000000,0.000000,0.000016,-0.023212,0.000003,-0.000001,-0.071950,0.000000,0.000000,0.000000,0.000000,0.000000,0.000000,0.000000,0.000000,-0.000001,-0.000003,-0.022669,-0.000017,-0.000000,-0.077245,0.000000,0.000000,0.000000,0.000000,0.000000,0.000000,0.000000,-0.000006,0.000002,0.000031,-0.043804,0.000000,-0.000000,-0.146415
4.330000,-0.604509,0.000000,0.000000,-1.606537,0.000000,0.000000,0.000000,0.000000,0.000000,0.000000,0.000000,0.000000,0.000000,0.000000,-0.532316,0.000000,0.000000,-1.448051,0.000000,0.000000,0.000000,0.000000,0.000000,0.000000,0.000000,0.000000,0.000000,0.000000,-0.285754,0.000000,0.000000,-0.874976,0.000000,0.000000,0.000000,0.000000,0.000000,0.000000,0.000000,0.000000,0.000000,0.000000,0.000000,0.000000,0.000000,0.000016,-0.022882,0.000003,-0.000001,-0.071946,0.000000,0.000000,0.000000,0.000000,0.000000,0.000000,0.000000,0.000000,-0.000001,-0.000003,-0.022342,-0.000017,-0.000000,-0.077241,0.000000,0.000000,0.000000,0.000000,0.000000,0.000000,0.000000,-0.000006,0.000002,0.000031,-0.043182,0.000000,-0.000000,-0.146407
4.340000,-0.593772,0.000000,0.000000,-1.602041,0.000000,0.000000,0.000000,0.000000,0.000000,0.000000,0.000000,0.000000,0.000000,0.000000,-0.522656,0.000000,0.000000,-1.443193,0.000000,0.000000,0.000000,0.000000,0.000000,0.000000,0.000000,0.000000,0.000000,0.000000,-0.279672,0.000000,0.000000,-0.868682,0.000000,0.000000,0.000000,0.000000,0.000000,0.000000,0.000000,0.000000,0.000000,0.000000,0.000000,0.000000,0.000000,0.000016,-0.022552,0.000003,-0.000001,-0.071941,0.000000,0.000000,0.000000,0.000000,0.000000,0.000000,0.000000,0.000000,-0.000001,-0.000003,-0.022014,-0.000016,-0.000000,-0.077237,0.000000,0.000000,0.000000,0.000000,0.000000,0.000000,0.000000,-0.000006,0.000002,0.000030,-0.042557,0.000000,-0.000000,-0.146398
4.350000,-0.582993,0.000000,0.000000,-1.597397,0.000000,0.000000,-0.000000,0.000000,-0.000000,0.000000,0.000000,-0.000000,-0.000000,0.000000,-0.512962,0.000000,0.000000,-1.438179,0.000000,0.000000,0.000000,0.000000,0.000000,0.000000,0.000000,0.000000,0.000000,0.000000,-0.273585,0.000000,0.000000,-0.862244,0.000000,0.000000,0.000000,0.000000,0.000000,0.000000,0.000000,0.000000,0.000000,0.000000,0.000000,0.000000,0.000000,0.000015,-0.022220,0.000003,-0.000001,-0.071937,0.000000,0.000000,0.000000,0.000000,0.000000,0.000000,0.000000,0.000000,-0.000001,-0.000003,-0.021685,-0.000016,-0.000000,-0.077232,0.000000,-0.000000,-0.000000,-0.000000,-0.000000,-0.000000,-0.000000,-0.000006,0.000002,0.000030,-0.041931,0.000000,-0.000000,-0.146390
4.360000,-0.572176,0.000000,0.000000,-1.592594,0.000000,0.000000,0.000000,0.000000,0.000000,0.000000,0.000000,0.000000,0.000000,0.000000,-0.503236,0.000000,0.000000,-1.432998,0.000000,0.000000,0.000000,0.000000,0.000000,0.000000,0.000000,0.000000,0.000000,0.000000,-0.267496,0.000000,0.000000,-0.855659,0.000000,0.000000,0.000000,0.000000,0.000000,0.000000,0.000000,0.000000,0.000000,0.000000,0.000000,0.000000,0.000000,0.000015,-0.021887,0.000003,-0.000001,-0.071933,0.000000,0.000000,0.000000,0.000000,0.000000,0.000000,0.000000,0.000000,-0.000001,-0.000003,-0.021355,-0.000016,-0.000000,-0.077228,0.000000,0.000000,0.000000,0.000000,0.000000,0.000000,0.000000,-0.000006,0.000002,0.000029,-0.041303,0.000000,-0.000000,-0.146382
4.370000,-0.561322,0.000000,0.000000,-1.587623,0.000000,0.000000,0.000000,0.000000,0.000000,0.000000,0.000000,0.000000,0.000000,0.000000,-0.493479,0.000000,0.000000,-1.427641,0.000000,0.000000,0.000000,0.000000,0.000000,0.000000,0.000000,0.000000,0.000000,0.000000,-0.261405,0.000000,0.000000,-0.848922,0.000000,0.000000,0.000000,0.000000,0.000000,0.000000,0.000000,0.000000,0.000000,0.000000,0.000000,0.000000,0.000000,0.000015,-0.021554,0.000003,-0.000001,-0.071929,0.000000,0.000000,0.000000,0.000000,0.000000,0.000000,0.000000,0.000000,-0.000001,-0.000003,-0.021023,-0.000016,-0.000000,-0.077224,0.000000,0.000000,0.000000,0.000000,0.000000,0.000000,0.000000,-0.000006,0.000002,0.000029,-0.040673,0.000000,-0.000000,-0.146374
4.380000,-0.550432,0.000000,0.000000,-1.582470,0.000000,0.000000,0.000000,0.000000,0.000000,0.000000,0.000000,0.000000,0.000000,0.000000,-0.483693,0.000000,0.000000,-1.422096,0.000000,0.000000,0.000000,0.000000,0.000000,0.000000,0.000000,0.000000,0.000000,0.000000,-0.255315,0.000000,0.000000,-0.842029,0.000000,0.000000,0.000000,0.000000,0.000000,0.000000,0.000000,0.000000,0.000000,0.000000,0.000000,0.000000,0.000000,0.000015,-0.021219,0.000003,-0.000001,-0.071925,0.000000,0.000000,0.000000,0.000000,0.000000,0.000000,0.000000,0.000000,-0.000001,-0.000003,-0.020691,-0.000015,-0.000000,-0.077220,0.000000,0.000000,0.000000,0.000000,0.000000,0.000000,0.000000,-0.000006,0.000002,0.000028,-0.040041,0.000000,-0.000000,-0.146365
4.390000,-0.539510,0.000000,0.000000,-1.577122,0.000000,0.000000,0.000000,0.000000,0.000000,0.000000,0.000000,0.000000,0.000000,0.000000,-0.473879,0.000000,0.000000,-1.416352,0.000000,0.000000,0.000000,0.000000,0.000000,0.000000,0.000000,0.000000,0.000000,0.000000,-0.249228,0.000000,0.000000,-0.834977,0.000000,0.000000,0.000000,0.000000,0.000000,0.000000,0.000000,0.000000,0.000000,0.000000,0.000000,0.000000,0.000000,0.000014,-0.020883,0.000003,-0.000001,-0.071920,0.000000,0.000000,0.000000,0.000000,0.000000,0.000000,0.000000,0.000000,-0.000001,-0.000003,-0.020358,-0.000015,-0.000000,-0.077216,0.000000,0.000000,0.000000,0.000000,0.000000,0.000000,0.000000,-0.000005,0.000002,0.000028,-0.039408,0.000000,-0.000000,-0.146357
4.400000,-0.528557,0.000000,0.000000,-1.571567,0.000000,0.000000,-0.000000,0.000000,-0.000000,0.000000,0.000000,-0.000000,-0.000000,0.000000,-0.464040,0.000000,0.000000,-1.410398,0.000000,0.000000,0.000000,0.000000,0.000000,0.000000,0.000000,0.000000,0.000000,0.000000,-0.243145,0.000000,0.000000,-0.827760,0.000000,0.000000,0.000000,0.000000,0.000000,0.000000,0.000000,0.000000,0.000000,0.000000,0.000000,0.000000,0.000000,0.000014,-0.020546,0.000003,-0.000001,-0.071916,0.000000,0.000000,0.000000,0.000000,0.000000,0.000000,0.000000,0.000000,-0.000001,-0.000003,-0.020025,-0.000015,-0.000000,-0.077211,0.000000,-0.000000,-0.000000,-0.000000,-0.000000,-0.000000,-0.000000,-0.000005,0.000002,0.000027,-0.038772,0.000000,-0.000000,-0.146349
4.410000,-0.517575,0.000000,0.000000,-1.565790,0.000000,0.000000,0.000000,0.000000,0.000000,0.000000,0.000000,0.000000,0.000000,0.000000,-0.454177,0.000000,0.000000,-1.404219,0.000000,0.000000,0.000000,0.000000,0.000000,0.000000,0.000000,0.000000,0.000000,0.000000,-0.237068,0.000000,0.000000,-0.820375,0.000000,0.000000,0.000000,0.000000,0.000000,0.000000,0.000000,0.000000,0.000000,0.000000,0.000000,0.000000,0.000000,0.000014,-0.020208,0.000003,-0.000001,-0.071912,0.000000,0.000000,0.000000,0.000000,0.000000,0.000000,0.000000,0.000000,-0.000001,-0.000003,-0.019690,-0.000015,-0.000000,-0.077207,0.000000,0.000000,0.000000,0.000000,0.000000,0.000000,0.000000,-0.000005,0.000002,0.000027,-0.038135,0.000000,-0.000000,-0.146340
4.420000,-0.506567,0.000000,0.000000,-1.559774,0.000000,0.000000,0.000000,0.000000,0.000000,0.000000,0.000000,0.000000,0.000000,0.000000,-0.444293,0.000000,0.000000,-1.397802,0.000000,0.000000,0.000000,0.000000,0.000000,0.000000,0.000000,0.000000,0.000000,0.000000,-0.230999,0.000000,0.000000,-0.812816,0.000000,0.000000,0.000000,0.000000,0.000000,0.000000,0.000000,0.000000,0.000000,0.000000,0.000000,0.000000,0.000000,0.000014,-0.019869,0.000003,-0.000001,-0.071908,0.000000,0.000000,0.000000,0.000000,0.000000,0.000000,0.000000,0.000000,-0.000001,-0.000003,-0.019354,-0.000014,-0.000000,-0.077203,0.000000,0.000000,0.000000,0.000000,0.000000,0.000000,0.000000,-0.000005,0.000002,0.000026,-0.037496,0.000000,-0.000000,-0.146332
4.430000,-0.495533,0.000000,0.000000,-1.553502,0.000000,0.000000,0.000000,0.000000,0.000000,0.000000,0.000000,0.000000,0.000000,0.000000,-0.434389,0.000000,0.000000,-1.391132,0.000000,0.000000,0.000000,0.000000,0.000000,0.000000,0.000000,0.000000,0.000000,0.000000,-0.224941,0.000000,0.000000,-0.805080,0.000000,0.000000,0.000000,0.000000,0.000000,0.000000,0.000000,0.000000,0.000000,0.000000,0.000000,0.000000,0.000000,0.000013,-0.019529,0.000003,-0.000001,-0.071903,0.000000,0.000000,0.000000,0.000000,0.000000,0.000000,0.000000,0.000000,-0.000001,-0.000003,-0.019018,-0.000014,-0.000000,-0.077199,0.000000,0.000000,0.000000,0.000000,0.000000,0.000000,0.000000,-0.000005,0.000002,0.000026,-0.036856,0.000000,-0.000000,-0.146324
4.440000,-0.484476,0.000000,0.000000,-1.546957,0.000000,0.000000,0.000000,0.000000,0.000000,0.000000,0.000000,0.000000,0.000000,0.000000,-0.424467,0.000000,0.000000,-1.384195,0.000000,0.000000,0.000000,0.000000,0.000000,0.000000,0.000000,0.000000,0.000000,0.000000,-0.218896,0.000000,0.000000,-0.797163,0.000000,0.000000,0.000000,0.000000,0.000000,0.000000,0.000000,0.000000,0.000000,0.000000,0.000000,0.000000,0.000000,0.000013,-0.019189,0.000002,-0.000001,-0.071899,0.000000,0.000000,0.000000,0.000000,0.000000,0.000000,0.000000,0.000000,-0.000001,-0.000003,-0.018680,-0.000014,-0.000000,-0.077194,0.000000,0.000000,0.000000,0.000000,0.000000,0.000000,0.000000,-0.000005,0.000002,0.000025,-0.036213,0.000000,-0.000000,-0.146315
4.450000,-0.473398,0.000000,0.000000,-1.540119,0.000000,0.000000,-0.000000,0.000000,-0.000000,0.000000,0.000000,-0.000000,-0.000000,0.000000,-0.414529,0.000000,0.000000,-1.376973,0.000000,0.000000,0.000000,0.000000,0.000000,0.000000,0.000000,0.000000,0.000000,0.000000,-0.212866,0.000000,0.000000,-0.789059,0.000000,0.000000,0.000000,0.000000,0.000000,0.000000,0.000000,0.000000,0.000000,0.000000,0.000000,0.000000,0.000000,0.000013,-0.018847,0.000002,-0.000001,-0.071895,0.000000,0.000000,0.000000,0.000000,0.000000,0.000000,0.000000,0.000000,-0.000001,-0.000003,-0.018342,-0.000014,-0.000000,-0.077190,0.000000,-0.000000,-0.000000,-0.000000,-0.000000,-0.000000,-0.000000,-0.000005,0.000002,0.000025,-0.035569,0.000000,-0.000000,-0.146307
4.460000,-0.462302,0.000000,0.000000,-1.532968,0.000000,0.000000,0.000000,0.000000,0.000000,0.000000,0.000000,0.000000,0.000000,0.000000,-0.404577,0.000000,0.000000,-1.369450,0.000000,0.000000,0.000000,0.000000,0.000000,0.000000,0.000000,0.000000,0.000000,0.000000,-0.206853,0.000000,0.000000,-0.780764,0.000000,0.000000,0.000000,0.000000,0.000000,0.000000,0.000000,0.000000,0.000000,0.000000,0.000000,0.000000,0.000000,0.000013,-0.018504,0.000002,-0.000001,-0.071890,0.000000,0.000000,0.000000,0.000000,0.000000,0.000000,0.000000,0.000000,-0.000001,-0.000003,-0.018003,-0.000013,-0.000000,-0.077186,0.000000,0.000000,0.000000,0.000000,0.000000,0.000000,0.000000,-0.000005,0.000002,0.000024,-0.034924,0.000000,-0.000000,-0.146298
4.470000,-0.451188,0.000000,0.000000,-1.525480,0.000000,0.000000,0.000000,0.000000,0.000000,0.000000,0.000000,0.000000,0.000000,0.000000,-0.394614,0.000000,0.000000,-1.361607,0.000000,0.000000,0.000000,0.000000,0.000000,0.000000,0.000000,0.000000,0.000000,0.000000,-0.200860,0.000000,0.000000,-0.772274,0.000000,0.000000,0.000000,0.000000,0.000000,0.000000,0.000000,0.000000,0.000000,0.000000,0.000000,0.000000,0.000000,0.000012,-0.018160,0.000002,-0.000001,-0.071886,0.000000,0.000000,0.000000,0.000000,0.000000,0.000000,0.000000,0.000000,-0.000001,-0.000003,-0.017663,-0.000013,-0.000000,-0.077182,0.000000,0.000000,0.000000,0.000000,0.000000,0.000000,0.000000,-0.000005,0.000002,0.000024,-0.034276,0.000000,-0.000000,-0.146290
4.480000,-0.440061,0.000000,0.000000,-1.517634,0.000000,0.000000,0.000000,0.000000,0.000000,0.000000,0.000000,0.000000,0.000000,0.000000,-0.384642,0.000000,0.000000,-1.353425,0.000000,0.000000,0.000000,0.000000,0.000000,0.000000,0.000000,0.000000,0.000000,0.000000,-0.194889,0.000000,0.000000,-0.763584,0.000000,0.000000,0.000000,0.000000,0.000000,0.000000,0.000000,0.000000,0.000000,0.000000,0.000000,0.000000,0.000000,0.000012,-0.017816,0.000002,-0.000001,-0.071882,0.000000,0.000000,0.000000,0.000000,0.000000,0.000000,0.000000,0.000000,-0.000001,-0.000003,-0.017322,-0.000013,-0.000000,-0.077177,0.000000,0.000000,0.000000,0.000000,0.000000,0.000000,0.000000,-0.000005,0.000002,0.000023,-0.033628,0.000000,-0.000000,-0.146281
4.490000,-0.428920,0.000000,0.000000,-1.509403,0.000000,0.000000,0.000000,0.000000,0.000000,0.000000,0.000000,0.000000,0.000000,0.000000,-0.374662,0.000000,0.000000,-1.344884,0.000000,0.000000,0.000000,0.000000,0.000000,0.000000,0.000000,0.000000,0.000000,0.000000,-0.188943,0.000000,0.000000,-0.754689,0.000000,0.000000,0.000000,0.000000,0.000000,0.000000,0.000000,0.000000,0.000000,0.000000,0.000000,0.000000,0.000000,0.000012,-0.017470,0.000002,-0.000001,-0.071877,0.000000,0.000000,0.000000,0.000000,0.000000,0.000000,0.000000,0.000000,-0.000001,-0.000002,-0.016980,-0.000012,-0.000000,-0.077173,0.000000,0.000000,0.000000,0.000000,0.000000,0.000000,0.000000,-0.000004,0.000002,0.000023,-0.032977,0.000000,-0.000000,-0.146273
4.500000,-0.417770,0.000000,0.000000,-1.500761,0.000000,0.000000,-0.000000,0.000000,-0.000000,0.000000,0.000000,-0.000000,-0.000000,0.000000,-0.364678,0.000000,0.000000,-1.335963,0.000000,0.000000,0.000000,0.000000,0.000000,0.000000,0.000000,0.000000,0.000000,0.000000,-0.183024,0.000000,0.000000,-0.745586,0.000000,0.000000,0.000000,0.000000,0.000000,0.000000,0.000000,0.000000,0.000000,0.000000,0.000000,0.000000,0.000000,0.000012,-0.017124,0.000002,-0.000001,-0.071873,0.000000,0.000000,0.000000,0.000000,0.000000,0.000000,0.000000,0.000000,-0.000001,-0.000002,-0.016638,-0.000012,-0.000000,-0.077169,0.000000,-0.000000,-0.000000,-0.000000,-0.000000,-0.000000,-0.000000,-0.000004,0.000002,0.000022,-0.032325,0.000000,-0.000000,-0.146264
4.510000,-0.406612,0.000000,0.000000,-1.491680,0.000000,0.000000,0.000000,0.000000,0.000000,0.000000,0.000000,0.000000,0.000000,0.000000,-0.354693,0.000000,0.000000,-1.326640,0.000000,0.000000,0.000000,0.000000,0.000000,0.000000,0.000000,0.000000,0.000000,0.000000,-0.177136,0.000000,0.000000,-0.736270,0.000000,0.000000,0.000000,0.000000,0.000000,0.000000,0.000000,0.000000,0.000000,0.000000,0.000000,0.000000,0.000000,0.000011,-0.016777,0.000002,-0.000001,-0.071869,0.000000,0.000000,0.000000,0.000000,0.000000,0.000000,0.000000,0.000000,-0.000001,-0.000002,-0.016295,-0.000012,-0.000000,-0.077164,0.000000,0.000000,0.000000,0.000000,0.000000,0.000000,0.000000,-0.000004,0.000002,0.000022,-0.031672,0.000000,-0.000000,-0.146255
4.520000,-0.395449,0.000000,0.000000,-1.482130,0.000000,0.000000,0.000000,0.000000,0.000000,0.000000,0.000000,0.000000,0.000000,0.000000,-0.344707,0.000000,0.000000,-1.316892,0.000000,0.000000,0.000000,0.000000,0.000000,0.000000,0.000000,0.000000,0.000000,0.000000,-0.171280,0.000000,0.000000,-0.726736,0.000000,0.000000,0.000000,0.000000,0.000000,0.000000,0.000000,0.000000,0.000000,0.000000,0.000000,0.000000,0.000000,0.000011,-0.016428,0.000002,-0.000001,-0.071864,0.000000,0.000000,0.000000,0.000000,0.000000,0.000000,0.000000,0.000000,-0.000001,-0.000002,-0.015951,-0.000012,-0.000000,-0.077160,0.000000,0.000000,0.000000,0.000000,0.000000,0.000000,0.000000,-0.000004,0.000002,0.000021,-0.031017,0.000000,-0.000000,-0.146247
4.530000,-0.384283,0.000000,0.000000,-1.472079,0.000000,0.000000,0.000000,0.000000,0.000000,0.000000,0.000000,0.000000,0.000000,0.000000,-0.334726,0.000000,0.000000,-1.306693,0.000000,0.000000,0.000000,0.000000,0.000000,0.000000,0.000000,0.000000,0.000000,0.000000,-0.165461,0.000000,0.000000,-0.716981,0.000000,0.000000,0.000000,0.000000,0.000000,0.000000,0.000000,0.000000,0.000000,0.000000,0.000000,0.000000,0.000000,0.000011,-0.016080,0.000002,-0.000001,-0.071860,0.000000,0.000000,0.000000,0.000000,0.000000,0.000000,0.000000,0.000000,-0.000001,-0.000002,-0.015606,-0.000011,-0.000000,-0.077155,0.000000,0.000000,0.000000,0.000000,0.000000,0.000000,0.000000,-0.000004,0.000002,0.000021,-0.030360,0.000000,-0.000000,-0.146238
4.540000,-0.373116,0.000000,0.000000,-1.461493,0.000000,0.000000,0.000000,0.000000,0.000000,0.000000,0.000000,0.000000,0.000000,0.000000,-0.324750,0.000000,0.000000,-1.296020,0.000000,0.000000,0.000000,0.000000,0.000000,0.000000,0.000000,0.000000,0.000000,0.000000,-0.159680,0.000000,0.000000,-0.706999,0.000000,0.000000,0.000000,0.000000,0.000000,0.000000,0.000000,0.000000,0.000000,0.000000,0.000000,0.000000,0.000000,0.000011,-0.015730,0.000002,-0.000001,-0.071855,0.000000,0.000000,0.000000,0.000000,0.000000,0.000000,0.000000,0.000000,-0.000001,-0.000002,-0.015261,-0.000011,-0.000000,-0.077151,0.000000,0.000000,0.000000,0.000000,0.000000,0.000000,0.000000,-0.000004,0.000002,0.000020,-0.029702,0.000000,-0.000000,-0.146230
4.550000,-0.361953,0.000000,0.000000,-1.450339,0.000000,0.000000,-0.000000,0.000000,-0.000000,0.000000,0.000000,-0.000000,-0.000000,0.000000,-0.314785,0.000000,0.000000,-1.284845,0.000000,0.000000,0.000000,0.000000,0.000000,0.000000,0.000000,0.000000,0.000000,0.000000,-0.153941,0.000000,0.000000,-0.696788,0.000000,0.000000,0.000000,0.000000,0.000000,0.000000,0.000000,0.000000,0.000000,0.000000,0.000000,0.000000,0.000000,0.000010,-0.015379,0.000002,-0.000001,-0.071851,0.000000,0.000000,0.000000,0.000000,0.000000,0.000000,0.000000,0.000000,-0.000001,-0.000002,-0.014915,-0.000011,-0.000000,-0.077147,0.000000,-0.000000,-0.000000,-0.000000,-0.000000,-0.000000,-0.000000,-0.000004,0.000002,0.000020,-0.029043,0.000000,-0.000000,-0.146221
4.560000,-0.350794,0.000000,0.000000,-1.438577,0.000000,0.000000,0.000000,0.000000,0.000000,0.000000,0.000000,0.000000,0.000000,0.000000,-0.304832,0.000000,0.000000,-1.273141,0.000000,0.000000,0.000000,0.000000,0.000000,0.000000,0.000000,0.000000,0.000000,0.000000,-0.148247,0.000000,0.000000,-0.686342,0.000000,0.000000,0.000000,0.000000,0.000000,0.000000,0.000000,0.000000,0.000000,0.000000,0.000000,0.000000,0.000000,0.000010,-0.015028,0.000002,-0.000001,-0.071846,0.000000,0.000000,0.000000,0.000000,0.000000,0.000000,0.000000,0.000000,-0.000001,-0.000002,-0.014568,-0.000011,-0.000000,-0.077142,0.000000,0.000000,0.000000,0.000000,0.000000,0.000000,0.000000,-0.000004,0.000002,0.000019,-0.028382,0.000000,-0.000000,-0.146212
4.570000,-0.339645,0.000000,0.000000,-1.426169,0.000000,0.000000,0.000000,0.000000,0.000000,0.000000,0.000000,0.000000,0.000000,0.000000,-0.294895,0.000000,0.000000,-1.260879,0.000000,0.000000,0.000000,0.000000,0.000000,0.000000,0.000000,0.000000,0.000000,0.000000,-0.142602,0.000000,0.000000,-0.675659,0.000000,0.000000,0.000000,0.000000,0.000000,0.000000,0.000000,0.000000,0.000000,0.000000,0.000000,0.000000,0.000000,0.000010,-0.014676,0.000002,-0.000001,-0.071842,0.000000,0.000000,0.000000,0.000000,0.000000,0.000000,0.000000,0.000000,-0.000001,-0.000002,-0.014220,-0.000010,-0.000000,-0.077138,0.000000,0.000000,0.000000,0.000000,0.000000,0.000000,0.000000,-0.000004,0.000002,0.000019,-0.027720,0.000000,-0.000000,-0.146204
4.580000,-0.328507,0.000000,0.000000,-1.413075,0.000000,0.000000,0.000000,0.000000,0.000000,0.000000,0.000000,0.000000,0.000000,0.000000,-0.284979,0.000000,0.000000,-1.248030,0.000000,0.000000,0.000000,0.000000,0.000000,0.000000,0.000000,0.000000,0.000000,0.000000,-0.137008,0.000000,0.000000,-0.664734,0.000000,0.000000,0.000000,0.000000,0.000000,0.000000,0.000000,0.000000,0.000000,0.000000,0.000000,0.000000,0.000000,0.000010,-0.014323,0.000002,-0.000001,-0.071838,0.000000,0.000000,0.000000,0.000000,0.000000,0.000000,0.000000,0.000000,-0.000001,-0.000002,-0.013872,-0.000010,-0.000000,-0.077133,0.000000,0.000000,0.000000,0.000000,0.000000,0.000000,0.000000,-0.000004,0.000001,0.000018,-0.027056,0.000000,-0.000000,-0.146195
4.590000,-0.317385,0.000000,0.000000,-1.399251,0.000000,0.000000,0.000000,0.000000,0.000000,0.000000,0.000000,0.000000,0.000000,0.000000,-0.275088,0.000000,0.000000,-1.234565,0.000000,0.000000,0.000000,0.000000,0.000000,0.000000,0.000000,0.000000,0.000000,0.000000,-0.131469,0.000000,0.000000,-0.653565,0.000000,0.000000,0.000000,0.000000,0.000000,0.000000,0.000000,0.000000,0.000000,0.000000,0.000000,0.000000,0.000000,0.000009,-0.013969,0.000002,-0.000001,-0.071833,0.000000,0.000000,0.000000,0.000000,0.000000,0.000000,0.000000,0.000000,-0.000001,-0.000002,-0.013523,-0.000010,-0.000000,-0.077129,0.000000,0.000000,0.000000,0.000000,0.000000,0.000000,0.000000,-0.000003,0.000001,0.000018,-0.026392,0.000000,-0.000000,-0.146186
4.600000,-0.306283,0.000000,0.000000,-1.384652,0.000000,0.000000,-0.000000,0.000000,-0.000000,0.000000,0.000000,-0.000000,-0.000000,0.000000,-0.265225,0.000000,0.000000,-1.220450,0.000000,0.000000,0.000000,0.000000,0.000000,0.000000,0.000000,0.000000,0.000000,0.000000,-0.125989,0.000000,0.000000,-0.642147,0.000000,0.000000,0.000000,0.000000,0.000000,0.000000,0.000000,0.000000,0.000000,0.000000,0.000000,0.000000,0.000000,0.000009,-0.013614,0.000002,-0.000001,-0.071829,0.000000,0.000000,0.000000,0.000000,0.000000,0.000000,0.000000,0.000000,-0.000001,-0.000002,-0.013173,-0.000010,-0.000000,-0.077125,0.000000,-0.000000,-0.000000,-0.000000,-0.000000,-0.000000,-0.000000,-0.000003,0.000001,0.000018,-0.025726,0.000000,-0.000000,-0.146177
4.610000,-0.295204,0.000000,0.000000,-1.369233,0.000000,0.000000,0.000000,0.000000,0.000000,0.000000,0.000000,0.000000,0.000000,0.000000,-0.255395,0.000000,0.000000,-1.205655,0.000000,0.000000,0.000000,0.000000,0.000000,0.000000,0.000000,0.000000,0.000000,0.000000,-0.120571,0.000000,0.000000,-0.630477,0.000000,0.000000,0.000000,0.000000,0.000000,0.000000,0.000000,0.000000,0.000000,0.000000,0.000000,0.000000,0.000000,0.000009,-0.013259,0.000002,-0.000001,-0.071824,0.000000,0.000000,0.000000,0.000000,0.000000,0.000000,0.000000,0.000000,-0.000001,-0.000002,-0.012823,-0.000009,-0.000000,-0.077120,0.000000,0.000000,0.000000,0.000000,0.000000,0.000000,0.000000,-0.000003,0.000001,0.000017,-0.025058,0.000000,-0.000000,-0.146169
4.620000,-0.284154,0.000000,0.000000,-1.352946,0.000000,0.000000,0.000000,0.000000,0.000000,0.000000,0.000000,0.000000,0.000000,0.000000,-0.245603,0.000000,0.000000,-1.190146,0.000000,0.000000,0.000000,0.000000,0.000000,0.000000,0.000000,0.000000,0.000000,0.000000,-0.115219,0.000000,0.000000,-0.618553,0.000000,0.000000,0.000000,0.000000,0.000000,0.000000,0.000000,0.000000,0.000000,0.000000,0.000000,0.000000,0.000000,0.000009,-0.012903,0.000002,-0.000001,-0.071820,0.000000,0.000000,0.000000,0.000000,0.000000,0.000000,0.000000,0.000000,-0.000001,-0.000002,-0.012472,-0.000009,-0.000000,-0.077116,0.000000,0.000000,0.000000,0.000000,0.000000,0.000000,0.000000,-0.000003,0.000001,0.000017,-0.024390,0.000000,-0.000000,-0.146160
4.630000,-0.273137,0.000000,0.000000,-1.335740,0.000000,0.000000,0.000000,0.000000,0.000000,0.000000,0.000000,0.000000,0.000000,0.000000,-0.235855,0.000000,0.000000,-1.173889,0.000000,0.000000,0.000000,0.000000,0.000000,0.000000,0.000000,0.000000,0.000000,0.000000,-0.109937,0.000000,0.000000,-0.606372,0.000000,0.000000,0.000000,0.000000,0.000000,0.000000,0.000000,0.000000,0.000000,0.000000,0.000000,0.000000,0.000000,0.000008,-0.012547,0.000002,-0.000001,-0.071815,0.000000,0.000000,0.000000,0.000000,0.000000,0.000000,0.000000,0.000000,-0.000001,-0.000002,-0.012121,-0.000009,-0.000000,-0.077111,0.000000,0.000000,0.000000,0.000000,0.000000,0.000000,0.000000,-0.000003,0.000001,0.000016,-0.023720,0.000000,-0.000000,-0.146151
4.640000,-0.262159,0.000000,0.000000,-1.317564,0.000000,0.000000,0.000000,0.000000,0.000000,0.000000,0.000000,0.000000,0.000000,0.000000,-0.226157,0.000000,0.000000,-1.156852,0.000000,0.000000,0.000000,0.000000,0.000000,0.000000,0.000000,0.000000,0.000000,0.000000,-0.104728,0.000000,0.000000,-0.593932,0.000000,0.000000,0.000000,0.000000,0.000000,0.000000,0.000000,0.000000,0.000000,0.000000,0.000000,0.000000,0.000000,0.000008,-0.012190,0.000002,-0.000001,-0.071811,0.000000,0.000000,0.000000,0.000000,0.000000,0.000000,0.000000,0.000000,-0.000001,-0.000002,-0.011769,-0.000009,-0.000000,-0.077107,0.000000,0.000000,0.000000,0.000000,0.000000,0.000000,0.000000,-0.000003,0.000001,0.000016,-0.023049,0.000000,-0.000000,-0.146142
4.650000,-0.251226,0.000000,0.000000,-1.298366,0.000000,0.000000,-0.000000,0.000000,-0.000000,0.000000,0.000000,-0.000000,-0.000000,0.000000,-0.216514,0.000000,0.000000,-1.138999,0.000000,0.000000,0.000000,0.000000,0.000000,0.000000,0.000000,0.000000,0.000000,0.000000,-0.099596,0.000000,0.000000,-0.581231,0.000000,0.000000,0.000000,0.000000,0.000000,0.000000,0.000000,0.000000,0.000000,0.000000,0.000000,0.000000,0.000000,0.000008,-0.011832,0.000001,-0.000001,-0.071806,0.000000,0.000000,0.000000,0.000000,0.000000,0.000000,0.000000,0.000000,-0.000001,-0.000002,-0.011416,-0.000008,-0.000000,-0.077102,0.000000,-0.000000,-0.000000,-0.000000,-0.000000,-0.000000,-0.000000,-0.000003,0.000001,0.000015,-0.022377,0.000000,-0.000000,-0.146133
4.660000,-0.240345,0.000000,0.000000,-1.278093,0.000000,0.000000,0.000000,0.000000,0.000000,0.000000,0.000000,0.000000,0.000000,0.000000,-0.206933,0.000000,0.000000,-1.120297,0.000000,0.000000,0.000000,0.000000,0.000000,0.000000,0.000000,0.000000,0.000000,0.000000,-0.094546,0.000000,0.000000,-0.568266,0.000000,0.000000,0.000000,0.000000,0.000000,0.000000,0.000000,0.000000,0.000000,0.000000,0.000000,0.000000,0.000000,0.000008,-0.011473,0.000001,-0.000001,-0.071802,0.000000,0.000000,0.000000,0.000000,0.000000,0.000000,0.000000,0.000000,-0.000001,-0.000002,-0.011063,-0.000008,-0.000000,-0.077098,0.000000,0.000000,0.000000,0.000000,0.000000,0.000000,0.000000,-0.000003,0.000001,0.000015,-0.021704,0.000000,-0.000000,-0.146125
4.670000,-0.229522,0.000000,0.000000,-1.256690,0.000000,0.000000,0.000000,0.000000,0.000000,0.000000,0.000000,0.000000,0.000000,0.000000,-0.197422,0.000000,0.000000,-1.100710,0.000000,0.000000,0.000000,0.000000,0.000000,0.000000,0.000000,0.000000,0.000000,0.000000,-0.089580,0.000000,0.000000,-0.555037,0.000000,0.000000,0.000000,0.000000,0.000000,0.000000,0.000000,0.000000,0.000000,0.000000,0.000000,0.000000,0.000000,0.000007,-0.011114,0.000001,-0.000001,-0.071797,0.000000,0.000000,0.000000,0.000000,0.000000,0.000000,0.000000,0.000000,-0.000001,-0.000002,-0.010709,-0.000008,-0.000000,-0.077093,0.000000,0.000000,0.000000,0.000000,0.000000,0.000000,0.000000,-0.000003,0.000001,0.000014,-0.021030,0.000000,-0.000000,-0.146116
4.680000,-0.218766,0.000000,0.000000,-1.234103,0.000000,0.000000,0.000000,0.000000,0.000000,0.000000,0.000000,0.000000,0.000000,0.000000,-0.187988,0.000000,0.000000,-1.080204,0.000000,0.000000,0.000000,0.000000,0.000000,0.000000,0.000000,0.000000,0.000000,0.000000,-0.084705,0.000000,0.000000,-0.541543,0.000000,0.000000,0.000000,0.000000,0.000000,0.000000,0.000000,0.000000,0.000000,0.000000,0.000000,0.000000,0.000000,0.000007,-0.010754,0.000001,-0.000001,-0.071792,0.000000,0.000000,0.000000,0.000000,0.000000,0.000000,0.000000,0.000000,-0.000001,-0.000001,-0.010355,-0.000008,-0.000000,-0.077089,0.000000,0.000000,0.000000,0.000000,0.000000,0.000000,0.000000,-0.000003,0.000001,0.000014,-0.020355,0.000000,-0.000000,-0.146107
4.690000,-0.208085,0.000000,0.000000,-1.210277,0.000000,0.000000,0.000000,0.000000,0.000000,0.000000,0.000000,0.000000,0.000000,0.000000,-0.178639,0.000000,0.000000,-1.058746,0.000000,0.000000,0.000000,0.000000,0.000000,0.000000,0.000000,0.000000,0.000000,0.000000,-0.079922,0.000000,0.000000,-0.527782,0.000000,0.000000,0.000000,0.000000,0.000000,0.000000,0.000000,0.000000,0.000000,0.000000,0.000000,0.000000,0.000000,0.000007,-0.010394,0.000001,-0.000001,-0.071788,0.000000,0.000000,0.000000,0.000000,0.000000,0.000000,0.000000,0.000000,-0.000001,-0.000001,-0.010000,-0.000007,-0.000000,-0.077084,0.000000,0.000000,0.000000,0.000000,0.000000,0.000000,0.000000,-0.000003,0.000001,0.000013,-0.019678,0.000000,-0.000000,-0.146098
4.700000,-0.197489,0.000000,0.000000,-1.185157,0.000000,0.000000,-0.000000,0.000000,-0.000000,0.000000,0.000000,-0.000000,-0.000000,0.000000,-0.169383,0.000000,0.000000,-1.036302,0.000000,0.000000,0.000000,0.000000,0.000000,0.000000,0.000000,0.000000,0.000000,0.000000,-0.075238,0.000000,0.000000,-0.513754,0.000000,0.000000,0.000000,0.000000,0.000000,0.000000,0.000000,0.000000,0.000000,0.000000,0.000000,0.000000,0.000000,0.000007,-0.010033,0.000001,-0.000001,-0.071783,0.000000,0.000000,0.000000,0.000000,0.000000,0.000000,0.000000,0.000000,-0.000000,-0.000001,-0.009645,-0.000007,-0.000000,-0.077080,0.000000,-0.000000,-0.000000,-0.000000,-0.000000,-0.000000,-0.000000,-0.000002,0.000001,0.000013,-0.019001,0.000000,-0.000000,-0.146089
4.710000,-0.186988,0.000000,0.000000,-1.158690,0.000000,0.000000,0.000000,0.000000,0.000000,0.000000,0.000000,0.000000,0.000000,0.000000,-0.160232,0.000000,0.000000,-1.012841,0.000000,0.000000,0.000000,0.000000,0.000000,0.000000,0.000000,0.000000,0.000000,0.000000,-0.070655,0.000000,0.000000,-0.499461,0.000000,0.000000,0.000000,0.000000,0.000000,0.000000,0.000000,0.000000,0.000000,0.000000,0.000000,0.000000,0.000000,0.000006,-0.009672,0.000001,-0.000000,-0.071779,0.000000,0.000000,0.000000,0.000000,0.000000,0.000000,0.000000,0.000000,-0.000000,-0.000001,-0.009289,-0.000007,-0.000000,-0.077075,0.000000,0.000000,0.000000,0.000000,0.000000,0.000000,0.000000,-0.000002,0.000001,0.000012,-0.018323,0.000000,-0.000000,-0.146080
4.720000,-0.176592,0.000000,0.000000,-1.130824,0.000000,0.000000,0.000000,0.000000,0.000000,0.000000,0.000000,0.000000,0.000000,0.000000,-0.151193,0.000000,0.000000,-0.988331,0.000000,0.000000,0.000000,0.000000,0.000000,0.000000,0.000000,0.000000,0.000000,0.000000,-0.066179,0.000000,0.000000,-0.484901,0.000000,0.000000,0.000000,0.000000,0.000000,0.000000,0.000000,0.000000,0.000000,0.000000,0.000000,0.000000,0.000000,0.000006,-0.009310,0.000001,-0.000000,-0.071774,0.000000,0.000000,0.000000,0.000000,0.000000,0.000000,0.000000,0.000000,-0.000000,-0.000001,-0.008933,-0.000007,-0.000000,-0.077071,0.000000,0.000000,0.000000,0.000000,0.000000,0.000000,0.000000,-0.000002,0.000001,0.000012,-0.017643,0.000000,-0.000000,-0.146071
4.730000,-0.166316,0.000000,0.000000,-1.101507,0.000000,0.000000,0.000000,0.000000,0.000000,0.000000,0.000000,0.000000,0.000000,0.000000,-0.142279,0.000000,0.000000,-0.962745,0.000000,0.000000,0.000000,0.000000,0.000000,0.000000,0.000000,0.000000,0.000000,0.000000,-0.061813,0.000000,0.000000,-0.470077,0.000000,0.000000,0.000000,0.000000,0.000000,0.000000,0.000000,0.000000,0.000000,0.000000,0.000000,0.000000,0.000000,0.000006,-0.008947,0.000001,-0.000000,-0.071770,0.000000,0.000000,0.000000,0.000000,0.000000,0.000000,0.000000,0.000000,-0.000000,-0.000001,-0.008576,-0.000006,-0.000000,-0.077066,0.000000,0.000000,0.000000,0.000000,0.000000,0.000000,0.000000,-0.000002,0.000001,0.000011,-0.016963,0.000000,-0.000000,-0.146062
4.740000,-0.156170,0.000000,0.000000,-1.070691,0.000000,0.000000,0.000000,0.000000,0.000000,0.000000,0.000000,0.000000,0.000000,0.000000,-0.133499,0.000000,0.000000,-0.936054,0.000000,0.000000,0.000000,0.000000,0.000000,0.000000,0.000000,0.000000,0.000000,0.000000,-0.057562,0.000000,0.000000,-0.454989,0.000000,0.000000,0.000000,0.000000,0.000000,0.000000,0.000000,0.000000,0.000000,0.000000,0.000000,0.000000,0.000000,0.000006,-0.008584,0.000001,-0.000000,-0.071765,0.000000,0.000000,0.000000,0.000000,0.000000,0.000000,0.000000,0.000000,-0.000000,-0.000001,-0.008219,-0.000006,-0.000000,-0.077062,0.000000,0.000000,0.000000,0.000000,0.000000,0.000000,0.000000,-0.000002,0.000001,0.000011,-0.016282,0.000000,-0.000000,-0.146053
4.750000,-0.146170,0.000000,0.000000,-1.038333,0.000000,0.000000,-0.000000,0.000000,-0.000000,0.000000,0.000000,-0.000000,-0.000000,0.000000,-0.124867,0.000000,0.000000,-0.908234,0.000000,0.000000,0.000000,0.000000,0.000000,0.000000,0.000000,0.000000,0.000000,0.000000,-0.053430,0.000000,0.000000,-0.439641,0.000000,0.000000,0.000000,0.000000,0.000000,0.000000,0.000000,0.000000,0.000000,0.000000,0.000000,0.000000,0.000000,0.000005,-0.008221,0.000001,-0.000000,-0.071760,0.000000,0.000000,0.000000,0.000000,0.000000,0.000000,0.000000,0.000000,-0.000000,-0.000001,-0.007861,-0.000006,-0.000000,-0.077057,0.000000,-0.000000,-0.000000,-0.000000,-0.000000,-0.000000,-0.000000,-0.000002,0.000001,0.000010,-0.015601,0.000000,-0.000000,-0.146044
4.760000,-0.136331,0.000000,0.000000,-1.004392,0.000000,0.000000,0.000000,0.000000,0.000000,0.000000,0.000000,0.000000,0.000000,0.000000,-0.116394,0.000000,0.000000,-0.879264,0.000000,0.000000,0.000000,0.000000,0.000000,0.000000,0.000000,0.000000,0.000000,0.000000,-0.049422,0.000000,0.000000,-0.424033,0.000000,0.000000,0.000000,0.000000,0.000000,0.000000,0.000000,0.000000,0.000000,0.000000,0.000000,0.000000,0.000000,0.000005,-0.007857,0.000001,-0.000000,-0.071756,0.000000,0.000000,0.000000,0.000000,0.000000,0.000000,0.000000,0.000000,-0.000000,-0.000001,-0.007503,-0.000006,-0.000000,-0.077053,0.000000,0.000000,0.000000,0.000000,0.000000,0.000000,0.000000,-0.000002,0.000001,0.000010,-0.014918,0.000000,-0.000000,-0.146036
4.770000,-0.126669,0.000000,0.000000,-0.968831,0.000000,0.000000,0.000000,0.000000,0.000000,0.000000,0.000000,0.000000,0.000000,0.000000,-0.108094,0.000000,0.000000,-0.849126,0.000000,0.000000,0.000000,0.000000,0.000000,0.000000,0.000000,0.000000,0.000000,0.000000,-0.045541,0.000000,0.000000,-0.408170,0.000000,0.000000,0.000000,0.000000,0.000000,0.000000,0.000000,0.000000,0.000000,0.000000,0.000000,0.000000,0.000000,0.000005,-0.007492,0.000001,-0.000000,-0.071751,0.000000,0.000000,0.000000,0.000000,0.000000,0.000000,0.000000,0.000000,-0.000000,-0.000001,-0.007145,-0.000005,-0.000000,-0.077048,0.000000,0.000000,0.000000,0.000000,0.000000,0.000000,0.000000,-0.000002,0.000001,0.000009,-0.014235,0.000000,-0.000000,-0.146027
4.780000,-0.117201,0.000000,0.000000,-0.931619,0.000000,0.000000,0.000000,0.000000,0.000000,0.000000,0.000000,0.000000,0.000000,0.000000,-0.099980,0.000000,0.000000,-0.817804,0.000000,0.000000,0.000000,0.000000,0.000000,0.000000,0.000000,0.000000,0.000000,0.000000,-0.041792,0.000000,0.000000,-0.392055,0.000000,0.000000,0.000000,0.000000,0.000000,0.000000,0.000000,0.000000,0.000000,0.000000,0.000000,0.000000,0.000000,0.000005,-0.007127,0.000001,-0.000000,-0.071747,0.000000,0.000000,0.000000,0.000000,0.000000,0.000000,0.000000,0.000000,-0.000000,-0.000001,-0.006786,-0.000005,-0.000000,-0.077044,0.000000,0.000000,0.000000,0.000000,0.000000,0.000000,0.000000,-0.000002,0.000001,0.000009,-0.013550,0.000000,-0.000000,-0.146018
4.790000,-0.107946,0.000000,0.000000,-0.892733,0.000000,0.000000,0.000000,0.000000,0.000000,0.000000,0.000000,0.000000,0.000000,0.000000,-0.092067,0.000000,0.000000,-0.785287,0.000000,0.000000,0.000000,0.000000,0.000000,0.000000,0.000000,0.000000,0.000000,0.000000,-0.038180,0.000000,0.000000,-0.375691,0.000000,0.000000,0.000000,0.000000,0.000000,0.000000,0.000000,0.000000,0.000000,0.000000,0.000000,0.000000,0.000000,0.000004,-0.006762,0.000001,-0.000000,-0.071742,0.000000,0.000000,0.000000,0.000000,0.000000,0.000000,0.000000,0.000000,-0.000000,-0.000001,-0.006427,-0.000005,-0.000000,-0.077039,0.000000,0.000000,0.000000,0.000000,0.000000,0.000000,0.000000,-0.000002,0.000001,0.000008,-0.012866,0.000000,-0.000000,-0.146009
4.800000,-0.098923,0.000000,0.000000,-0.852156,0.000000,0.000000,-0.000000,0.000000,-0.000000,0.000000,0.000000,-0.000000,-0.000000,0.000000,-0.084370,0.000000,0.000000,-0.751571,0.000000,0.000000,0.000000,0.000000,0.000000,0.000000,0.000000,0.000000,0.000000,0.000000,-0.034708,0.000000,0.000000,-0.359085,0.000000,0.000000,0.000000,0.000000,0.000000,0.000000,0.000000,0.000000,0.000000,0.000000,0.000000,0.000000,0.000000,0.000004,-0.006397,0.000001,-0.000000,-0.071737,0.000000,0.000000,0.000000,0.000000,0.000000,0.000000,0.000000,0.000000,-0.000000,-0.000001,-0.006068,-0.000005,-0.000000,-0.077035,0.000000,-0.000000,-0.000000,-0.000000,-0.000000,-0.000000,-0.000000,-0.000002,0.000001,0.000008,-0.012180,0.000000,-0.000000,-0.146000
4.810000,-0.090145,0.000000,0.000000,-0.809461,0.000000,0.000000,0.000000,0.000000,0.000000,0.000000,0.000000,0.000000,0.000000,0.000000,-0.076897,0.000000,0.000000,-0.716319,0.000000,0.000000,0.000000,0.000000,0.000000,0.000000,0.000000,0.000000,0.000000,0.000000,-0.031378,0.000000,0.000000,-0.342108,0.000000,0.000000,0.000000,0.000000,0.000000,0.000000,0.000000,0.000000,0.000000,0.000000,0.000000,0.000000,0.000000,0.000004,-0.006029,0.000001,-0.000000,-0.071733,0.000000,0.000000,0.000000,0.000000,0.000000,0.000000,0.000000,0.000000,-0.000000,-0.000001,-0.005708,-0.000004,-0.000000,-0.077030,0.000000,0.000000,0.000000,0.000000,0.000000,0.000000,0.000000,-0.000001,0.000001,0.000007,-0.011489,0.000000,-0.000000,-0.145989
4.820000,-0.081643,0.000000,0.000000,-0.765203,0.000000,0.000000,0.000000,0.000000,0.000000,0.000000,0.000000,0.000000,0.000000,0.000000,-0.069673,0.000000,0.000000,-0.679979,0.000000,0.000000,0.000000,0.000000,0.000000,0.000000,0.000000,0.000000,0.000000,0.000000,-0.028199,0.000000,0.000000,-0.324941,0.000000,0.000000,0.000000,0.000000,0.000000,0.000000,0.000000,0.000000,0.000000,0.000000,0.000000,0.000000,0.000000,0.000004,-0.005661,0.000001,-0.000000,-0.071728,0.000000,0.000000,0.000000,0.000000,0.000000,0.000000,0.000000,0.000000,-0.000000,-0.000001,-0.005347,-0.000004,-0.000000,-0.077025,0.000000,0.000000,0.000000,0.000000,0.000000,0.000000,0.000000,-0.000001,0.000001,0.000007,-0.010799,0.000000,-0.000000,-0.145979
4.830000,-0.073442,0.000000,0.000000,-0.719497,0.000000,0.000000,0.000000,0.000000,0.000000,0.000000,0.000000,0.000000,0.000000,0.000000,-0.062717,0.000000,0.000000,-0.642643,0.000000,0.000000,0.000000,0.000000,0.000000,0.000000,0.000000,0.000000,0.000000,0.000000,-0.025173,0.000000,0.000000,-0.307625,0.000000,0.000000,0.000000,0.000000,0.000000,0.000000,0.000000,0.000000,0.000000,0.000000,0.000000,0.000000,0.000000,0.000003,-0.005295,0.000001,-0.000000,-0.071723,0.000000,0.000000,0.000000,0.000000,0.000000,0.000000,0.000000,0.000000,-0.000000,-0.000001,-0.004987,-0.000004,-0.000000,-0.077020,0.000000,0.000000,0.000000,0.000000,0.000000,0.000000,0.000000,-0.000001,0.000001,0.000007,-0.010111,0.000000,-0.000000,-0.145970
4.840000,-0.065564,0.000000,0.000000,-0.672408,0.000000,0.000000,0.000000,0.000000,0.000000,0.000000,0.000000,0.000000,0.000000,0.000000,-0.056046,0.000000,0.000000,-0.604365,0.000000,0.000000,0.000000,0.000000,0.000000,0.000000,0.000000,0.000000,0.000000,0.000000,-0.022305,0.000000,0.000000,-0.290180,0.000000,0.000000,0.000000,0.000000,0.000000,0.000000,0.000000,0.000000,0.000000,0.000000,0.000000,0.000000,0.000000,0.000003,-0.004929,0.000001,-0.000000,-0.071719,0.000000,0.000000,0.000000,0.000000,0.000000,0.000000,0.000000,0.000000,-0.000000,-0.000001,-0.004627,-0.000003,-0.000000,-0.077016,0.000000,0.000000,0.000000,0.000000,0.000000,0.000000,0.000000,-0.000001,0.000000,0.000006,-0.009426,0.000000,-0.000000,-0.145962
4.850000,-0.058032,0.000000,0.000000,-0.623935,0.000000,0.000000,-0.000000,0.000000,-0.000000,0.000000,0.000000,-0.000000,-0.000000,0.000000,-0.049677,0.000000,0.000000,-0.565139,0.000000,0.000000,0.000000,0.000000,0.000000,0.000000,0.000000,0.000000,0.000000,0.000000,-0.019600,0.000000,0.000000,-0.272602,0.000000,0.000000,0.000000,0.000000,0.000000,0.000000,0.000000,0.000000,0.000000,0.000000,0.000000,0.000000,0.000000,0.000003,-0.004563,0.000001,-0.000000,-0.071714,0.000000,0.000000,0.000000,0.000000,0.000000,0.000000,0.000000,0.000000,-0.000000,-0.000001,-0.004266,-0.000003,-0.000000,-0.077012,0.000000,-0.000000,-0.000000,-0.000000,-0.000000,-0.000000,-0.000000,-0.000001,0.000000,0.000006,-0.008743,0.000000,-0.000000,-0.145954
4.860000,-0.050868,0.000000,0.000000,-0.573998,0.000000,0.000000,0.000000,0.000000,0.000000,0.000000,0.000000,0.000000,0.000000,0.000000,-0.043623,0.000000,0.000000,-0.524898,0.000000,0.000000,0.000000,0.000000,0.000000,0.000000,0.000000,0.000000,0.000000,0.000000,-0.017059,0.000000,0.000000,-0.254863,0.000000,0.000000,0.000000,0.000000,0.000000,0.000000,0.000000,0.000000,0.000000,0.000000,0.000000,0.000000,0.000000,0.000003,-0.004198,0.000001,-0.000000,-0.071710,0.000000,0.000000,0.000000,0.000000,0.000000,0.000000,0.000000,0.000000,-0.000000,-0.000001,-0.003905,-0.000003,-0.000000,-0.077008,0.000000,0.000000,0.000000,0.000000,0.000000,0.000000,0.000000,-0.000001,0.000000,0.000005,-0.008061,0.000000,-0.000000,-0.145948
4.870000,-0.044092,0.000000,0.000000,-0.522453,0.000000,0.000000,0.000000,0.000000,0.000000,0.000000,0.000000,0.000000,0.000000,0.000000,-0.037899,0.000000,0.000000,-0.483516,0.000000,0.000000,0.000000,0.000000,0.000000,0.000000,0.000000,0.000000,0.000000,0.000000,-0.014686,0.000000,0.000000,-0.236906,0.000000,0.000000,0.000000,0.000000,0.000000,0.000000,0.000000,0.000000,0.000000,0.000000,0.000000,0.000000,0.000000,0.000002,-0.003833,0.000000,-0.000000,-0.071706,0.000000,0.000000,0.000000,0.000000,0.000000,0.000000,0.000000,0.000000,-0.000000,-0.000001,-0.003543,-0.000003,-0.000000,-0.077004,0.000000,0.000000,0.000000,0.000000,0.000000,0.000000,0.000000,-0.000001,0.000000,0.000005,-0.007378,0.000000,-0.000000,-0.145941
4.880000,-0.037724,0.000000,0.000000,-0.469114,0.000000,0.000000,0.000000,0.000000,0.000000,0.000000,0.000000,0.000000,0.000000,0.000000,-0.032516,0.000000,0.000000,-0.440835,0.000000,0.000000,0.000000,0.000000,0.000000,0.000000,0.000000,0.000000,0.000000,0.000000,-0.012482,0.000000,0.000000,-0.218661,0.000000,0.000000,0.000000,0.000000,0.000000,0.000000,0.000000,0.000000,0.000000,0.000000,0.000000,0.000000,0.000000,0.000002,-0.003465,0.000000,-0.000000,-0.071701,0.000000,0.000000,0.000000,0.000000,0.000000,0.000000,0.000000,0.000000,-0.000000,-0.000000,-0.003181,-0.000002,-0.000000,-0.077000,0.000000,0.000000,0.000000,0.000000,0.000000,0.000000,0.000000,-0.000001,0.000000,0.000004,-0.006691,0.000000,-0.000000,-0.145933
4.890000,-0.031782,0.000000,0.000000,-0.413809,0.000000,0.000000,0.000000,0.000000,0.000000,0.000000,0.000000,0.000000,0.000000,0.000000,-0.027486,0.000000,0.000000,-0.396704,0.000000,0.000000,0.000000,0.000000,0.000000,0.000000,0.000000,0.000000,0.000000,0.000000,-0.010450,0.000000,0.000000,-0.200058,0.000000,0.000000,0.000000,0.000000,0.000000,0.000000,0.000000,0.000000,0.000000,0.000000,0.000000,0.000000,0.000000,0.000002,-0.003096,0.000000,-0.000000,-0.071696,0.000000,0.000000,0.000000,0.000000,0.000000,0.000000,0.000000,0.000000,-0.000000,-0.000000,-0.002819,-0.000002,-0.000000,-0.076995,0.000000,0.000000,0.000000,0.000000,0.000000,0.000000,0.000000,-0.000001,0.000000,0.000004,-0.005997,0.000000,-0.000000,-0.145923
4.900000,-0.026286,0.000000,0.000000,-0.356457,0.000000,0.000000,-0.000000,0.000000,-0.000000,0.000000,0.000000,-0.000000,-0.000000,0.000000,-0.022823,0.000000,0.000000,-0.351041,0.000000,0.000000,0.000000,0.000000,0.000000,0.000000,0.000000,0.000000,0.000000,0.000000,-0.008591,0.000000,0.000000,-0.181053,0.000000,0.000000,0.000000,0.000000,0.000000,0.000000,0.000000,0.000000,0.000000,0.000000,0.000000,0.000000,0.000000,0.000002,-0.002723,0.000000,-0.000000,-0.071691,0.000000,0.000000,0.000000,0.000000,0.000000,0.000000,0.000000,0.000000,-0.000000,-0.000000,-0.002459,-0.000002,-0.000000,-0.076989,0.000000,-0.000000,-0.000000,-0.000000,-0.000000,-0.000000,-0.000000,-0.000001,0.000000,0.000003,-0.005294,0.000000,-0.000000,-0.145909
4.910000,-0.021260,0.000000,0.000000,-0.297179,0.000000,0.000000,0.000000,0.000000,0.000000,0.000000,0.000000,0.000000,0.000000,0.000000,-0.018542,0.000000,0.000000,-0.303922,0.000000,0.000000,0.000000,0.000000,0.000000,0.000000,0.000000,0.000000,0.000000,0.000000,-0.006908,0.000000,0.000000,-0.161661,0.000000,0.000000,0.000000,0.000000,0.000000,0.000000,0.000000,0.000000,0.000000,0.000000,0.000000,0.000000,0.000000,0.000001,-0.002349,0.000000,-0.000000,-0.071685,0.000000,0.000000,0.000000,0.000000,0.000000,0.000000,0.000000,0.000000,-0.000000,-0.000000,-0.002103,-0.000002,-0.000000,-0.076981,0.000000,0.000000,0.000000,0.000000,0.000000,0.000000,0.000000,-0.000001,0.000000,0.000003,-0.004583,0.000000,-0.000000,-0.145890
4.920000,-0.016731,0.000000,0.000000,-0.236445,0.000000,0.000000,0.000000,0.000000,0.000000,0.000000,0.000000,0.000000,0.000000,0.000000,-0.014665,0.000000,0.000000,-0.255700,0.000000,0.000000,0.000000,0.000000,0.000000,0.000000,0.000000,0.000000,0.000000,0.000000,-0.005407,0.000000,0.000000,-0.142006,0.000000,0.000000,0.000000,0.000000,0.000000,0.000000,0.000000,0.000000,0.000000,0.000000,0.000000,0.000000,0.000000,0.000001,-0.001976,0.000000,-0.000000,-0.071678,0.000000,0.000000,0.000000,0.000000,0.000000,0.000000,0.000000,0.000000,-0.000000,-0.000000,-0.001756,-0.000001,-0.000000,-0.076970,0.000000,0.000000,0.000000,0.000000,0.000000,0.000000,0.000000,-0.000000,0.000000,0.000002,-0.003867,0.000000,-0.000000,-0.145864
4.930000,-0.012735,0.000000,0.000000,-0.175257,0.000000,0.000000,0.000000,0.000000,0.000000,0.000000,0.000000,0.000000,0.000000,0.000000,-0.011221,0.000000,0.000000,-0.207152,0.000000,0.000000,0.000000,0.000000,0.000000,0.000000,0.000000,0.000000,0.000000,0.000000,-0.004094,0.000000,0.000000,-0.122376,0.000000,0.000000,0.000000,0.000000,0.000000,0.000000,0.000000,0.000000,0.000000,0.000000,0.000000,0.000000,0.000000,0.000001,-0.001609,0.000000,-0.000000,-0.071670,0.000000,0.000000,0.000000,0.000000,0.000000,0.000000,0.000000,0.000000,-0.000000,-0.000000,-0.001423,-0.000001,-0.000000,-0.076957,0.000000,0.000000,0.000000,0.000000,0.000000,0.000000,0.000000,-0.000000,0.000000,0.000002,-0.003158,0.000000,-0.000000,-0.145831
4.940000,-0.009319,0.000000,0.000000,-0.115382,0.000000,0.000000,0.000000,0.000000,0.000000,0.000000,0.000000,0.000000,0.000000,0.000000,-0.008253,0.000000,0.000000,-0.159659,0.000000,0.000000,0.000000,0.000000,0.000000,0.000000,0.000000,0.000000,0.000000,0.000000,-0.002981,0.000000,0.000000,-0.103298,0.000000,0.000000,0.000000,0.000000,0.000000,0.000000,0.000000,0.000000,0.000000,0.000000,0.000000,0.000000,0.000000,0.000001,-0.001259,0.000000,-0.000000,-0.071662,0.000000,0.000000,0.000000,0.000000,0.000000,0.000000,0.000000,0.000000,-0.000000,-0.000000,-0.001114,-0.000001,-0.000000,-0.076942,0.000000,0.000000,0.000000,0.000000,0.000000,0.000000,0.000000,-0.000000,0.000000,0.000001,-0.002471,0.000000,-0.000000,-0.145791
4.950000,-0.006548,0.000000,0.000000,-0.059627,0.000000,0.000000,-0.000000,0.000000,-0.000000,0.000000,0.000000,-0.000000,-0.000000,0.000000,-0.005820,0.000000,0.000000,-0.115433,0.000000,0.000000,0.000000,0.000000,0.000000,0.000000,0.000000,0.000000,0.000000,0.000000,-0.002085,0.000000,0.000000,-0.085626,0.000000,0.000000,0.000000,0.000000,0.000000,0.000000,0.000000,0.000000,0.000000,0.000000,0.000000,0.000000,0.000000,0.000001,-0.000939,0.000000,-0.000000,-0.071653,0.000000,0.000000,0.000000,0.000000,0.000000,0.000000,0.000000,0.000000,-0.000000,-0.000000,-0.000841,-0.000001,-0.000000,-0.076925,0.000000,-0.000000,-0.000000,-0.000000,-0.000000,-0.000000,-0.000000,-0.000000,0.000000,0.000001,-0.001839,0.000000,-0.000000,-0.145747
4.960000,-0.004508,0.000000,0.000000,-0.012163,0.000000,0.000000,0.000000,0.000000,0.000000,0.000000,0.000000,0.000000,0.000000,0.000000,-0.004007,0.000000,0.000000,-0.077774,0.000000,0.000000,0.000000,0.000000,0.000000,0.000000,0.000000,0.000000,0.000000,0.000000,-0.001430,0.000000,0.000000,-0.070641,0.000000,0.000000,0.000000,0.000000,0.000000,0.000000,0.000000,0.000000,0.000000,0.000000,0.000000,0.000000,0.000000,0.000000,-0.000673,0.000000,-0.000000,-0.071644,0.000000,0.000000,0.000000,0.000000,0.000000,0.000000,0.000000,0.000000,-0.000000,-0.000000,-0.000621,-0.000001,-0.000000,-0.076909,0.000000,0.000000,0.000000,0.000000,0.000000,0.000000,0.000000,-0.000000,0.000000,0.000001,-0.001304,0.000000,-0.000000,-0.145703
4.970000,-0.003314,0.000000,0.000000,0.021087,0.000000,0.000000,0.000000,0.000000,0.000000,0.000000,0.000000,0.000000,0.000000,0.000000,-0.002925,0.000000,0.000000,-0.051377,0.000000,0.000000,0.000000,0.000000,0.000000,0.000000,0.000000,0.000000,0.000000,0.000000,-0.001049,0.000000,0.000000,-0.060179,0.000000,0.000000,0.000000,0.000000,0.000000,0.000000,0.000000,0.000000,0.000000,0.000000,0.000000,0.000000,0.000000,0.000000,-0.000491,0.000000,-0.000000,-0.071638,0.000000,0.000000,0.000000,0.000000,0.000000,0.000000,0.000000,0.000000,-0.000000,-0.000000,-0.000477,-0.000000,-0.000000,-0.076896,0.000000,0.000000,0.000000,0.000000,0.000000,0.000000,0.000000,-0.000000,0.000000,0.000001,-0.000933,0.000000,-0.000000,-0.145667
4.980000,-0.003117,0.000000,0.000000,0.032011,0.000000,0.000000,0.000000,0.000000,0.000000,0.000000,0.000000,0.000000,0.000000,0.000000,-0.002726,0.000000,0.000000,-0.042688,0.000000,0.000000,0.000000,0.000000,0.000000,0.000000,0.000000,0.000000,0.000000,0.000000,-0.000989,0.000000,0.000000,-0.056765,0.000000,0.000000,0.000000,0.000000,0.000000,0.000000,0.000000,0.000000,0.000000,0.000000,0.000000,0.000000,0.000000,0.000000,-0.000434,0.000000,-0.000000,-0.071635,0.000000,0.000000,0.000000,0.000000,0.000000,0.000000,0.000000,0.000000,-0.000000,-0.000000,-0.000440,-0.000000,-0.000000,-0.076890,0.000000,0.000000,0.000000,0.000000,0.000000,0.000000,0.000000,-0.000000,0.000000,0.000000,-0.000813,0.000000,-0.000000,-0.145650
4.990000,-0.004111,0.000000,0.000000,0.009799,0.000000,0.000000,0.000000,0.000000,0.000000,0.000000,0.000000,0.000000,0.000000,0.000000,-0.003606,0.000000,0.000000,-0.060304,0.000000,0.000000,0.000000,0.000000,0.000000,0.000000,0.000000,0.000000,0.000000,0.000000,-0.001308,0.000000,0.000000,-0.063777,0.000000,0.000000,0.000000,0.000000,0.000000,0.000000,0.000000,0.000000,0.000000,0.000000,0.000000,0.000000,0.000000,0.000000,-0.000560,0.000000,-0.000000,-0.071639,0.000000,0.000000,0.000000,0.000000,0.000000,0.000000,0.000000,0.000000,-0.000000,-0.000000,-0.000545,-0.000000,-0.000000,-0.076897,0.000000,0.000000,0.000000,0.000000,0.000000,0.000000,0.000000,-0.000000,0.000000,0.000001,-0.001063,0.000000,-0.000000,-0.145669
5.000000,-0.006548,0.000000,0.000000,-0.059627,0.000000,0.000000,-0.000000,0.000000,-0.000000,0.000000,0.000000,-0.000000,-0.000000,0.000000,-0.005820,0.000000,0.000000,-0.115433,0.000000,0.000000,0.000000,0.000000,0.000000,0.000000,0.000000,0.000000,0.000000,0.000000,-0.002085,0.000000,0.000000,-0.085626,0.000000,0.000000,0.000000,0.000000,0.000000,0.000000,0.000000,0.000000,0.000000,0.000000,0.000000,0.000000,0.000000,0.000001,-0.000939,0.000000,-0.000000,-0.071653,0.000000,0.000000,0.000000,0.000000,0.000000,0.000000,0.000000,0.000000,-0.000000,-0.000000,-0.000841,-0.000001,-0.000000,-0.076925,0.000000,-0.000000,-0.000000,-0.000000,-0.000000,-0.000000,-0.000000,-0.000000,0.000000,0.000001,-0.001839,0.000000,-0.000000,-0.145747
